status,protocol_id,method,subject_id,generator_seed,classifier_seed,selected_epoch,validation_misclass,test_misclass,n_real_train_trials,n_synthetic_train_trials,n_valid_trials,n_test_trials,n_channels,n_times,train_data_type,split_file,train_data_file,runtime_seconds,notes,error
success,vae_repo_90_10_seed42,baseline,1,,0,67,0.06896551724137934,0.20486111111111116,259,0,29,288,22,1000,real,/home/jovyan/eeg-repro/high-gamma-data/data/processed/vae_repo_90_10_seed42/real_splits/S01_real_splits.npz,,43.74615952000022,Real training EEG from the central split; validation and official test EEG are real.,
success,vae_repo_90_10_seed42,baseline,1,,1,60,0.06896551724137934,0.20486111111111116,259,0,29,288,22,1000,real,/home/jovyan/eeg-repro/high-gamma-data/data/processed/vae_repo_90_10_seed42/real_splits/S01_real_splits.npz,,38.78677014634013,Real training EEG from the central split; validation and official test EEG are real.,
success,vae_repo_90_10_seed42,baseline,1,,2,54,0.10344827586206895,0.20833333333333337,259,0,29,288,22,1000,real,/home/jovyan/eeg-repro/high-gamma-data/data/processed/vae_repo_90_10_seed42/real_splits/S01_real_splits.npz,,42.50937933847308,Real training EEG from the central split; validation and official test EEG are real.,
success,vae_repo_90_10_seed42,baseline,2,,0,49,0.4137931034482759,0.45138888888888884,259,0,29,288,22,1000,real,/home/jovyan/eeg-repro/high-gamma-data/data/processed/vae_repo_90_10_seed42/real_splits/S02_real_splits.npz,,35.118257377296686,Real training EEG from the central split; validation and official test EEG are real.,
success,vae_repo_90_10_seed42,baseline,2,,1,50,0.3793103448275862,0.45486111111111116,259,0,29,288,22,1000,real,/home/jovyan/eeg-repro/high-gamma-data/data/processed/vae_repo_90_10_seed42/real_splits/S02_real_splits.npz,,51.61992656067014,Real training EEG from the central split; validation and official test EEG are real.,
success,vae_repo_90_10_seed42,baseline,2,,2,81,0.4137931034482759,0.45833333333333337,259,0,29,288,22,1000,real,/home/jovyan/eeg-repro/high-gamma-data/data/processed/vae_repo_90_10_seed42/real_splits/S02_real_splits.npz,,52.60826510563493,Real training EEG from the central split; validation and official test EEG are real.,
success,vae_repo_90_10_seed42,baseline,3,,0,83,0.03448275862068961,0.16666666666666663,259,0,29,288,22,1000,real,/home/jovyan/eeg-repro/high-gamma-data/data/processed/vae_repo_90_10_seed42/real_splits/S03_real_splits.npz,,53.36080748587847,Real training EEG from the central split; validation and official test EEG are real.,
success,vae_repo_90_10_seed42,baseline,3,,1,45,0.10344827586206895,0.10416666666666663,259,0,29,288,22,1000,real,/home/jovyan/eeg-repro/high-gamma-data/data/processed/vae_repo_90_10_seed42/real_splits/S03_real_splits.npz,,29.70641479641199,Real training EEG from the central split; validation and official test EEG are real.,
success,vae_repo_90_10_seed42,baseline,3,,2,51,0.06896551724137934,0.125,259,0,29,288,22,1000,real,/home/jovyan/eeg-repro/high-gamma-data/data/processed/vae_repo_90_10_seed42/real_splits/S03_real_splits.npz,,35.11103243380785,Real training EEG from the central split; validation and official test EEG are real.,
success,vae_repo_90_10_seed42,baseline,4,,0,61,0.31034482758620685,0.36111111111111116,259,0,29,288,22,1000,real,/home/jovyan/eeg-repro/high-gamma-data/data/processed/vae_repo_90_10_seed42/real_splits/S04_real_splits.npz,,44.23780785873532,Real training EEG from the central split; validation and official test EEG are real.,
success,vae_repo_90_10_seed42,baseline,4,,1,62,0.27586206896551724,0.3159722222222222,259,0,29,288,22,1000,real,/home/jovyan/eeg-repro/high-gamma-data/data/processed/vae_repo_90_10_seed42/real_splits/S04_real_splits.npz,,45.99960025399923,Real training EEG from the central split; validation and official test EEG are real.,
success,vae_repo_90_10_seed42,baseline,4,,2,77,0.2068965517241379,0.3055555555555556,259,0,29,288,22,1000,real,/home/jovyan/eeg-repro/high-gamma-data/data/processed/vae_repo_90_10_seed42/real_splits/S04_real_splits.npz,,59.33627622574568,Real training EEG from the central split; validation and official test EEG are real.,
success,vae_repo_90_10_seed42,baseline,5,,0,84,0.13793103448275867,0.4652777777777778,259,0,29,288,22,1000,real,/home/jovyan/eeg-repro/high-gamma-data/data/processed/vae_repo_90_10_seed42/real_splits/S05_real_splits.npz,,53.948966681957245,Real training EEG from the central split; validation and official test EEG are real.,
success,vae_repo_90_10_seed42,baseline,5,,1,92,0.13793103448275867,0.5694444444444444,259,0,29,288,22,1000,real,/home/jovyan/eeg-repro/high-gamma-data/data/processed/vae_repo_90_10_seed42/real_splits/S05_real_splits.npz,,59.90344202518463,Real training EEG from the central split; validation and official test EEG are real.,
success,vae_repo_90_10_seed42,baseline,5,,2,111,0.10344827586206895,0.75,259,0,29,288,22,1000,real,/home/jovyan/eeg-repro/high-gamma-data/data/processed/vae_repo_90_10_seed42/real_splits/S05_real_splits.npz,,72.88759619370103,Real training EEG from the central split; validation and official test EEG are real.,
success,vae_repo_90_10_seed42,baseline,6,,0,48,0.4482758620689655,0.42013888888888884,259,0,29,288,22,1000,real,/home/jovyan/eeg-repro/high-gamma-data/data/processed/vae_repo_90_10_seed42/real_splits/S06_real_splits.npz,,30.872972078621387,Real training EEG from the central split; validation and official test EEG are real.,
success,vae_repo_90_10_seed42,baseline,6,,1,70,0.4137931034482759,0.4618055555555556,259,0,29,288,22,1000,real,/home/jovyan/eeg-repro/high-gamma-data/data/processed/vae_repo_90_10_seed42/real_splits/S06_real_splits.npz,,46.29787132143974,Real training EEG from the central split; validation and official test EEG are real.,
success,vae_repo_90_10_seed42,baseline,6,,2,66,0.3793103448275862,0.45486111111111116,259,0,29,288,22,1000,real,/home/jovyan/eeg-repro/high-gamma-data/data/processed/vae_repo_90_10_seed42/real_splits/S06_real_splits.npz,,61.467438135296106,Real training EEG from the central split; validation and official test EEG are real.,
success,vae_repo_90_10_seed42,baseline,7,,0,50,0.03448275862068961,0.09375,259,0,29,288,22,1000,real,/home/jovyan/eeg-repro/high-gamma-data/data/processed/vae_repo_90_10_seed42/real_splits/S07_real_splits.npz,,32.305857203900814,Real training EEG from the central split; validation and official test EEG are real.,
success,vae_repo_90_10_seed42,baseline,7,,1,110,0.0,0.1527777777777778,259,0,29,288,22,1000,real,/home/jovyan/eeg-repro/high-gamma-data/data/processed/vae_repo_90_10_seed42/real_splits/S07_real_splits.npz,,72.32998875901103,Real training EEG from the central split; validation and official test EEG are real.,
success,vae_repo_90_10_seed42,baseline,7,,2,63,0.0,0.13541666666666663,259,0,29,288,22,1000,real,/home/jovyan/eeg-repro/high-gamma-data/data/processed/vae_repo_90_10_seed42/real_splits/S07_real_splits.npz,,57.47492732480168,Real training EEG from the central split; validation and official test EEG are real.,
success,vae_repo_90_10_seed42,baseline,8,,0,46,0.2068965517241379,0.22916666666666663,259,0,29,288,22,1000,real,/home/jovyan/eeg-repro/high-gamma-data/data/processed/vae_repo_90_10_seed42/real_splits/S08_real_splits.npz,,30.138802003115416,Real training EEG from the central split; validation and official test EEG are real.,
success,vae_repo_90_10_seed42,baseline,8,,1,41,0.1724137931034483,0.22569444444444442,259,0,29,288,22,1000,real,/home/jovyan/eeg-repro/high-gamma-data/data/processed/vae_repo_90_10_seed42/real_splits/S08_real_splits.npz,,34.728007946163416,Real training EEG from the central split; validation and official test EEG are real.,
success,vae_repo_90_10_seed42,baseline,8,,2,17,0.1724137931034483,0.27083333333333337,259,0,29,288,22,1000,real,/home/jovyan/eeg-repro/high-gamma-data/data/processed/vae_repo_90_10_seed42/real_splits/S08_real_splits.npz,,30.31258400157094,Real training EEG from the central split; validation and official test EEG are real.,
success,vae_repo_90_10_seed42,baseline,9,,0,68,0.06896551724137934,0.2465277777777778,259,0,29,288,22,1000,real,/home/jovyan/eeg-repro/high-gamma-data/data/processed/vae_repo_90_10_seed42/real_splits/S09_real_splits.npz,,44.66887712106109,Real training EEG from the central split; validation and official test EEG are real.,
success,vae_repo_90_10_seed42,baseline,9,,1,67,0.06896551724137934,0.23958333333333337,259,0,29,288,22,1000,real,/home/jovyan/eeg-repro/high-gamma-data/data/processed/vae_repo_90_10_seed42/real_splits/S09_real_splits.npz,,61.48390578851104,Real training EEG from the central split; validation and official test EEG are real.,
success,vae_repo_90_10_seed42,baseline,9,,2,60,0.10344827586206895,0.22916666666666663,259,0,29,288,22,1000,real,/home/jovyan/eeg-repro/high-gamma-data/data/processed/vae_repo_90_10_seed42/real_splits/S09_real_splits.npz,,42.73765765503049,Real training EEG from the central split; validation and official test EEG are real.,
success,vae_repo_90_10_seed42,gaussian_unconditional,1,0,0,0,0.6551724137931034,0.7256944444444444,0,259,29,288,22,1000,synthetic_gaussian,/home/jovyan/eeg-repro/high-gamma-data/data/processed/vae_repo_90_10_seed42/real_splits/S01_real_splits.npz,/home/jovyan/eeg-repro/high-gamma-data/data/generated/vae_repo_90_10_seed42/gaussian/gaussian_unconditional/S01_generator-seed0.npz,19.599809736013412,one mean and standard deviation for all training EEG values; statistics fitted only to the central real training split; validation and test remain real.,
success,vae_repo_90_10_seed42,gaussian_unconditional,1,0,1,27,0.7241379310344828,0.75,0,259,29,288,22,1000,synthetic_gaussian,/home/jovyan/eeg-repro/high-gamma-data/data/processed/vae_repo_90_10_seed42/real_splits/S01_real_splits.npz,/home/jovyan/eeg-repro/high-gamma-data/data/generated/vae_repo_90_10_seed42/gaussian/gaussian_unconditional/S01_generator-seed0.npz,20.56663741916418,one mean and standard deviation for all training EEG values; statistics fitted only to the central real training split; validation and test remain real.,
success,vae_repo_90_10_seed42,gaussian_unconditional,1,0,2,8,0.5862068965517242,0.7222222222222222,0,259,29,288,22,1000,synthetic_gaussian,/home/jovyan/eeg-repro/high-gamma-data/data/processed/vae_repo_90_10_seed42/real_splits/S01_real_splits.npz,/home/jovyan/eeg-repro/high-gamma-data/data/generated/vae_repo_90_10_seed42/gaussian/gaussian_unconditional/S01_generator-seed0.npz,22.42924278974533,one mean and standard deviation for all training EEG values; statistics fitted only to the central real training split; validation and test remain real.,
success,vae_repo_90_10_seed42,gaussian_unconditional,1,1,0,6,0.6551724137931034,0.7569444444444444,0,259,29,288,22,1000,synthetic_gaussian,/home/jovyan/eeg-repro/high-gamma-data/data/processed/vae_repo_90_10_seed42/real_splits/S01_real_splits.npz,/home/jovyan/eeg-repro/high-gamma-data/data/generated/vae_repo_90_10_seed42/gaussian/gaussian_unconditional/S01_generator-seed1.npz,19.488603681325912,one mean and standard deviation for all training EEG values; statistics fitted only to the central real training split; validation and test remain real.,
success,vae_repo_90_10_seed42,gaussian_unconditional,1,1,1,12,0.6896551724137931,0.7743055555555556,0,259,29,288,22,1000,synthetic_gaussian,/home/jovyan/eeg-repro/high-gamma-data/data/processed/vae_repo_90_10_seed42/real_splits/S01_real_splits.npz,/home/jovyan/eeg-repro/high-gamma-data/data/generated/vae_repo_90_10_seed42/gaussian/gaussian_unconditional/S01_generator-seed1.npz,22.408675014972687,one mean and standard deviation for all training EEG values; statistics fitted only to the central real training split; validation and test remain real.,
success,vae_repo_90_10_seed42,gaussian_unconditional,1,1,2,3,0.6206896551724138,0.7361111111111112,0,259,29,288,22,1000,synthetic_gaussian,/home/jovyan/eeg-repro/high-gamma-data/data/processed/vae_repo_90_10_seed42/real_splits/S01_real_splits.npz,/home/jovyan/eeg-repro/high-gamma-data/data/generated/vae_repo_90_10_seed42/gaussian/gaussian_unconditional/S01_generator-seed1.npz,21.706500820815563,one mean and standard deviation for all training EEG values; statistics fitted only to the central real training split; validation and test remain real.,
success,vae_repo_90_10_seed42,gaussian_unconditional,1,2,0,2,0.6206896551724138,0.7777777777777778,0,259,29,288,22,1000,synthetic_gaussian,/home/jovyan/eeg-repro/high-gamma-data/data/processed/vae_repo_90_10_seed42/real_splits/S01_real_splits.npz,/home/jovyan/eeg-repro/high-gamma-data/data/generated/vae_repo_90_10_seed42/gaussian/gaussian_unconditional/S01_generator-seed2.npz,20.446557089686394,one mean and standard deviation for all training EEG values; statistics fitted only to the central real training split; validation and test remain real.,
success,vae_repo_90_10_seed42,gaussian_unconditional,1,2,1,43,0.6896551724137931,0.75,0,259,29,288,22,1000,synthetic_gaussian,/home/jovyan/eeg-repro/high-gamma-data/data/processed/vae_repo_90_10_seed42/real_splits/S01_real_splits.npz,/home/jovyan/eeg-repro/high-gamma-data/data/generated/vae_repo_90_10_seed42/gaussian/gaussian_unconditional/S01_generator-seed2.npz,28.10092755034566,one mean and standard deviation for all training EEG values; statistics fitted only to the central real training split; validation and test remain real.,
success,vae_repo_90_10_seed42,gaussian_unconditional,1,2,2,30,0.6896551724137931,0.75,0,259,29,288,22,1000,synthetic_gaussian,/home/jovyan/eeg-repro/high-gamma-data/data/processed/vae_repo_90_10_seed42/real_splits/S01_real_splits.npz,/home/jovyan/eeg-repro/high-gamma-data/data/generated/vae_repo_90_10_seed42/gaussian/gaussian_unconditional/S01_generator-seed2.npz,19.3982723467052,one mean and standard deviation for all training EEG values; statistics fitted only to the central real training split; validation and test remain real.,
success,vae_repo_90_10_seed42,gaussian_unconditional,2,0,0,4,0.7586206896551724,0.7673611111111112,0,259,29,288,22,1000,synthetic_gaussian,/home/jovyan/eeg-repro/high-gamma-data/data/processed/vae_repo_90_10_seed42/real_splits/S02_real_splits.npz,/home/jovyan/eeg-repro/high-gamma-data/data/generated/vae_repo_90_10_seed42/gaussian/gaussian_unconditional/S02_generator-seed0.npz,20.003087632358074,one mean and standard deviation for all training EEG values; statistics fitted only to the central real training split; validation and test remain real.,
success,vae_repo_90_10_seed42,gaussian_unconditional,2,0,1,8,0.5172413793103448,0.7430555555555556,0,259,29,288,22,1000,synthetic_gaussian,/home/jovyan/eeg-repro/high-gamma-data/data/processed/vae_repo_90_10_seed42/real_splits/S02_real_splits.npz,/home/jovyan/eeg-repro/high-gamma-data/data/generated/vae_repo_90_10_seed42/gaussian/gaussian_unconditional/S02_generator-seed0.npz,24.2386170104146,one mean and standard deviation for all training EEG values; statistics fitted only to the central real training split; validation and test remain real.,
success,vae_repo_90_10_seed42,gaussian_unconditional,2,0,2,100,0.6896551724137931,0.7534722222222222,0,259,29,288,22,1000,synthetic_gaussian,/home/jovyan/eeg-repro/high-gamma-data/data/processed/vae_repo_90_10_seed42/real_splits/S02_real_splits.npz,/home/jovyan/eeg-repro/high-gamma-data/data/generated/vae_repo_90_10_seed42/gaussian/gaussian_unconditional/S02_generator-seed0.npz,64.91341586411,one mean and standard deviation for all training EEG values; statistics fitted only to the central real training split; validation and test remain real.,
success,vae_repo_90_10_seed42,gaussian_unconditional,2,1,0,1,0.7241379310344828,0.75,0,259,29,288,22,1000,synthetic_gaussian,/home/jovyan/eeg-repro/high-gamma-data/data/processed/vae_repo_90_10_seed42/real_splits/S02_real_splits.npz,/home/jovyan/eeg-repro/high-gamma-data/data/generated/vae_repo_90_10_seed42/gaussian/gaussian_unconditional/S02_generator-seed1.npz,20.253954611718655,one mean and standard deviation for all training EEG values; statistics fitted only to the central real training split; validation and test remain real.,
success,vae_repo_90_10_seed42,gaussian_unconditional,2,1,1,55,0.6551724137931034,0.75,0,259,29,288,22,1000,synthetic_gaussian,/home/jovyan/eeg-repro/high-gamma-data/data/processed/vae_repo_90_10_seed42/real_splits/S02_real_splits.npz,/home/jovyan/eeg-repro/high-gamma-data/data/generated/vae_repo_90_10_seed42/gaussian/gaussian_unconditional/S02_generator-seed1.npz,35.20341230556369,one mean and standard deviation for all training EEG values; statistics fitted only to the central real training split; validation and test remain real.,
success,vae_repo_90_10_seed42,gaussian_unconditional,2,1,2,40,0.6551724137931034,0.75,0,259,29,288,22,1000,synthetic_gaussian,/home/jovyan/eeg-repro/high-gamma-data/data/processed/vae_repo_90_10_seed42/real_splits/S02_real_splits.npz,/home/jovyan/eeg-repro/high-gamma-data/data/generated/vae_repo_90_10_seed42/gaussian/gaussian_unconditional/S02_generator-seed1.npz,37.04122203961015,one mean and standard deviation for all training EEG values; statistics fitted only to the central real training split; validation and test remain real.,
success,vae_repo_90_10_seed42,gaussian_unconditional,2,2,0,1,0.6551724137931034,0.7430555555555556,0,259,29,288,22,1000,synthetic_gaussian,/home/jovyan/eeg-repro/high-gamma-data/data/processed/vae_repo_90_10_seed42/real_splits/S02_real_splits.npz,/home/jovyan/eeg-repro/high-gamma-data/data/generated/vae_repo_90_10_seed42/gaussian/gaussian_unconditional/S02_generator-seed2.npz,20.16314347088337,one mean and standard deviation for all training EEG values; statistics fitted only to the central real training split; validation and test remain real.,
success,vae_repo_90_10_seed42,gaussian_unconditional,2,2,1,67,0.5862068965517242,0.7326388888888888,0,259,29,288,22,1000,synthetic_gaussian,/home/jovyan/eeg-repro/high-gamma-data/data/processed/vae_repo_90_10_seed42/real_splits/S02_real_splits.npz,/home/jovyan/eeg-repro/high-gamma-data/data/generated/vae_repo_90_10_seed42/gaussian/gaussian_unconditional/S02_generator-seed2.npz,53.80433879420161,one mean and standard deviation for all training EEG values; statistics fitted only to the central real training split; validation and test remain real.,
success,vae_repo_90_10_seed42,gaussian_unconditional,2,2,2,21,0.5862068965517242,0.7222222222222222,0,259,29,288,22,1000,synthetic_gaussian,/home/jovyan/eeg-repro/high-gamma-data/data/processed/vae_repo_90_10_seed42/real_splits/S02_real_splits.npz,/home/jovyan/eeg-repro/high-gamma-data/data/generated/vae_repo_90_10_seed42/gaussian/gaussian_unconditional/S02_generator-seed2.npz,31.943049252033234,one mean and standard deviation for all training EEG values; statistics fitted only to the central real training split; validation and test remain real.,
success,vae_repo_90_10_seed42,gaussian_unconditional,3,0,0,1,0.7241379310344828,0.7118055555555556,0,259,29,288,22,1000,synthetic_gaussian,/home/jovyan/eeg-repro/high-gamma-data/data/processed/vae_repo_90_10_seed42/real_splits/S03_real_splits.npz,/home/jovyan/eeg-repro/high-gamma-data/data/generated/vae_repo_90_10_seed42/gaussian/gaussian_unconditional/S03_generator-seed0.npz,20.402470737695694,one mean and standard deviation for all training EEG values; statistics fitted only to the central real training split; validation and test remain real.,
success,vae_repo_90_10_seed42,gaussian_unconditional,3,0,1,30,0.6896551724137931,0.7465277777777778,0,259,29,288,22,1000,synthetic_gaussian,/home/jovyan/eeg-repro/high-gamma-data/data/processed/vae_repo_90_10_seed42/real_splits/S03_real_splits.npz,/home/jovyan/eeg-repro/high-gamma-data/data/generated/vae_repo_90_10_seed42/gaussian/gaussian_unconditional/S03_generator-seed0.npz,20.005228705704212,one mean and standard deviation for all training EEG values; statistics fitted only to the central real training split; validation and test remain real.,
success,vae_repo_90_10_seed42,gaussian_unconditional,3,0,2,76,0.6896551724137931,0.6944444444444444,0,259,29,288,22,1000,synthetic_gaussian,/home/jovyan/eeg-repro/high-gamma-data/data/processed/vae_repo_90_10_seed42/real_splits/S03_real_splits.npz,/home/jovyan/eeg-repro/high-gamma-data/data/generated/vae_repo_90_10_seed42/gaussian/gaussian_unconditional/S03_generator-seed0.npz,49.13791739195585,one mean and standard deviation for all training EEG values; statistics fitted only to the central real training split; validation and test remain real.,
success,vae_repo_90_10_seed42,gaussian_unconditional,3,1,0,1,0.6896551724137931,0.7951388888888888,0,259,29,288,22,1000,synthetic_gaussian,/home/jovyan/eeg-repro/high-gamma-data/data/processed/vae_repo_90_10_seed42/real_splits/S03_real_splits.npz,/home/jovyan/eeg-repro/high-gamma-data/data/generated/vae_repo_90_10_seed42/gaussian/gaussian_unconditional/S03_generator-seed1.npz,20.512092776596546,one mean and standard deviation for all training EEG values; statistics fitted only to the central real training split; validation and test remain real.,
success,vae_repo_90_10_seed42,gaussian_unconditional,3,1,1,1,0.6896551724137931,0.7743055555555556,0,259,29,288,22,1000,synthetic_gaussian,/home/jovyan/eeg-repro/high-gamma-data/data/processed/vae_repo_90_10_seed42/real_splits/S03_real_splits.npz,/home/jovyan/eeg-repro/high-gamma-data/data/generated/vae_repo_90_10_seed42/gaussian/gaussian_unconditional/S03_generator-seed1.npz,19.827184334397316,one mean and standard deviation for all training EEG values; statistics fitted only to the central real training split; validation and test remain real.,
success,vae_repo_90_10_seed42,gaussian_unconditional,3,1,2,31,0.7241379310344828,0.8125,0,259,29,288,22,1000,synthetic_gaussian,/home/jovyan/eeg-repro/high-gamma-data/data/processed/vae_repo_90_10_seed42/real_splits/S03_real_splits.npz,/home/jovyan/eeg-repro/high-gamma-data/data/generated/vae_repo_90_10_seed42/gaussian/gaussian_unconditional/S03_generator-seed1.npz,20.845192674547434,one mean and standard deviation for all training EEG values; statistics fitted only to the central real training split; validation and test remain real.,
success,vae_repo_90_10_seed42,gaussian_unconditional,3,2,0,2,0.6896551724137931,0.7743055555555556,0,259,29,288,22,1000,synthetic_gaussian,/home/jovyan/eeg-repro/high-gamma-data/data/processed/vae_repo_90_10_seed42/real_splits/S03_real_splits.npz,/home/jovyan/eeg-repro/high-gamma-data/data/generated/vae_repo_90_10_seed42/gaussian/gaussian_unconditional/S03_generator-seed2.npz,21.45262310653925,one mean and standard deviation for all training EEG values; statistics fitted only to the central real training split; validation and test remain real.,
success,vae_repo_90_10_seed42,gaussian_unconditional,3,2,1,0,0.6896551724137931,0.75,0,259,29,288,22,1000,synthetic_gaussian,/home/jovyan/eeg-repro/high-gamma-data/data/processed/vae_repo_90_10_seed42/real_splits/S03_real_splits.npz,/home/jovyan/eeg-repro/high-gamma-data/data/generated/vae_repo_90_10_seed42/gaussian/gaussian_unconditional/S03_generator-seed2.npz,19.390412643551826,one mean and standard deviation for all training EEG values; statistics fitted only to the central real training split; validation and test remain real.,
success,vae_repo_90_10_seed42,gaussian_unconditional,3,2,2,31,0.7931034482758621,0.7569444444444444,0,259,29,288,22,1000,synthetic_gaussian,/home/jovyan/eeg-repro/high-gamma-data/data/processed/vae_repo_90_10_seed42/real_splits/S03_real_splits.npz,/home/jovyan/eeg-repro/high-gamma-data/data/generated/vae_repo_90_10_seed42/gaussian/gaussian_unconditional/S03_generator-seed2.npz,20.24215855821967,one mean and standard deviation for all training EEG values; statistics fitted only to the central real training split; validation and test remain real.,
success,vae_repo_90_10_seed42,gaussian_unconditional,4,0,0,4,0.6896551724137931,0.8159722222222222,0,259,29,288,22,1000,synthetic_gaussian,/home/jovyan/eeg-repro/high-gamma-data/data/processed/vae_repo_90_10_seed42/real_splits/S04_real_splits.npz,/home/jovyan/eeg-repro/high-gamma-data/data/generated/vae_repo_90_10_seed42/gaussian/gaussian_unconditional/S04_generator-seed0.npz,20.11375818401575,one mean and standard deviation for all training EEG values; statistics fitted only to the central real training split; validation and test remain real.,
success,vae_repo_90_10_seed42,gaussian_unconditional,4,0,1,0,0.6896551724137931,0.75,0,259,29,288,22,1000,synthetic_gaussian,/home/jovyan/eeg-repro/high-gamma-data/data/processed/vae_repo_90_10_seed42/real_splits/S04_real_splits.npz,/home/jovyan/eeg-repro/high-gamma-data/data/generated/vae_repo_90_10_seed42/gaussian/gaussian_unconditional/S04_generator-seed0.npz,19.89840178564191,one mean and standard deviation for all training EEG values; statistics fitted only to the central real training split; validation and test remain real.,
success,vae_repo_90_10_seed42,gaussian_unconditional,4,0,2,9,0.6551724137931034,0.7569444444444444,0,259,29,288,22,1000,synthetic_gaussian,/home/jovyan/eeg-repro/high-gamma-data/data/processed/vae_repo_90_10_seed42/real_splits/S04_real_splits.npz,/home/jovyan/eeg-repro/high-gamma-data/data/generated/vae_repo_90_10_seed42/gaussian/gaussian_unconditional/S04_generator-seed0.npz,25.39949619024992,one mean and standard deviation for all training EEG values; statistics fitted only to the central real training split; validation and test remain real.,
success,vae_repo_90_10_seed42,gaussian_unconditional,4,1,0,2,0.6896551724137931,0.7743055555555556,0,259,29,288,22,1000,synthetic_gaussian,/home/jovyan/eeg-repro/high-gamma-data/data/processed/vae_repo_90_10_seed42/real_splits/S04_real_splits.npz,/home/jovyan/eeg-repro/high-gamma-data/data/generated/vae_repo_90_10_seed42/gaussian/gaussian_unconditional/S04_generator-seed1.npz,20.235819421708584,one mean and standard deviation for all training EEG values; statistics fitted only to the central real training split; validation and test remain real.,
success,vae_repo_90_10_seed42,gaussian_unconditional,4,1,1,0,0.6896551724137931,0.75,0,259,29,288,22,1000,synthetic_gaussian,/home/jovyan/eeg-repro/high-gamma-data/data/processed/vae_repo_90_10_seed42/real_splits/S04_real_splits.npz,/home/jovyan/eeg-repro/high-gamma-data/data/generated/vae_repo_90_10_seed42/gaussian/gaussian_unconditional/S04_generator-seed1.npz,19.77454148605466,one mean and standard deviation for all training EEG values; statistics fitted only to the central real training split; validation and test remain real.,
success,vae_repo_90_10_seed42,gaussian_unconditional,4,1,2,33,0.7586206896551724,0.7395833333333333,0,259,29,288,22,1000,synthetic_gaussian,/home/jovyan/eeg-repro/high-gamma-data/data/processed/vae_repo_90_10_seed42/real_splits/S04_real_splits.npz,/home/jovyan/eeg-repro/high-gamma-data/data/generated/vae_repo_90_10_seed42/gaussian/gaussian_unconditional/S04_generator-seed1.npz,21.311592675745487,one mean and standard deviation for all training EEG values; statistics fitted only to the central real training split; validation and test remain real.,
success,vae_repo_90_10_seed42,gaussian_unconditional,4,2,0,2,0.6896551724137931,0.7465277777777778,0,259,29,288,22,1000,synthetic_gaussian,/home/jovyan/eeg-repro/high-gamma-data/data/processed/vae_repo_90_10_seed42/real_splits/S04_real_splits.npz,/home/jovyan/eeg-repro/high-gamma-data/data/generated/vae_repo_90_10_seed42/gaussian/gaussian_unconditional/S04_generator-seed2.npz,20.84902323782444,one mean and standard deviation for all training EEG values; statistics fitted only to the central real training split; validation and test remain real.,
success,vae_repo_90_10_seed42,gaussian_unconditional,4,2,1,15,0.6551724137931034,0.7291666666666667,0,259,29,288,22,1000,synthetic_gaussian,/home/jovyan/eeg-repro/high-gamma-data/data/processed/vae_repo_90_10_seed42/real_splits/S04_real_splits.npz,/home/jovyan/eeg-repro/high-gamma-data/data/generated/vae_repo_90_10_seed42/gaussian/gaussian_unconditional/S04_generator-seed2.npz,25.357711981981993,one mean and standard deviation for all training EEG values; statistics fitted only to the central real training split; validation and test remain real.,
success,vae_repo_90_10_seed42,gaussian_unconditional,4,2,2,4,0.6551724137931034,0.7708333333333334,0,259,29,288,22,1000,synthetic_gaussian,/home/jovyan/eeg-repro/high-gamma-data/data/processed/vae_repo_90_10_seed42/real_splits/S04_real_splits.npz,/home/jovyan/eeg-repro/high-gamma-data/data/generated/vae_repo_90_10_seed42/gaussian/gaussian_unconditional/S04_generator-seed2.npz,22.590712819248438,one mean and standard deviation for all training EEG values; statistics fitted only to the central real training split; validation and test remain real.,
success,vae_repo_90_10_seed42,gaussian_unconditional,5,0,0,1,0.7241379310344828,0.75,0,259,29,288,22,1000,synthetic_gaussian,/home/jovyan/eeg-repro/high-gamma-data/data/processed/vae_repo_90_10_seed42/real_splits/S05_real_splits.npz,/home/jovyan/eeg-repro/high-gamma-data/data/generated/vae_repo_90_10_seed42/gaussian/gaussian_unconditional/S05_generator-seed0.npz,20.710385508835316,one mean and standard deviation for all training EEG values; statistics fitted only to the central real training split; validation and test remain real.,
success,vae_repo_90_10_seed42,gaussian_unconditional,5,0,1,30,0.6896551724137931,0.7430555555555556,0,259,29,288,22,1000,synthetic_gaussian,/home/jovyan/eeg-repro/high-gamma-data/data/processed/vae_repo_90_10_seed42/real_splits/S05_real_splits.npz,/home/jovyan/eeg-repro/high-gamma-data/data/generated/vae_repo_90_10_seed42/gaussian/gaussian_unconditional/S05_generator-seed0.npz,19.585798993706703,one mean and standard deviation for all training EEG values; statistics fitted only to the central real training split; validation and test remain real.,
success,vae_repo_90_10_seed42,gaussian_unconditional,5,0,2,30,0.8275862068965517,0.7465277777777778,0,259,29,288,22,1000,synthetic_gaussian,/home/jovyan/eeg-repro/high-gamma-data/data/processed/vae_repo_90_10_seed42/real_splits/S05_real_splits.npz,/home/jovyan/eeg-repro/high-gamma-data/data/generated/vae_repo_90_10_seed42/gaussian/gaussian_unconditional/S05_generator-seed0.npz,19.35782641544938,one mean and standard deviation for all training EEG values; statistics fitted only to the central real training split; validation and test remain real.,
success,vae_repo_90_10_seed42,gaussian_unconditional,5,1,0,45,0.7241379310344828,0.75,0,259,29,288,22,1000,synthetic_gaussian,/home/jovyan/eeg-repro/high-gamma-data/data/processed/vae_repo_90_10_seed42/real_splits/S05_real_splits.npz,/home/jovyan/eeg-repro/high-gamma-data/data/generated/vae_repo_90_10_seed42/gaussian/gaussian_unconditional/S05_generator-seed1.npz,28.878132477402687,one mean and standard deviation for all training EEG values; statistics fitted only to the central real training split; validation and test remain real.,
success,vae_repo_90_10_seed42,gaussian_unconditional,5,1,1,1,0.6551724137931034,0.75,0,259,29,288,22,1000,synthetic_gaussian,/home/jovyan/eeg-repro/high-gamma-data/data/processed/vae_repo_90_10_seed42/real_splits/S05_real_splits.npz,/home/jovyan/eeg-repro/high-gamma-data/data/generated/vae_repo_90_10_seed42/gaussian/gaussian_unconditional/S05_generator-seed1.npz,20.75961023941636,one mean and standard deviation for all training EEG values; statistics fitted only to the central real training split; validation and test remain real.,
success,vae_repo_90_10_seed42,gaussian_unconditional,5,1,2,69,0.6896551724137931,0.75,0,259,29,288,22,1000,synthetic_gaussian,/home/jovyan/eeg-repro/high-gamma-data/data/processed/vae_repo_90_10_seed42/real_splits/S05_real_splits.npz,/home/jovyan/eeg-repro/high-gamma-data/data/generated/vae_repo_90_10_seed42/gaussian/gaussian_unconditional/S05_generator-seed1.npz,44.051123540848494,one mean and standard deviation for all training EEG values; statistics fitted only to the central real training split; validation and test remain real.,
success,vae_repo_90_10_seed42,gaussian_unconditional,5,2,0,1,0.7241379310344828,0.75,0,259,29,288,22,1000,synthetic_gaussian,/home/jovyan/eeg-repro/high-gamma-data/data/processed/vae_repo_90_10_seed42/real_splits/S05_real_splits.npz,/home/jovyan/eeg-repro/high-gamma-data/data/generated/vae_repo_90_10_seed42/gaussian/gaussian_unconditional/S05_generator-seed2.npz,19.9864094927907,one mean and standard deviation for all training EEG values; statistics fitted only to the central real training split; validation and test remain real.,
success,vae_repo_90_10_seed42,gaussian_unconditional,5,2,1,0,0.6896551724137931,0.75,0,259,29,288,22,1000,synthetic_gaussian,/home/jovyan/eeg-repro/high-gamma-data/data/processed/vae_repo_90_10_seed42/real_splits/S05_real_splits.npz,/home/jovyan/eeg-repro/high-gamma-data/data/generated/vae_repo_90_10_seed42/gaussian/gaussian_unconditional/S05_generator-seed2.npz,19.60126204788685,one mean and standard deviation for all training EEG values; statistics fitted only to the central real training split; validation and test remain real.,
success,vae_repo_90_10_seed42,gaussian_unconditional,5,2,2,31,0.7931034482758621,0.7708333333333334,0,259,29,288,22,1000,synthetic_gaussian,/home/jovyan/eeg-repro/high-gamma-data/data/processed/vae_repo_90_10_seed42/real_splits/S05_real_splits.npz,/home/jovyan/eeg-repro/high-gamma-data/data/generated/vae_repo_90_10_seed42/gaussian/gaussian_unconditional/S05_generator-seed2.npz,20.32415121793747,one mean and standard deviation for all training EEG values; statistics fitted only to the central real training split; validation and test remain real.,
success,vae_repo_90_10_seed42,gaussian_unconditional,6,0,0,31,0.6896551724137931,0.7430555555555556,0,259,29,288,22,1000,synthetic_gaussian,/home/jovyan/eeg-repro/high-gamma-data/data/processed/vae_repo_90_10_seed42/real_splits/S06_real_splits.npz,/home/jovyan/eeg-repro/high-gamma-data/data/generated/vae_repo_90_10_seed42/gaussian/gaussian_unconditional/S06_generator-seed0.npz,24.83011146634817,one mean and standard deviation for all training EEG values; statistics fitted only to the central real training split; validation and test remain real.,
success,vae_repo_90_10_seed42,gaussian_unconditional,6,0,1,27,0.6896551724137931,0.7430555555555556,0,259,29,288,22,1000,synthetic_gaussian,/home/jovyan/eeg-repro/high-gamma-data/data/processed/vae_repo_90_10_seed42/real_splits/S06_real_splits.npz,/home/jovyan/eeg-repro/high-gamma-data/data/generated/vae_repo_90_10_seed42/gaussian/gaussian_unconditional/S06_generator-seed0.npz,28.08478156849742,one mean and standard deviation for all training EEG values; statistics fitted only to the central real training split; validation and test remain real.,
success,vae_repo_90_10_seed42,gaussian_unconditional,6,0,2,29,0.6896551724137931,0.7673611111111112,0,259,29,288,22,1000,synthetic_gaussian,/home/jovyan/eeg-repro/high-gamma-data/data/processed/vae_repo_90_10_seed42/real_splits/S06_real_splits.npz,/home/jovyan/eeg-repro/high-gamma-data/data/generated/vae_repo_90_10_seed42/gaussian/gaussian_unconditional/S06_generator-seed0.npz,37.063491605222225,one mean and standard deviation for all training EEG values; statistics fitted only to the central real training split; validation and test remain real.,
success,vae_repo_90_10_seed42,gaussian_unconditional,6,1,0,51,0.5862068965517242,0.8020833333333334,0,259,29,288,22,1000,synthetic_gaussian,/home/jovyan/eeg-repro/high-gamma-data/data/processed/vae_repo_90_10_seed42/real_splits/S06_real_splits.npz,/home/jovyan/eeg-repro/high-gamma-data/data/generated/vae_repo_90_10_seed42/gaussian/gaussian_unconditional/S06_generator-seed1.npz,49.036769673228264,one mean and standard deviation for all training EEG values; statistics fitted only to the central real training split; validation and test remain real.,
success,vae_repo_90_10_seed42,gaussian_unconditional,6,1,1,25,0.7241379310344828,0.7465277777777778,0,259,29,288,22,1000,synthetic_gaussian,/home/jovyan/eeg-repro/high-gamma-data/data/processed/vae_repo_90_10_seed42/real_splits/S06_real_splits.npz,/home/jovyan/eeg-repro/high-gamma-data/data/generated/vae_repo_90_10_seed42/gaussian/gaussian_unconditional/S06_generator-seed1.npz,30.492947194725275,one mean and standard deviation for all training EEG values; statistics fitted only to the central real training split; validation and test remain real.,
success,vae_repo_90_10_seed42,gaussian_unconditional,6,1,2,13,0.6551724137931034,0.7430555555555556,0,259,29,288,22,1000,synthetic_gaussian,/home/jovyan/eeg-repro/high-gamma-data/data/processed/vae_repo_90_10_seed42/real_splits/S06_real_splits.npz,/home/jovyan/eeg-repro/high-gamma-data/data/generated/vae_repo_90_10_seed42/gaussian/gaussian_unconditional/S06_generator-seed1.npz,23.017950903624296,one mean and standard deviation for all training EEG values; statistics fitted only to the central real training split; validation and test remain real.,
success,vae_repo_90_10_seed42,gaussian_unconditional,6,2,0,18,0.6896551724137931,0.7395833333333333,0,259,29,288,22,1000,synthetic_gaussian,/home/jovyan/eeg-repro/high-gamma-data/data/processed/vae_repo_90_10_seed42/real_splits/S06_real_splits.npz,/home/jovyan/eeg-repro/high-gamma-data/data/generated/vae_repo_90_10_seed42/gaussian/gaussian_unconditional/S06_generator-seed2.npz,30.759344056248665,one mean and standard deviation for all training EEG values; statistics fitted only to the central real training split; validation and test remain real.,
success,vae_repo_90_10_seed42,gaussian_unconditional,6,2,1,6,0.6896551724137931,0.7256944444444444,0,259,29,288,22,1000,synthetic_gaussian,/home/jovyan/eeg-repro/high-gamma-data/data/processed/vae_repo_90_10_seed42/real_splits/S06_real_splits.npz,/home/jovyan/eeg-repro/high-gamma-data/data/generated/vae_repo_90_10_seed42/gaussian/gaussian_unconditional/S06_generator-seed2.npz,20.834894705563784,one mean and standard deviation for all training EEG values; statistics fitted only to the central real training split; validation and test remain real.,
success,vae_repo_90_10_seed42,gaussian_unconditional,6,2,2,4,0.6896551724137931,0.7013888888888888,0,259,29,288,22,1000,synthetic_gaussian,/home/jovyan/eeg-repro/high-gamma-data/data/processed/vae_repo_90_10_seed42/real_splits/S06_real_splits.npz,/home/jovyan/eeg-repro/high-gamma-data/data/generated/vae_repo_90_10_seed42/gaussian/gaussian_unconditional/S06_generator-seed2.npz,20.103544004261494,one mean and standard deviation for all training EEG values; statistics fitted only to the central real training split; validation and test remain real.,
success,vae_repo_90_10_seed42,gaussian_unconditional,7,0,0,1,0.6551724137931034,0.6666666666666667,0,259,29,288,22,1000,synthetic_gaussian,/home/jovyan/eeg-repro/high-gamma-data/data/processed/vae_repo_90_10_seed42/real_splits/S07_real_splits.npz,/home/jovyan/eeg-repro/high-gamma-data/data/generated/vae_repo_90_10_seed42/gaussian/gaussian_unconditional/S07_generator-seed0.npz,20.19855308532715,one mean and standard deviation for all training EEG values; statistics fitted only to the central real training split; validation and test remain real.,
success,vae_repo_90_10_seed42,gaussian_unconditional,7,0,1,30,0.6896551724137931,0.75,0,259,29,288,22,1000,synthetic_gaussian,/home/jovyan/eeg-repro/high-gamma-data/data/processed/vae_repo_90_10_seed42/real_splits/S07_real_splits.npz,/home/jovyan/eeg-repro/high-gamma-data/data/generated/vae_repo_90_10_seed42/gaussian/gaussian_unconditional/S07_generator-seed0.npz,20.313782319426537,one mean and standard deviation for all training EEG values; statistics fitted only to the central real training split; validation and test remain real.,
success,vae_repo_90_10_seed42,gaussian_unconditional,7,0,2,0,0.7931034482758621,0.7465277777777778,0,259,29,288,22,1000,synthetic_gaussian,/home/jovyan/eeg-repro/high-gamma-data/data/processed/vae_repo_90_10_seed42/real_splits/S07_real_splits.npz,/home/jovyan/eeg-repro/high-gamma-data/data/generated/vae_repo_90_10_seed42/gaussian/gaussian_unconditional/S07_generator-seed0.npz,19.298101622611284,one mean and standard deviation for all training EEG values; statistics fitted only to the central real training split; validation and test remain real.,
success,vae_repo_90_10_seed42,gaussian_unconditional,7,1,0,1,0.5517241379310345,0.7569444444444444,0,259,29,288,22,1000,synthetic_gaussian,/home/jovyan/eeg-repro/high-gamma-data/data/processed/vae_repo_90_10_seed42/real_splits/S07_real_splits.npz,/home/jovyan/eeg-repro/high-gamma-data/data/generated/vae_repo_90_10_seed42/gaussian/gaussian_unconditional/S07_generator-seed1.npz,20.279419641941786,one mean and standard deviation for all training EEG values; statistics fitted only to the central real training split; validation and test remain real.,
success,vae_repo_90_10_seed42,gaussian_unconditional,7,1,1,22,0.6551724137931034,0.7569444444444444,0,259,29,288,22,1000,synthetic_gaussian,/home/jovyan/eeg-repro/high-gamma-data/data/processed/vae_repo_90_10_seed42/real_splits/S07_real_splits.npz,/home/jovyan/eeg-repro/high-gamma-data/data/generated/vae_repo_90_10_seed42/gaussian/gaussian_unconditional/S07_generator-seed1.npz,33.67056730389595,one mean and standard deviation for all training EEG values; statistics fitted only to the central real training split; validation and test remain real.,
success,vae_repo_90_10_seed42,gaussian_unconditional,7,1,2,60,0.6896551724137931,0.75,0,259,29,288,22,1000,synthetic_gaussian,/home/jovyan/eeg-repro/high-gamma-data/data/processed/vae_repo_90_10_seed42/real_splits/S07_real_splits.npz,/home/jovyan/eeg-repro/high-gamma-data/data/generated/vae_repo_90_10_seed42/gaussian/gaussian_unconditional/S07_generator-seed1.npz,38.093206238001585,one mean and standard deviation for all training EEG values; statistics fitted only to the central real training split; validation and test remain real.,
success,vae_repo_90_10_seed42,gaussian_unconditional,7,2,0,1,0.5172413793103448,0.7534722222222222,0,259,29,288,22,1000,synthetic_gaussian,/home/jovyan/eeg-repro/high-gamma-data/data/processed/vae_repo_90_10_seed42/real_splits/S07_real_splits.npz,/home/jovyan/eeg-repro/high-gamma-data/data/generated/vae_repo_90_10_seed42/gaussian/gaussian_unconditional/S07_generator-seed2.npz,19.881719697266817,one mean and standard deviation for all training EEG values; statistics fitted only to the central real training split; validation and test remain real.,
success,vae_repo_90_10_seed42,gaussian_unconditional,7,2,1,1,0.6551724137931034,0.7777777777777778,0,259,29,288,22,1000,synthetic_gaussian,/home/jovyan/eeg-repro/high-gamma-data/data/processed/vae_repo_90_10_seed42/real_splits/S07_real_splits.npz,/home/jovyan/eeg-repro/high-gamma-data/data/generated/vae_repo_90_10_seed42/gaussian/gaussian_unconditional/S07_generator-seed2.npz,20.66183765232563,one mean and standard deviation for all training EEG values; statistics fitted only to the central real training split; validation and test remain real.,
success,vae_repo_90_10_seed42,gaussian_unconditional,7,2,2,30,0.7931034482758621,0.75,0,259,29,288,22,1000,synthetic_gaussian,/home/jovyan/eeg-repro/high-gamma-data/data/processed/vae_repo_90_10_seed42/real_splits/S07_real_splits.npz,/home/jovyan/eeg-repro/high-gamma-data/data/generated/vae_repo_90_10_seed42/gaussian/gaussian_unconditional/S07_generator-seed2.npz,19.616770822554827,one mean and standard deviation for all training EEG values; statistics fitted only to the central real training split; validation and test remain real.,
success,vae_repo_90_10_seed42,gaussian_unconditional,8,0,0,2,0.7241379310344828,0.7604166666666666,0,259,29,288,22,1000,synthetic_gaussian,/home/jovyan/eeg-repro/high-gamma-data/data/processed/vae_repo_90_10_seed42/real_splits/S08_real_splits.npz,/home/jovyan/eeg-repro/high-gamma-data/data/generated/vae_repo_90_10_seed42/gaussian/gaussian_unconditional/S08_generator-seed0.npz,21.358606074005365,one mean and standard deviation for all training EEG values; statistics fitted only to the central real training split; validation and test remain real.,
success,vae_repo_90_10_seed42,gaussian_unconditional,8,0,1,30,0.6896551724137931,0.75,0,259,29,288,22,1000,synthetic_gaussian,/home/jovyan/eeg-repro/high-gamma-data/data/processed/vae_repo_90_10_seed42/real_splits/S08_real_splits.npz,/home/jovyan/eeg-repro/high-gamma-data/data/generated/vae_repo_90_10_seed42/gaussian/gaussian_unconditional/S08_generator-seed0.npz,19.90351379662752,one mean and standard deviation for all training EEG values; statistics fitted only to the central real training split; validation and test remain real.,
success,vae_repo_90_10_seed42,gaussian_unconditional,8,0,2,43,0.7931034482758621,0.7465277777777778,0,259,29,288,22,1000,synthetic_gaussian,/home/jovyan/eeg-repro/high-gamma-data/data/processed/vae_repo_90_10_seed42/real_splits/S08_real_splits.npz,/home/jovyan/eeg-repro/high-gamma-data/data/generated/vae_repo_90_10_seed42/gaussian/gaussian_unconditional/S08_generator-seed0.npz,28.359422493726015,one mean and standard deviation for all training EEG values; statistics fitted only to the central real training split; validation and test remain real.,
success,vae_repo_90_10_seed42,gaussian_unconditional,8,1,0,1,0.6551724137931034,0.7465277777777778,0,259,29,288,22,1000,synthetic_gaussian,/home/jovyan/eeg-repro/high-gamma-data/data/processed/vae_repo_90_10_seed42/real_splits/S08_real_splits.npz,/home/jovyan/eeg-repro/high-gamma-data/data/generated/vae_repo_90_10_seed42/gaussian/gaussian_unconditional/S08_generator-seed1.npz,20.58811379596591,one mean and standard deviation for all training EEG values; statistics fitted only to the central real training split; validation and test remain real.,
success,vae_repo_90_10_seed42,gaussian_unconditional,8,1,1,30,0.6896551724137931,0.7569444444444444,0,259,29,288,22,1000,synthetic_gaussian,/home/jovyan/eeg-repro/high-gamma-data/data/processed/vae_repo_90_10_seed42/real_splits/S08_real_splits.npz,/home/jovyan/eeg-repro/high-gamma-data/data/generated/vae_repo_90_10_seed42/gaussian/gaussian_unconditional/S08_generator-seed1.npz,19.982805237174034,one mean and standard deviation for all training EEG values; statistics fitted only to the central real training split; validation and test remain real.,
success,vae_repo_90_10_seed42,gaussian_unconditional,8,1,2,55,0.6896551724137931,0.75,0,259,29,288,22,1000,synthetic_gaussian,/home/jovyan/eeg-repro/high-gamma-data/data/processed/vae_repo_90_10_seed42/real_splits/S08_real_splits.npz,/home/jovyan/eeg-repro/high-gamma-data/data/generated/vae_repo_90_10_seed42/gaussian/gaussian_unconditional/S08_generator-seed1.npz,35.72832304611802,one mean and standard deviation for all training EEG values; statistics fitted only to the central real training split; validation and test remain real.,
success,vae_repo_90_10_seed42,gaussian_unconditional,8,2,0,60,0.7241379310344828,0.75,0,259,29,288,22,1000,synthetic_gaussian,/home/jovyan/eeg-repro/high-gamma-data/data/processed/vae_repo_90_10_seed42/real_splits/S08_real_splits.npz,/home/jovyan/eeg-repro/high-gamma-data/data/generated/vae_repo_90_10_seed42/gaussian/gaussian_unconditional/S08_generator-seed2.npz,38.861888229846954,one mean and standard deviation for all training EEG values; statistics fitted only to the central real training split; validation and test remain real.,
success,vae_repo_90_10_seed42,gaussian_unconditional,8,2,1,0,0.6896551724137931,0.75,0,259,29,288,22,1000,synthetic_gaussian,/home/jovyan/eeg-repro/high-gamma-data/data/processed/vae_repo_90_10_seed42/real_splits/S08_real_splits.npz,/home/jovyan/eeg-repro/high-gamma-data/data/generated/vae_repo_90_10_seed42/gaussian/gaussian_unconditional/S08_generator-seed2.npz,19.77627994865179,one mean and standard deviation for all training EEG values; statistics fitted only to the central real training split; validation and test remain real.,
success,vae_repo_90_10_seed42,gaussian_unconditional,8,2,2,27,0.7586206896551724,0.7534722222222222,0,259,29,288,22,1000,synthetic_gaussian,/home/jovyan/eeg-repro/high-gamma-data/data/processed/vae_repo_90_10_seed42/real_splits/S08_real_splits.npz,/home/jovyan/eeg-repro/high-gamma-data/data/generated/vae_repo_90_10_seed42/gaussian/gaussian_unconditional/S08_generator-seed2.npz,20.885707933455706,one mean and standard deviation for all training EEG values; statistics fitted only to the central real training split; validation and test remain real.,
success,vae_repo_90_10_seed42,gaussian_unconditional,9,0,0,23,0.6551724137931034,0.7222222222222222,0,259,29,288,22,1000,synthetic_gaussian,/home/jovyan/eeg-repro/high-gamma-data/data/processed/vae_repo_90_10_seed42/real_splits/S09_real_splits.npz,/home/jovyan/eeg-repro/high-gamma-data/data/generated/vae_repo_90_10_seed42/gaussian/gaussian_unconditional/S09_generator-seed0.npz,33.794346671551466,one mean and standard deviation for all training EEG values; statistics fitted only to the central real training split; validation and test remain real.,
success,vae_repo_90_10_seed42,gaussian_unconditional,9,0,1,3,0.6896551724137931,0.7986111111111112,0,259,29,288,22,1000,synthetic_gaussian,/home/jovyan/eeg-repro/high-gamma-data/data/processed/vae_repo_90_10_seed42/real_splits/S09_real_splits.npz,/home/jovyan/eeg-repro/high-gamma-data/data/generated/vae_repo_90_10_seed42/gaussian/gaussian_unconditional/S09_generator-seed0.npz,21.86446963250637,one mean and standard deviation for all training EEG values; statistics fitted only to the central real training split; validation and test remain real.,
success,vae_repo_90_10_seed42,gaussian_unconditional,9,0,2,10,0.7241379310344828,0.7708333333333334,0,259,29,288,22,1000,synthetic_gaussian,/home/jovyan/eeg-repro/high-gamma-data/data/processed/vae_repo_90_10_seed42/real_splits/S09_real_splits.npz,/home/jovyan/eeg-repro/high-gamma-data/data/generated/vae_repo_90_10_seed42/gaussian/gaussian_unconditional/S09_generator-seed0.npz,19.568869151175022,one mean and standard deviation for all training EEG values; statistics fitted only to the central real training split; validation and test remain real.,
success,vae_repo_90_10_seed42,gaussian_unconditional,9,1,0,58,0.6206896551724138,0.7673611111111112,0,259,29,288,22,1000,synthetic_gaussian,/home/jovyan/eeg-repro/high-gamma-data/data/processed/vae_repo_90_10_seed42/real_splits/S09_real_splits.npz,/home/jovyan/eeg-repro/high-gamma-data/data/generated/vae_repo_90_10_seed42/gaussian/gaussian_unconditional/S09_generator-seed1.npz,49.408180590718985,one mean and standard deviation for all training EEG values; statistics fitted only to the central real training split; validation and test remain real.,
success,vae_repo_90_10_seed42,gaussian_unconditional,9,1,1,12,0.6896551724137931,0.8020833333333334,0,259,29,288,22,1000,synthetic_gaussian,/home/jovyan/eeg-repro/high-gamma-data/data/processed/vae_repo_90_10_seed42/real_splits/S09_real_splits.npz,/home/jovyan/eeg-repro/high-gamma-data/data/generated/vae_repo_90_10_seed42/gaussian/gaussian_unconditional/S09_generator-seed1.npz,24.90044729039073,one mean and standard deviation for all training EEG values; statistics fitted only to the central real training split; validation and test remain real.,
success,vae_repo_90_10_seed42,gaussian_unconditional,9,1,2,6,0.5862068965517242,0.7222222222222222,0,259,29,288,22,1000,synthetic_gaussian,/home/jovyan/eeg-repro/high-gamma-data/data/processed/vae_repo_90_10_seed42/real_splits/S09_real_splits.npz,/home/jovyan/eeg-repro/high-gamma-data/data/generated/vae_repo_90_10_seed42/gaussian/gaussian_unconditional/S09_generator-seed1.npz,23.290506944060326,one mean and standard deviation for all training EEG values; statistics fitted only to the central real training split; validation and test remain real.,
success,vae_repo_90_10_seed42,gaussian_unconditional,9,2,0,2,0.7241379310344828,0.625,0,259,29,288,22,1000,synthetic_gaussian,/home/jovyan/eeg-repro/high-gamma-data/data/processed/vae_repo_90_10_seed42/real_splits/S09_real_splits.npz,/home/jovyan/eeg-repro/high-gamma-data/data/generated/vae_repo_90_10_seed42/gaussian/gaussian_unconditional/S09_generator-seed2.npz,19.30292895808816,one mean and standard deviation for all training EEG values; statistics fitted only to the central real training split; validation and test remain real.,
success,vae_repo_90_10_seed42,gaussian_unconditional,9,2,1,3,0.6551724137931034,0.6770833333333333,0,259,29,288,22,1000,synthetic_gaussian,/home/jovyan/eeg-repro/high-gamma-data/data/processed/vae_repo_90_10_seed42/real_splits/S09_real_splits.npz,/home/jovyan/eeg-repro/high-gamma-data/data/generated/vae_repo_90_10_seed42/gaussian/gaussian_unconditional/S09_generator-seed2.npz,21.773930549621582,one mean and standard deviation for all training EEG values; statistics fitted only to the central real training split; validation and test remain real.,
success,vae_repo_90_10_seed42,gaussian_unconditional,9,2,2,30,0.7241379310344828,0.75,0,259,29,288,22,1000,synthetic_gaussian,/home/jovyan/eeg-repro/high-gamma-data/data/processed/vae_repo_90_10_seed42/real_splits/S09_real_splits.npz,/home/jovyan/eeg-repro/high-gamma-data/data/generated/vae_repo_90_10_seed42/gaussian/gaussian_unconditional/S09_generator-seed2.npz,20.00081643089652,one mean and standard deviation for all training EEG values; statistics fitted only to the central real training split; validation and test remain real.,
success,vae_repo_90_10_seed42,gaussian_channel,1,0,0,2,0.6551724137931034,0.7743055555555556,0,259,29,288,22,1000,synthetic_gaussian,/home/jovyan/eeg-repro/high-gamma-data/data/processed/vae_repo_90_10_seed42/real_splits/S01_real_splits.npz,/home/jovyan/eeg-repro/high-gamma-data/data/generated/vae_repo_90_10_seed42/gaussian/gaussian_channel/S01_generator-seed0.npz,19.488324344158173,one mean and standard deviation per EEG channel; statistics fitted only to the central real training split; validation and test remain real.,
success,vae_repo_90_10_seed42,gaussian_channel,1,0,1,28,0.7241379310344828,0.7465277777777778,0,259,29,288,22,1000,synthetic_gaussian,/home/jovyan/eeg-repro/high-gamma-data/data/processed/vae_repo_90_10_seed42/real_splits/S01_real_splits.npz,/home/jovyan/eeg-repro/high-gamma-data/data/generated/vae_repo_90_10_seed42/gaussian/gaussian_channel/S01_generator-seed0.npz,20.4936965405941,one mean and standard deviation per EEG channel; statistics fitted only to the central real training split; validation and test remain real.,
success,vae_repo_90_10_seed42,gaussian_channel,1,0,2,9,0.6551724137931034,0.7361111111111112,0,259,29,288,22,1000,synthetic_gaussian,/home/jovyan/eeg-repro/high-gamma-data/data/processed/vae_repo_90_10_seed42/real_splits/S01_real_splits.npz,/home/jovyan/eeg-repro/high-gamma-data/data/generated/vae_repo_90_10_seed42/gaussian/gaussian_channel/S01_generator-seed0.npz,23.249766170978546,one mean and standard deviation per EEG channel; statistics fitted only to the central real training split; validation and test remain real.,
success,vae_repo_90_10_seed42,gaussian_channel,1,1,0,9,0.6551724137931034,0.7326388888888888,0,259,29,288,22,1000,synthetic_gaussian,/home/jovyan/eeg-repro/high-gamma-data/data/processed/vae_repo_90_10_seed42/real_splits/S01_real_splits.npz,/home/jovyan/eeg-repro/high-gamma-data/data/generated/vae_repo_90_10_seed42/gaussian/gaussian_channel/S01_generator-seed1.npz,19.770776890218258,one mean and standard deviation per EEG channel; statistics fitted only to the central real training split; validation and test remain real.,
success,vae_repo_90_10_seed42,gaussian_channel,1,1,1,11,0.6896551724137931,0.7708333333333334,0,259,29,288,22,1000,synthetic_gaussian,/home/jovyan/eeg-repro/high-gamma-data/data/processed/vae_repo_90_10_seed42/real_splits/S01_real_splits.npz,/home/jovyan/eeg-repro/high-gamma-data/data/generated/vae_repo_90_10_seed42/gaussian/gaussian_channel/S01_generator-seed1.npz,21.700253818184137,one mean and standard deviation per EEG channel; statistics fitted only to the central real training split; validation and test remain real.,
success,vae_repo_90_10_seed42,gaussian_channel,1,1,2,3,0.6206896551724138,0.7222222222222222,0,259,29,288,22,1000,synthetic_gaussian,/home/jovyan/eeg-repro/high-gamma-data/data/processed/vae_repo_90_10_seed42/real_splits/S01_real_splits.npz,/home/jovyan/eeg-repro/high-gamma-data/data/generated/vae_repo_90_10_seed42/gaussian/gaussian_channel/S01_generator-seed1.npz,21.625036388635635,one mean and standard deviation per EEG channel; statistics fitted only to the central real training split; validation and test remain real.,
success,vae_repo_90_10_seed42,gaussian_channel,1,2,0,2,0.6206896551724138,0.7743055555555556,0,259,29,288,22,1000,synthetic_gaussian,/home/jovyan/eeg-repro/high-gamma-data/data/processed/vae_repo_90_10_seed42/real_splits/S01_real_splits.npz,/home/jovyan/eeg-repro/high-gamma-data/data/generated/vae_repo_90_10_seed42/gaussian/gaussian_channel/S01_generator-seed2.npz,20.965266462415457,one mean and standard deviation per EEG channel; statistics fitted only to the central real training split; validation and test remain real.,
success,vae_repo_90_10_seed42,gaussian_channel,1,2,1,41,0.6896551724137931,0.75,0,259,29,288,22,1000,synthetic_gaussian,/home/jovyan/eeg-repro/high-gamma-data/data/processed/vae_repo_90_10_seed42/real_splits/S01_real_splits.npz,/home/jovyan/eeg-repro/high-gamma-data/data/generated/vae_repo_90_10_seed42/gaussian/gaussian_channel/S01_generator-seed2.npz,26.667507871985435,one mean and standard deviation per EEG channel; statistics fitted only to the central real training split; validation and test remain real.,
success,vae_repo_90_10_seed42,gaussian_channel,1,2,2,30,0.6896551724137931,0.75,0,259,29,288,22,1000,synthetic_gaussian,/home/jovyan/eeg-repro/high-gamma-data/data/processed/vae_repo_90_10_seed42/real_splits/S01_real_splits.npz,/home/jovyan/eeg-repro/high-gamma-data/data/generated/vae_repo_90_10_seed42/gaussian/gaussian_channel/S01_generator-seed2.npz,19.290292363613844,one mean and standard deviation per EEG channel; statistics fitted only to the central real training split; validation and test remain real.,
success,vae_repo_90_10_seed42,gaussian_channel,2,0,0,34,0.7586206896551724,0.75,0,259,29,288,22,1000,synthetic_gaussian,/home/jovyan/eeg-repro/high-gamma-data/data/processed/vae_repo_90_10_seed42/real_splits/S02_real_splits.npz,/home/jovyan/eeg-repro/high-gamma-data/data/generated/vae_repo_90_10_seed42/gaussian/gaussian_channel/S02_generator-seed0.npz,21.956254616379738,one mean and standard deviation per EEG channel; statistics fitted only to the central real training split; validation and test remain real.,
success,vae_repo_90_10_seed42,gaussian_channel,2,0,1,7,0.5172413793103448,0.75,0,259,29,288,22,1000,synthetic_gaussian,/home/jovyan/eeg-repro/high-gamma-data/data/processed/vae_repo_90_10_seed42/real_splits/S02_real_splits.npz,/home/jovyan/eeg-repro/high-gamma-data/data/generated/vae_repo_90_10_seed42/gaussian/gaussian_channel/S02_generator-seed0.npz,23.85320919752121,one mean and standard deviation per EEG channel; statistics fitted only to the central real training split; validation and test remain real.,
success,vae_repo_90_10_seed42,gaussian_channel,2,0,2,75,0.6206896551724138,0.7465277777777778,0,259,29,288,22,1000,synthetic_gaussian,/home/jovyan/eeg-repro/high-gamma-data/data/processed/vae_repo_90_10_seed42/real_splits/S02_real_splits.npz,/home/jovyan/eeg-repro/high-gamma-data/data/generated/vae_repo_90_10_seed42/gaussian/gaussian_channel/S02_generator-seed0.npz,64.85810816287994,one mean and standard deviation per EEG channel; statistics fitted only to the central real training split; validation and test remain real.,
success,vae_repo_90_10_seed42,gaussian_channel,2,1,0,1,0.7241379310344828,0.75,0,259,29,288,22,1000,synthetic_gaussian,/home/jovyan/eeg-repro/high-gamma-data/data/processed/vae_repo_90_10_seed42/real_splits/S02_real_splits.npz,/home/jovyan/eeg-repro/high-gamma-data/data/generated/vae_repo_90_10_seed42/gaussian/gaussian_channel/S02_generator-seed1.npz,20.06211306899786,one mean and standard deviation per EEG channel; statistics fitted only to the central real training split; validation and test remain real.,
success,vae_repo_90_10_seed42,gaussian_channel,2,1,1,32,0.6551724137931034,0.75,0,259,29,288,22,1000,synthetic_gaussian,/home/jovyan/eeg-repro/high-gamma-data/data/processed/vae_repo_90_10_seed42/real_splits/S02_real_splits.npz,/home/jovyan/eeg-repro/high-gamma-data/data/generated/vae_repo_90_10_seed42/gaussian/gaussian_channel/S02_generator-seed1.npz,20.896192211657763,one mean and standard deviation per EEG channel; statistics fitted only to the central real training split; validation and test remain real.,
success,vae_repo_90_10_seed42,gaussian_channel,2,1,2,34,0.6551724137931034,0.75,0,259,29,288,22,1000,synthetic_gaussian,/home/jovyan/eeg-repro/high-gamma-data/data/processed/vae_repo_90_10_seed42/real_splits/S02_real_splits.npz,/home/jovyan/eeg-repro/high-gamma-data/data/generated/vae_repo_90_10_seed42/gaussian/gaussian_channel/S02_generator-seed1.npz,37.00622606649995,one mean and standard deviation per EEG channel; statistics fitted only to the central real training split; validation and test remain real.,
success,vae_repo_90_10_seed42,gaussian_channel,2,2,0,1,0.6896551724137931,0.7395833333333333,0,259,29,288,22,1000,synthetic_gaussian,/home/jovyan/eeg-repro/high-gamma-data/data/processed/vae_repo_90_10_seed42/real_splits/S02_real_splits.npz,/home/jovyan/eeg-repro/high-gamma-data/data/generated/vae_repo_90_10_seed42/gaussian/gaussian_channel/S02_generator-seed2.npz,20.498398195952177,one mean and standard deviation per EEG channel; statistics fitted only to the central real training split; validation and test remain real.,
success,vae_repo_90_10_seed42,gaussian_channel,2,2,1,30,0.6896551724137931,0.7465277777777778,0,259,29,288,22,1000,synthetic_gaussian,/home/jovyan/eeg-repro/high-gamma-data/data/processed/vae_repo_90_10_seed42/real_splits/S02_real_splits.npz,/home/jovyan/eeg-repro/high-gamma-data/data/generated/vae_repo_90_10_seed42/gaussian/gaussian_channel/S02_generator-seed2.npz,19.404460318386555,one mean and standard deviation per EEG channel; statistics fitted only to the central real training split; validation and test remain real.,
success,vae_repo_90_10_seed42,gaussian_channel,2,2,2,20,0.5862068965517242,0.7291666666666667,0,259,29,288,22,1000,synthetic_gaussian,/home/jovyan/eeg-repro/high-gamma-data/data/processed/vae_repo_90_10_seed42/real_splits/S02_real_splits.npz,/home/jovyan/eeg-repro/high-gamma-data/data/generated/vae_repo_90_10_seed42/gaussian/gaussian_channel/S02_generator-seed2.npz,31.448254998773336,one mean and standard deviation per EEG channel; statistics fitted only to the central real training split; validation and test remain real.,
success,vae_repo_90_10_seed42,gaussian_channel,3,0,0,1,0.7241379310344828,0.7048611111111112,0,259,29,288,22,1000,synthetic_gaussian,/home/jovyan/eeg-repro/high-gamma-data/data/processed/vae_repo_90_10_seed42/real_splits/S03_real_splits.npz,/home/jovyan/eeg-repro/high-gamma-data/data/generated/vae_repo_90_10_seed42/gaussian/gaussian_channel/S03_generator-seed0.npz,20.006063256412745,one mean and standard deviation per EEG channel; statistics fitted only to the central real training split; validation and test remain real.,
success,vae_repo_90_10_seed42,gaussian_channel,3,0,1,30,0.6896551724137931,0.7465277777777778,0,259,29,288,22,1000,synthetic_gaussian,/home/jovyan/eeg-repro/high-gamma-data/data/processed/vae_repo_90_10_seed42/real_splits/S03_real_splits.npz,/home/jovyan/eeg-repro/high-gamma-data/data/generated/vae_repo_90_10_seed42/gaussian/gaussian_channel/S03_generator-seed0.npz,19.100636079907417,one mean and standard deviation per EEG channel; statistics fitted only to the central real training split; validation and test remain real.,
success,vae_repo_90_10_seed42,gaussian_channel,3,0,2,85,0.6896551724137931,0.6909722222222222,0,259,29,288,22,1000,synthetic_gaussian,/home/jovyan/eeg-repro/high-gamma-data/data/processed/vae_repo_90_10_seed42/real_splits/S03_real_splits.npz,/home/jovyan/eeg-repro/high-gamma-data/data/generated/vae_repo_90_10_seed42/gaussian/gaussian_channel/S03_generator-seed0.npz,53.915161177515984,one mean and standard deviation per EEG channel; statistics fitted only to the central real training split; validation and test remain real.,
success,vae_repo_90_10_seed42,gaussian_channel,3,1,0,1,0.6896551724137931,0.8125,0,259,29,288,22,1000,synthetic_gaussian,/home/jovyan/eeg-repro/high-gamma-data/data/processed/vae_repo_90_10_seed42/real_splits/S03_real_splits.npz,/home/jovyan/eeg-repro/high-gamma-data/data/generated/vae_repo_90_10_seed42/gaussian/gaussian_channel/S03_generator-seed1.npz,20.30032690614462,one mean and standard deviation per EEG channel; statistics fitted only to the central real training split; validation and test remain real.,
success,vae_repo_90_10_seed42,gaussian_channel,3,1,1,1,0.6896551724137931,0.78125,0,259,29,288,22,1000,synthetic_gaussian,/home/jovyan/eeg-repro/high-gamma-data/data/processed/vae_repo_90_10_seed42/real_splits/S03_real_splits.npz,/home/jovyan/eeg-repro/high-gamma-data/data/generated/vae_repo_90_10_seed42/gaussian/gaussian_channel/S03_generator-seed1.npz,19.11666462942958,one mean and standard deviation per EEG channel; statistics fitted only to the central real training split; validation and test remain real.,
success,vae_repo_90_10_seed42,gaussian_channel,3,1,2,21,0.7241379310344828,0.8229166666666666,0,259,29,288,22,1000,synthetic_gaussian,/home/jovyan/eeg-repro/high-gamma-data/data/processed/vae_repo_90_10_seed42/real_splits/S03_real_splits.npz,/home/jovyan/eeg-repro/high-gamma-data/data/generated/vae_repo_90_10_seed42/gaussian/gaussian_channel/S03_generator-seed1.npz,19.798328951001167,one mean and standard deviation per EEG channel; statistics fitted only to the central real training split; validation and test remain real.,
success,vae_repo_90_10_seed42,gaussian_channel,3,2,0,2,0.6896551724137931,0.7534722222222222,0,259,29,288,22,1000,synthetic_gaussian,/home/jovyan/eeg-repro/high-gamma-data/data/processed/vae_repo_90_10_seed42/real_splits/S03_real_splits.npz,/home/jovyan/eeg-repro/high-gamma-data/data/generated/vae_repo_90_10_seed42/gaussian/gaussian_channel/S03_generator-seed2.npz,20.85650520771742,one mean and standard deviation per EEG channel; statistics fitted only to the central real training split; validation and test remain real.,
success,vae_repo_90_10_seed42,gaussian_channel,3,2,1,0,0.6896551724137931,0.75,0,259,29,288,22,1000,synthetic_gaussian,/home/jovyan/eeg-repro/high-gamma-data/data/processed/vae_repo_90_10_seed42/real_splits/S03_real_splits.npz,/home/jovyan/eeg-repro/high-gamma-data/data/generated/vae_repo_90_10_seed42/gaussian/gaussian_channel/S03_generator-seed2.npz,19.535823483020067,one mean and standard deviation per EEG channel; statistics fitted only to the central real training split; validation and test remain real.,
success,vae_repo_90_10_seed42,gaussian_channel,3,2,2,31,0.7931034482758621,0.7569444444444444,0,259,29,288,22,1000,synthetic_gaussian,/home/jovyan/eeg-repro/high-gamma-data/data/processed/vae_repo_90_10_seed42/real_splits/S03_real_splits.npz,/home/jovyan/eeg-repro/high-gamma-data/data/generated/vae_repo_90_10_seed42/gaussian/gaussian_channel/S03_generator-seed2.npz,20.670900903642178,one mean and standard deviation per EEG channel; statistics fitted only to the central real training split; validation and test remain real.,
success,vae_repo_90_10_seed42,gaussian_channel,4,0,0,4,0.6896551724137931,0.8020833333333334,0,259,29,288,22,1000,synthetic_gaussian,/home/jovyan/eeg-repro/high-gamma-data/data/processed/vae_repo_90_10_seed42/real_splits/S04_real_splits.npz,/home/jovyan/eeg-repro/high-gamma-data/data/generated/vae_repo_90_10_seed42/gaussian/gaussian_channel/S04_generator-seed0.npz,20.366409994661808,one mean and standard deviation per EEG channel; statistics fitted only to the central real training split; validation and test remain real.,
success,vae_repo_90_10_seed42,gaussian_channel,4,0,1,0,0.6896551724137931,0.75,0,259,29,288,22,1000,synthetic_gaussian,/home/jovyan/eeg-repro/high-gamma-data/data/processed/vae_repo_90_10_seed42/real_splits/S04_real_splits.npz,/home/jovyan/eeg-repro/high-gamma-data/data/generated/vae_repo_90_10_seed42/gaussian/gaussian_channel/S04_generator-seed0.npz,19.42503910511732,one mean and standard deviation per EEG channel; statistics fitted only to the central real training split; validation and test remain real.,
success,vae_repo_90_10_seed42,gaussian_channel,4,0,2,10,0.6896551724137931,0.7569444444444444,0,259,29,288,22,1000,synthetic_gaussian,/home/jovyan/eeg-repro/high-gamma-data/data/processed/vae_repo_90_10_seed42/real_splits/S04_real_splits.npz,/home/jovyan/eeg-repro/high-gamma-data/data/generated/vae_repo_90_10_seed42/gaussian/gaussian_channel/S04_generator-seed0.npz,20.417541310191154,one mean and standard deviation per EEG channel; statistics fitted only to the central real training split; validation and test remain real.,
success,vae_repo_90_10_seed42,gaussian_channel,4,1,0,2,0.6896551724137931,0.7743055555555556,0,259,29,288,22,1000,synthetic_gaussian,/home/jovyan/eeg-repro/high-gamma-data/data/processed/vae_repo_90_10_seed42/real_splits/S04_real_splits.npz,/home/jovyan/eeg-repro/high-gamma-data/data/generated/vae_repo_90_10_seed42/gaussian/gaussian_channel/S04_generator-seed1.npz,20.210774529725313,one mean and standard deviation per EEG channel; statistics fitted only to the central real training split; validation and test remain real.,
success,vae_repo_90_10_seed42,gaussian_channel,4,1,1,0,0.6896551724137931,0.75,0,259,29,288,22,1000,synthetic_gaussian,/home/jovyan/eeg-repro/high-gamma-data/data/processed/vae_repo_90_10_seed42/real_splits/S04_real_splits.npz,/home/jovyan/eeg-repro/high-gamma-data/data/generated/vae_repo_90_10_seed42/gaussian/gaussian_channel/S04_generator-seed1.npz,19.60565822571516,one mean and standard deviation per EEG channel; statistics fitted only to the central real training split; validation and test remain real.,
success,vae_repo_90_10_seed42,gaussian_channel,4,1,2,4,0.7241379310344828,0.7569444444444444,0,259,29,288,22,1000,synthetic_gaussian,/home/jovyan/eeg-repro/high-gamma-data/data/processed/vae_repo_90_10_seed42/real_splits/S04_real_splits.npz,/home/jovyan/eeg-repro/high-gamma-data/data/generated/vae_repo_90_10_seed42/gaussian/gaussian_channel/S04_generator-seed1.npz,21.708059139549732,one mean and standard deviation per EEG channel; statistics fitted only to the central real training split; validation and test remain real.,
success,vae_repo_90_10_seed42,gaussian_channel,4,2,0,1,0.6896551724137931,0.7638888888888888,0,259,29,288,22,1000,synthetic_gaussian,/home/jovyan/eeg-repro/high-gamma-data/data/processed/vae_repo_90_10_seed42/real_splits/S04_real_splits.npz,/home/jovyan/eeg-repro/high-gamma-data/data/generated/vae_repo_90_10_seed42/gaussian/gaussian_channel/S04_generator-seed2.npz,20.285797744989395,one mean and standard deviation per EEG channel; statistics fitted only to the central real training split; validation and test remain real.,
success,vae_repo_90_10_seed42,gaussian_channel,4,2,1,14,0.6551724137931034,0.7326388888888888,0,259,29,288,22,1000,synthetic_gaussian,/home/jovyan/eeg-repro/high-gamma-data/data/processed/vae_repo_90_10_seed42/real_splits/S04_real_splits.npz,/home/jovyan/eeg-repro/high-gamma-data/data/generated/vae_repo_90_10_seed42/gaussian/gaussian_channel/S04_generator-seed2.npz,28.701790515333414,one mean and standard deviation per EEG channel; statistics fitted only to the central real training split; validation and test remain real.,
success,vae_repo_90_10_seed42,gaussian_channel,4,2,2,3,0.5862068965517242,0.7465277777777778,0,259,29,288,22,1000,synthetic_gaussian,/home/jovyan/eeg-repro/high-gamma-data/data/processed/vae_repo_90_10_seed42/real_splits/S04_real_splits.npz,/home/jovyan/eeg-repro/high-gamma-data/data/generated/vae_repo_90_10_seed42/gaussian/gaussian_channel/S04_generator-seed2.npz,21.826626125723124,one mean and standard deviation per EEG channel; statistics fitted only to the central real training split; validation and test remain real.,
success,vae_repo_90_10_seed42,gaussian_channel,5,0,0,1,0.6896551724137931,0.75,0,259,29,288,22,1000,synthetic_gaussian,/home/jovyan/eeg-repro/high-gamma-data/data/processed/vae_repo_90_10_seed42/real_splits/S05_real_splits.npz,/home/jovyan/eeg-repro/high-gamma-data/data/generated/vae_repo_90_10_seed42/gaussian/gaussian_channel/S05_generator-seed0.npz,20.355004504323006,one mean and standard deviation per EEG channel; statistics fitted only to the central real training split; validation and test remain real.,
success,vae_repo_90_10_seed42,gaussian_channel,5,0,1,30,0.6896551724137931,0.7395833333333333,0,259,29,288,22,1000,synthetic_gaussian,/home/jovyan/eeg-repro/high-gamma-data/data/processed/vae_repo_90_10_seed42/real_splits/S05_real_splits.npz,/home/jovyan/eeg-repro/high-gamma-data/data/generated/vae_repo_90_10_seed42/gaussian/gaussian_channel/S05_generator-seed0.npz,19.41255148872733,one mean and standard deviation per EEG channel; statistics fitted only to the central real training split; validation and test remain real.,
success,vae_repo_90_10_seed42,gaussian_channel,5,0,2,30,0.8275862068965517,0.7326388888888888,0,259,29,288,22,1000,synthetic_gaussian,/home/jovyan/eeg-repro/high-gamma-data/data/processed/vae_repo_90_10_seed42/real_splits/S05_real_splits.npz,/home/jovyan/eeg-repro/high-gamma-data/data/generated/vae_repo_90_10_seed42/gaussian/gaussian_channel/S05_generator-seed0.npz,19.725942451506853,one mean and standard deviation per EEG channel; statistics fitted only to the central real training split; validation and test remain real.,
success,vae_repo_90_10_seed42,gaussian_channel,5,1,0,44,0.6896551724137931,0.75,0,259,29,288,22,1000,synthetic_gaussian,/home/jovyan/eeg-repro/high-gamma-data/data/processed/vae_repo_90_10_seed42/real_splits/S05_real_splits.npz,/home/jovyan/eeg-repro/high-gamma-data/data/generated/vae_repo_90_10_seed42/gaussian/gaussian_channel/S05_generator-seed1.npz,28.374908436089754,one mean and standard deviation per EEG channel; statistics fitted only to the central real training split; validation and test remain real.,
success,vae_repo_90_10_seed42,gaussian_channel,5,1,1,2,0.6551724137931034,0.75,0,259,29,288,22,1000,synthetic_gaussian,/home/jovyan/eeg-repro/high-gamma-data/data/processed/vae_repo_90_10_seed42/real_splits/S05_real_splits.npz,/home/jovyan/eeg-repro/high-gamma-data/data/generated/vae_repo_90_10_seed42/gaussian/gaussian_channel/S05_generator-seed1.npz,20.142201889306307,one mean and standard deviation per EEG channel; statistics fitted only to the central real training split; validation and test remain real.,
success,vae_repo_90_10_seed42,gaussian_channel,5,1,2,56,0.6896551724137931,0.75,0,259,29,288,22,1000,synthetic_gaussian,/home/jovyan/eeg-repro/high-gamma-data/data/processed/vae_repo_90_10_seed42/real_splits/S05_real_splits.npz,/home/jovyan/eeg-repro/high-gamma-data/data/generated/vae_repo_90_10_seed42/gaussian/gaussian_channel/S05_generator-seed1.npz,35.53302447870374,one mean and standard deviation per EEG channel; statistics fitted only to the central real training split; validation and test remain real.,
success,vae_repo_90_10_seed42,gaussian_channel,5,2,0,1,0.7241379310344828,0.75,0,259,29,288,22,1000,synthetic_gaussian,/home/jovyan/eeg-repro/high-gamma-data/data/processed/vae_repo_90_10_seed42/real_splits/S05_real_splits.npz,/home/jovyan/eeg-repro/high-gamma-data/data/generated/vae_repo_90_10_seed42/gaussian/gaussian_channel/S05_generator-seed2.npz,20.01157559081912,one mean and standard deviation per EEG channel; statistics fitted only to the central real training split; validation and test remain real.,
success,vae_repo_90_10_seed42,gaussian_channel,5,2,1,0,0.6896551724137931,0.75,0,259,29,288,22,1000,synthetic_gaussian,/home/jovyan/eeg-repro/high-gamma-data/data/processed/vae_repo_90_10_seed42/real_splits/S05_real_splits.npz,/home/jovyan/eeg-repro/high-gamma-data/data/generated/vae_repo_90_10_seed42/gaussian/gaussian_channel/S05_generator-seed2.npz,19.713052824139595,one mean and standard deviation per EEG channel; statistics fitted only to the central real training split; validation and test remain real.,
success,vae_repo_90_10_seed42,gaussian_channel,5,2,2,31,0.7931034482758621,0.78125,0,259,29,288,22,1000,synthetic_gaussian,/home/jovyan/eeg-repro/high-gamma-data/data/processed/vae_repo_90_10_seed42/real_splits/S05_real_splits.npz,/home/jovyan/eeg-repro/high-gamma-data/data/generated/vae_repo_90_10_seed42/gaussian/gaussian_channel/S05_generator-seed2.npz,20.004549276083708,one mean and standard deviation per EEG channel; statistics fitted only to the central real training split; validation and test remain real.,
success,vae_repo_90_10_seed42,gaussian_channel,6,0,0,17,0.6551724137931034,0.75,0,259,29,288,22,1000,synthetic_gaussian,/home/jovyan/eeg-repro/high-gamma-data/data/processed/vae_repo_90_10_seed42/real_splits/S06_real_splits.npz,/home/jovyan/eeg-repro/high-gamma-data/data/generated/vae_repo_90_10_seed42/gaussian/gaussian_channel/S06_generator-seed0.npz,25.24802229553461,one mean and standard deviation per EEG channel; statistics fitted only to the central real training split; validation and test remain real.,
success,vae_repo_90_10_seed42,gaussian_channel,6,0,1,31,0.6896551724137931,0.7430555555555556,0,259,29,288,22,1000,synthetic_gaussian,/home/jovyan/eeg-repro/high-gamma-data/data/processed/vae_repo_90_10_seed42/real_splits/S06_real_splits.npz,/home/jovyan/eeg-repro/high-gamma-data/data/generated/vae_repo_90_10_seed42/gaussian/gaussian_channel/S06_generator-seed0.npz,21.914360776543617,one mean and standard deviation per EEG channel; statistics fitted only to the central real training split; validation and test remain real.,
success,vae_repo_90_10_seed42,gaussian_channel,6,0,2,25,0.6551724137931034,0.7881944444444444,0,259,29,288,22,1000,synthetic_gaussian,/home/jovyan/eeg-repro/high-gamma-data/data/processed/vae_repo_90_10_seed42/real_splits/S06_real_splits.npz,/home/jovyan/eeg-repro/high-gamma-data/data/generated/vae_repo_90_10_seed42/gaussian/gaussian_channel/S06_generator-seed0.npz,35.015851989388466,one mean and standard deviation per EEG channel; statistics fitted only to the central real training split; validation and test remain real.,
success,vae_repo_90_10_seed42,gaussian_channel,6,1,0,68,0.5517241379310345,0.7777777777777778,0,259,29,288,22,1000,synthetic_gaussian,/home/jovyan/eeg-repro/high-gamma-data/data/processed/vae_repo_90_10_seed42/real_splits/S06_real_splits.npz,/home/jovyan/eeg-repro/high-gamma-data/data/generated/vae_repo_90_10_seed42/gaussian/gaussian_channel/S06_generator-seed1.npz,57.744141552597284,one mean and standard deviation per EEG channel; statistics fitted only to the central real training split; validation and test remain real.,
success,vae_repo_90_10_seed42,gaussian_channel,6,1,1,25,0.7241379310344828,0.7430555555555556,0,259,29,288,22,1000,synthetic_gaussian,/home/jovyan/eeg-repro/high-gamma-data/data/processed/vae_repo_90_10_seed42/real_splits/S06_real_splits.npz,/home/jovyan/eeg-repro/high-gamma-data/data/generated/vae_repo_90_10_seed42/gaussian/gaussian_channel/S06_generator-seed1.npz,32.4503324739635,one mean and standard deviation per EEG channel; statistics fitted only to the central real training split; validation and test remain real.,
success,vae_repo_90_10_seed42,gaussian_channel,6,1,2,26,0.6896551724137931,0.6944444444444444,0,259,29,288,22,1000,synthetic_gaussian,/home/jovyan/eeg-repro/high-gamma-data/data/processed/vae_repo_90_10_seed42/real_splits/S06_real_splits.npz,/home/jovyan/eeg-repro/high-gamma-data/data/generated/vae_repo_90_10_seed42/gaussian/gaussian_channel/S06_generator-seed1.npz,23.664817560464144,one mean and standard deviation per EEG channel; statistics fitted only to the central real training split; validation and test remain real.,
success,vae_repo_90_10_seed42,gaussian_channel,6,2,0,19,0.7241379310344828,0.7534722222222222,0,259,29,288,22,1000,synthetic_gaussian,/home/jovyan/eeg-repro/high-gamma-data/data/processed/vae_repo_90_10_seed42/real_splits/S06_real_splits.npz,/home/jovyan/eeg-repro/high-gamma-data/data/generated/vae_repo_90_10_seed42/gaussian/gaussian_channel/S06_generator-seed2.npz,19.950479988008738,one mean and standard deviation per EEG channel; statistics fitted only to the central real training split; validation and test remain real.,
success,vae_repo_90_10_seed42,gaussian_channel,6,2,1,6,0.6551724137931034,0.7048611111111112,0,259,29,288,22,1000,synthetic_gaussian,/home/jovyan/eeg-repro/high-gamma-data/data/processed/vae_repo_90_10_seed42/real_splits/S06_real_splits.npz,/home/jovyan/eeg-repro/high-gamma-data/data/generated/vae_repo_90_10_seed42/gaussian/gaussian_channel/S06_generator-seed2.npz,23.786852806806564,one mean and standard deviation per EEG channel; statistics fitted only to the central real training split; validation and test remain real.,
success,vae_repo_90_10_seed42,gaussian_channel,6,2,2,1,0.6896551724137931,0.7534722222222222,0,259,29,288,22,1000,synthetic_gaussian,/home/jovyan/eeg-repro/high-gamma-data/data/processed/vae_repo_90_10_seed42/real_splits/S06_real_splits.npz,/home/jovyan/eeg-repro/high-gamma-data/data/generated/vae_repo_90_10_seed42/gaussian/gaussian_channel/S06_generator-seed2.npz,19.839868247509003,one mean and standard deviation per EEG channel; statistics fitted only to the central real training split; validation and test remain real.,
success,vae_repo_90_10_seed42,gaussian_channel,7,0,0,3,0.6896551724137931,0.7430555555555556,0,259,29,288,22,1000,synthetic_gaussian,/home/jovyan/eeg-repro/high-gamma-data/data/processed/vae_repo_90_10_seed42/real_splits/S07_real_splits.npz,/home/jovyan/eeg-repro/high-gamma-data/data/generated/vae_repo_90_10_seed42/gaussian/gaussian_channel/S07_generator-seed0.npz,21.861492715775967,one mean and standard deviation per EEG channel; statistics fitted only to the central real training split; validation and test remain real.,
success,vae_repo_90_10_seed42,gaussian_channel,7,0,1,5,0.6551724137931034,0.7743055555555556,0,259,29,288,22,1000,synthetic_gaussian,/home/jovyan/eeg-repro/high-gamma-data/data/processed/vae_repo_90_10_seed42/real_splits/S07_real_splits.npz,/home/jovyan/eeg-repro/high-gamma-data/data/generated/vae_repo_90_10_seed42/gaussian/gaussian_channel/S07_generator-seed0.npz,22.765527322888374,one mean and standard deviation per EEG channel; statistics fitted only to the central real training split; validation and test remain real.,
success,vae_repo_90_10_seed42,gaussian_channel,7,0,2,0,0.7931034482758621,0.7465277777777778,0,259,29,288,22,1000,synthetic_gaussian,/home/jovyan/eeg-repro/high-gamma-data/data/processed/vae_repo_90_10_seed42/real_splits/S07_real_splits.npz,/home/jovyan/eeg-repro/high-gamma-data/data/generated/vae_repo_90_10_seed42/gaussian/gaussian_channel/S07_generator-seed0.npz,19.18280352279544,one mean and standard deviation per EEG channel; statistics fitted only to the central real training split; validation and test remain real.,
success,vae_repo_90_10_seed42,gaussian_channel,7,1,0,28,0.6551724137931034,0.7708333333333334,0,259,29,288,22,1000,synthetic_gaussian,/home/jovyan/eeg-repro/high-gamma-data/data/processed/vae_repo_90_10_seed42/real_splits/S07_real_splits.npz,/home/jovyan/eeg-repro/high-gamma-data/data/generated/vae_repo_90_10_seed42/gaussian/gaussian_channel/S07_generator-seed1.npz,34.657364174723625,one mean and standard deviation per EEG channel; statistics fitted only to the central real training split; validation and test remain real.,
success,vae_repo_90_10_seed42,gaussian_channel,7,1,1,1,0.6206896551724138,0.7569444444444444,0,259,29,288,22,1000,synthetic_gaussian,/home/jovyan/eeg-repro/high-gamma-data/data/processed/vae_repo_90_10_seed42/real_splits/S07_real_splits.npz,/home/jovyan/eeg-repro/high-gamma-data/data/generated/vae_repo_90_10_seed42/gaussian/gaussian_channel/S07_generator-seed1.npz,20.6519425958395,one mean and standard deviation per EEG channel; statistics fitted only to the central real training split; validation and test remain real.,
success,vae_repo_90_10_seed42,gaussian_channel,7,1,2,58,0.6896551724137931,0.75,0,259,29,288,22,1000,synthetic_gaussian,/home/jovyan/eeg-repro/high-gamma-data/data/processed/vae_repo_90_10_seed42/real_splits/S07_real_splits.npz,/home/jovyan/eeg-repro/high-gamma-data/data/generated/vae_repo_90_10_seed42/gaussian/gaussian_channel/S07_generator-seed1.npz,38.106328044086695,one mean and standard deviation per EEG channel; statistics fitted only to the central real training split; validation and test remain real.,
success,vae_repo_90_10_seed42,gaussian_channel,7,2,0,1,0.5517241379310345,0.7534722222222222,0,259,29,288,22,1000,synthetic_gaussian,/home/jovyan/eeg-repro/high-gamma-data/data/processed/vae_repo_90_10_seed42/real_splits/S07_real_splits.npz,/home/jovyan/eeg-repro/high-gamma-data/data/generated/vae_repo_90_10_seed42/gaussian/gaussian_channel/S07_generator-seed2.npz,20.33199107646942,one mean and standard deviation per EEG channel; statistics fitted only to the central real training split; validation and test remain real.,
success,vae_repo_90_10_seed42,gaussian_channel,7,2,1,1,0.6896551724137931,0.7673611111111112,0,259,29,288,22,1000,synthetic_gaussian,/home/jovyan/eeg-repro/high-gamma-data/data/processed/vae_repo_90_10_seed42/real_splits/S07_real_splits.npz,/home/jovyan/eeg-repro/high-gamma-data/data/generated/vae_repo_90_10_seed42/gaussian/gaussian_channel/S07_generator-seed2.npz,19.612322375178337,one mean and standard deviation per EEG channel; statistics fitted only to the central real training split; validation and test remain real.,
success,vae_repo_90_10_seed42,gaussian_channel,7,2,2,30,0.7931034482758621,0.75,0,259,29,288,22,1000,synthetic_gaussian,/home/jovyan/eeg-repro/high-gamma-data/data/processed/vae_repo_90_10_seed42/real_splits/S07_real_splits.npz,/home/jovyan/eeg-repro/high-gamma-data/data/generated/vae_repo_90_10_seed42/gaussian/gaussian_channel/S07_generator-seed2.npz,20.113125007599592,one mean and standard deviation per EEG channel; statistics fitted only to the central real training split; validation and test remain real.,
success,vae_repo_90_10_seed42,gaussian_channel,8,0,0,2,0.7241379310344828,0.7465277777777778,0,259,29,288,22,1000,synthetic_gaussian,/home/jovyan/eeg-repro/high-gamma-data/data/processed/vae_repo_90_10_seed42/real_splits/S08_real_splits.npz,/home/jovyan/eeg-repro/high-gamma-data/data/generated/vae_repo_90_10_seed42/gaussian/gaussian_channel/S08_generator-seed0.npz,21.031825561076403,one mean and standard deviation per EEG channel; statistics fitted only to the central real training split; validation and test remain real.,
success,vae_repo_90_10_seed42,gaussian_channel,8,0,1,30,0.6896551724137931,0.75,0,259,29,288,22,1000,synthetic_gaussian,/home/jovyan/eeg-repro/high-gamma-data/data/processed/vae_repo_90_10_seed42/real_splits/S08_real_splits.npz,/home/jovyan/eeg-repro/high-gamma-data/data/generated/vae_repo_90_10_seed42/gaussian/gaussian_channel/S08_generator-seed0.npz,19.727735482156277,one mean and standard deviation per EEG channel; statistics fitted only to the central real training split; validation and test remain real.,
success,vae_repo_90_10_seed42,gaussian_channel,8,0,2,36,0.7931034482758621,0.7569444444444444,0,259,29,288,22,1000,synthetic_gaussian,/home/jovyan/eeg-repro/high-gamma-data/data/processed/vae_repo_90_10_seed42/real_splits/S08_real_splits.npz,/home/jovyan/eeg-repro/high-gamma-data/data/generated/vae_repo_90_10_seed42/gaussian/gaussian_channel/S08_generator-seed0.npz,26.195650458335876,one mean and standard deviation per EEG channel; statistics fitted only to the central real training split; validation and test remain real.,
success,vae_repo_90_10_seed42,gaussian_channel,8,1,0,23,0.6896551724137931,0.8159722222222222,0,259,29,288,22,1000,synthetic_gaussian,/home/jovyan/eeg-repro/high-gamma-data/data/processed/vae_repo_90_10_seed42/real_splits/S08_real_splits.npz,/home/jovyan/eeg-repro/high-gamma-data/data/generated/vae_repo_90_10_seed42/gaussian/gaussian_channel/S08_generator-seed1.npz,20.303855024278164,one mean and standard deviation per EEG channel; statistics fitted only to the central real training split; validation and test remain real.,
success,vae_repo_90_10_seed42,gaussian_channel,8,1,1,1,0.6896551724137931,0.7604166666666666,0,259,29,288,22,1000,synthetic_gaussian,/home/jovyan/eeg-repro/high-gamma-data/data/processed/vae_repo_90_10_seed42/real_splits/S08_real_splits.npz,/home/jovyan/eeg-repro/high-gamma-data/data/generated/vae_repo_90_10_seed42/gaussian/gaussian_channel/S08_generator-seed1.npz,19.33354078605771,one mean and standard deviation per EEG channel; statistics fitted only to the central real training split; validation and test remain real.,
success,vae_repo_90_10_seed42,gaussian_channel,8,1,2,52,0.6896551724137931,0.75,0,259,29,288,22,1000,synthetic_gaussian,/home/jovyan/eeg-repro/high-gamma-data/data/processed/vae_repo_90_10_seed42/real_splits/S08_real_splits.npz,/home/jovyan/eeg-repro/high-gamma-data/data/generated/vae_repo_90_10_seed42/gaussian/gaussian_channel/S08_generator-seed1.npz,33.09978872537613,one mean and standard deviation per EEG channel; statistics fitted only to the central real training split; validation and test remain real.,
success,vae_repo_90_10_seed42,gaussian_channel,8,2,0,31,0.7586206896551724,0.7465277777777778,0,259,29,288,22,1000,synthetic_gaussian,/home/jovyan/eeg-repro/high-gamma-data/data/processed/vae_repo_90_10_seed42/real_splits/S08_real_splits.npz,/home/jovyan/eeg-repro/high-gamma-data/data/generated/vae_repo_90_10_seed42/gaussian/gaussian_channel/S08_generator-seed2.npz,20.41473800688982,one mean and standard deviation per EEG channel; statistics fitted only to the central real training split; validation and test remain real.,
success,vae_repo_90_10_seed42,gaussian_channel,8,2,1,0,0.6896551724137931,0.75,0,259,29,288,22,1000,synthetic_gaussian,/home/jovyan/eeg-repro/high-gamma-data/data/processed/vae_repo_90_10_seed42/real_splits/S08_real_splits.npz,/home/jovyan/eeg-repro/high-gamma-data/data/generated/vae_repo_90_10_seed42/gaussian/gaussian_channel/S08_generator-seed2.npz,19.644967794418335,one mean and standard deviation per EEG channel; statistics fitted only to the central real training split; validation and test remain real.,
success,vae_repo_90_10_seed42,gaussian_channel,8,2,2,32,0.7586206896551724,0.7569444444444444,0,259,29,288,22,1000,synthetic_gaussian,/home/jovyan/eeg-repro/high-gamma-data/data/processed/vae_repo_90_10_seed42/real_splits/S08_real_splits.npz,/home/jovyan/eeg-repro/high-gamma-data/data/generated/vae_repo_90_10_seed42/gaussian/gaussian_channel/S08_generator-seed2.npz,20.658784072846174,one mean and standard deviation per EEG channel; statistics fitted only to the central real training split; validation and test remain real.,
success,vae_repo_90_10_seed42,gaussian_channel,9,0,0,27,0.6551724137931034,0.7118055555555556,0,259,29,288,22,1000,synthetic_gaussian,/home/jovyan/eeg-repro/high-gamma-data/data/processed/vae_repo_90_10_seed42/real_splits/S09_real_splits.npz,/home/jovyan/eeg-repro/high-gamma-data/data/generated/vae_repo_90_10_seed42/gaussian/gaussian_channel/S09_generator-seed0.npz,36.00844180211425,one mean and standard deviation per EEG channel; statistics fitted only to the central real training split; validation and test remain real.,
success,vae_repo_90_10_seed42,gaussian_channel,9,0,1,37,0.7241379310344828,0.75,0,259,29,288,22,1000,synthetic_gaussian,/home/jovyan/eeg-repro/high-gamma-data/data/processed/vae_repo_90_10_seed42/real_splits/S09_real_splits.npz,/home/jovyan/eeg-repro/high-gamma-data/data/generated/vae_repo_90_10_seed42/gaussian/gaussian_channel/S09_generator-seed0.npz,27.307078521698713,one mean and standard deviation per EEG channel; statistics fitted only to the central real training split; validation and test remain real.,
success,vae_repo_90_10_seed42,gaussian_channel,9,0,2,17,0.7241379310344828,0.7847222222222222,0,259,29,288,22,1000,synthetic_gaussian,/home/jovyan/eeg-repro/high-gamma-data/data/processed/vae_repo_90_10_seed42/real_splits/S09_real_splits.npz,/home/jovyan/eeg-repro/high-gamma-data/data/generated/vae_repo_90_10_seed42/gaussian/gaussian_channel/S09_generator-seed0.npz,19.708472907543182,one mean and standard deviation per EEG channel; statistics fitted only to the central real training split; validation and test remain real.,
success,vae_repo_90_10_seed42,gaussian_channel,9,1,0,30,0.7241379310344828,0.7430555555555556,0,259,29,288,22,1000,synthetic_gaussian,/home/jovyan/eeg-repro/high-gamma-data/data/processed/vae_repo_90_10_seed42/real_splits/S09_real_splits.npz,/home/jovyan/eeg-repro/high-gamma-data/data/generated/vae_repo_90_10_seed42/gaussian/gaussian_channel/S09_generator-seed1.npz,19.58654071763158,one mean and standard deviation per EEG channel; statistics fitted only to the central real training split; validation and test remain real.,
success,vae_repo_90_10_seed42,gaussian_channel,9,1,1,6,0.6896551724137931,0.8715277777777778,0,259,29,288,22,1000,synthetic_gaussian,/home/jovyan/eeg-repro/high-gamma-data/data/processed/vae_repo_90_10_seed42/real_splits/S09_real_splits.npz,/home/jovyan/eeg-repro/high-gamma-data/data/generated/vae_repo_90_10_seed42/gaussian/gaussian_channel/S09_generator-seed1.npz,23.40459844842553,one mean and standard deviation per EEG channel; statistics fitted only to the central real training split; validation and test remain real.,
success,vae_repo_90_10_seed42,gaussian_channel,9,1,2,6,0.5862068965517242,0.7430555555555556,0,259,29,288,22,1000,synthetic_gaussian,/home/jovyan/eeg-repro/high-gamma-data/data/processed/vae_repo_90_10_seed42/real_splits/S09_real_splits.npz,/home/jovyan/eeg-repro/high-gamma-data/data/generated/vae_repo_90_10_seed42/gaussian/gaussian_channel/S09_generator-seed1.npz,23.435833174735308,one mean and standard deviation per EEG channel; statistics fitted only to the central real training split; validation and test remain real.,
success,vae_repo_90_10_seed42,gaussian_channel,9,2,0,2,0.7241379310344828,0.6319444444444444,0,259,29,288,22,1000,synthetic_gaussian,/home/jovyan/eeg-repro/high-gamma-data/data/processed/vae_repo_90_10_seed42/real_splits/S09_real_splits.npz,/home/jovyan/eeg-repro/high-gamma-data/data/generated/vae_repo_90_10_seed42/gaussian/gaussian_channel/S09_generator-seed2.npz,20.237836830317974,one mean and standard deviation per EEG channel; statistics fitted only to the central real training split; validation and test remain real.,
success,vae_repo_90_10_seed42,gaussian_channel,9,2,1,4,0.6551724137931034,0.6388888888888888,0,259,29,288,22,1000,synthetic_gaussian,/home/jovyan/eeg-repro/high-gamma-data/data/processed/vae_repo_90_10_seed42/real_splits/S09_real_splits.npz,/home/jovyan/eeg-repro/high-gamma-data/data/generated/vae_repo_90_10_seed42/gaussian/gaussian_channel/S09_generator-seed2.npz,22.05160105973482,one mean and standard deviation per EEG channel; statistics fitted only to the central real training split; validation and test remain real.,
success,vae_repo_90_10_seed42,gaussian_channel,9,2,2,30,0.7241379310344828,0.75,0,259,29,288,22,1000,synthetic_gaussian,/home/jovyan/eeg-repro/high-gamma-data/data/processed/vae_repo_90_10_seed42/real_splits/S09_real_splits.npz,/home/jovyan/eeg-repro/high-gamma-data/data/generated/vae_repo_90_10_seed42/gaussian/gaussian_channel/S09_generator-seed2.npz,19.521823320537806,one mean and standard deviation per EEG channel; statistics fitted only to the central real training split; validation and test remain real.,
success,vae_repo_90_10_seed42,gaussian_class,1,0,0,32,0.6206896551724138,0.7291666666666667,0,259,29,288,22,1000,synthetic_gaussian,/home/jovyan/eeg-repro/high-gamma-data/data/processed/vae_repo_90_10_seed42/real_splits/S01_real_splits.npz,/home/jovyan/eeg-repro/high-gamma-data/data/generated/vae_repo_90_10_seed42/gaussian/gaussian_class/S01_generator-seed0.npz,21.36031674593687,one mean and standard deviation per motor-imagery class; statistics fitted only to the central real training split; validation and test remain real.,
success,vae_repo_90_10_seed42,gaussian_class,1,0,1,24,0.6206896551724138,0.7395833333333333,0,259,29,288,22,1000,synthetic_gaussian,/home/jovyan/eeg-repro/high-gamma-data/data/processed/vae_repo_90_10_seed42/real_splits/S01_real_splits.npz,/home/jovyan/eeg-repro/high-gamma-data/data/generated/vae_repo_90_10_seed42/gaussian/gaussian_class/S01_generator-seed0.npz,29.676215823739767,one mean and standard deviation per motor-imagery class; statistics fitted only to the central real training split; validation and test remain real.,
success,vae_repo_90_10_seed42,gaussian_class,1,0,2,2,0.5517241379310345,0.7152777777777778,0,259,29,288,22,1000,synthetic_gaussian,/home/jovyan/eeg-repro/high-gamma-data/data/processed/vae_repo_90_10_seed42/real_splits/S01_real_splits.npz,/home/jovyan/eeg-repro/high-gamma-data/data/generated/vae_repo_90_10_seed42/gaussian/gaussian_class/S01_generator-seed0.npz,20.88000412657857,one mean and standard deviation per motor-imagery class; statistics fitted only to the central real training split; validation and test remain real.,
success,vae_repo_90_10_seed42,gaussian_class,1,1,0,18,0.6206896551724138,0.7291666666666667,0,259,29,288,22,1000,synthetic_gaussian,/home/jovyan/eeg-repro/high-gamma-data/data/processed/vae_repo_90_10_seed42/real_splits/S01_real_splits.npz,/home/jovyan/eeg-repro/high-gamma-data/data/generated/vae_repo_90_10_seed42/gaussian/gaussian_class/S01_generator-seed1.npz,30.698150910437107,one mean and standard deviation per motor-imagery class; statistics fitted only to the central real training split; validation and test remain real.,
success,vae_repo_90_10_seed42,gaussian_class,1,1,1,2,0.6206896551724138,0.7465277777777778,0,259,29,288,22,1000,synthetic_gaussian,/home/jovyan/eeg-repro/high-gamma-data/data/processed/vae_repo_90_10_seed42/real_splits/S01_real_splits.npz,/home/jovyan/eeg-repro/high-gamma-data/data/generated/vae_repo_90_10_seed42/gaussian/gaussian_class/S01_generator-seed1.npz,20.555430337786674,one mean and standard deviation per motor-imagery class; statistics fitted only to the central real training split; validation and test remain real.,
success,vae_repo_90_10_seed42,gaussian_class,1,1,2,4,0.5862068965517242,0.7361111111111112,0,259,29,288,22,1000,synthetic_gaussian,/home/jovyan/eeg-repro/high-gamma-data/data/processed/vae_repo_90_10_seed42/real_splits/S01_real_splits.npz,/home/jovyan/eeg-repro/high-gamma-data/data/generated/vae_repo_90_10_seed42/gaussian/gaussian_class/S01_generator-seed1.npz,22.41123941913247,one mean and standard deviation per motor-imagery class; statistics fitted only to the central real training split; validation and test remain real.,
success,vae_repo_90_10_seed42,gaussian_class,1,2,0,0,0.6551724137931034,0.7256944444444444,0,259,29,288,22,1000,synthetic_gaussian,/home/jovyan/eeg-repro/high-gamma-data/data/processed/vae_repo_90_10_seed42/real_splits/S01_real_splits.npz,/home/jovyan/eeg-repro/high-gamma-data/data/generated/vae_repo_90_10_seed42/gaussian/gaussian_class/S01_generator-seed2.npz,19.06344908475876,one mean and standard deviation per motor-imagery class; statistics fitted only to the central real training split; validation and test remain real.,
success,vae_repo_90_10_seed42,gaussian_class,1,2,1,34,0.7241379310344828,0.7118055555555556,0,259,29,288,22,1000,synthetic_gaussian,/home/jovyan/eeg-repro/high-gamma-data/data/processed/vae_repo_90_10_seed42/real_splits/S01_real_splits.npz,/home/jovyan/eeg-repro/high-gamma-data/data/generated/vae_repo_90_10_seed42/gaussian/gaussian_class/S01_generator-seed2.npz,22.89602356404066,one mean and standard deviation per motor-imagery class; statistics fitted only to the central real training split; validation and test remain real.,
success,vae_repo_90_10_seed42,gaussian_class,1,2,2,17,0.6206896551724138,0.7083333333333333,0,259,29,288,22,1000,synthetic_gaussian,/home/jovyan/eeg-repro/high-gamma-data/data/processed/vae_repo_90_10_seed42/real_splits/S01_real_splits.npz,/home/jovyan/eeg-repro/high-gamma-data/data/generated/vae_repo_90_10_seed42/gaussian/gaussian_class/S01_generator-seed2.npz,29.597499281167984,one mean and standard deviation per motor-imagery class; statistics fitted only to the central real training split; validation and test remain real.,
success,vae_repo_90_10_seed42,gaussian_class,2,0,0,1,0.6551724137931034,0.75,0,259,29,288,22,1000,synthetic_gaussian,/home/jovyan/eeg-repro/high-gamma-data/data/processed/vae_repo_90_10_seed42/real_splits/S02_real_splits.npz,/home/jovyan/eeg-repro/high-gamma-data/data/generated/vae_repo_90_10_seed42/gaussian/gaussian_class/S02_generator-seed0.npz,20.128062147647142,one mean and standard deviation per motor-imagery class; statistics fitted only to the central real training split; validation and test remain real.,
success,vae_repo_90_10_seed42,gaussian_class,2,0,1,5,0.6896551724137931,0.7465277777777778,0,259,29,288,22,1000,synthetic_gaussian,/home/jovyan/eeg-repro/high-gamma-data/data/processed/vae_repo_90_10_seed42/real_splits/S02_real_splits.npz,/home/jovyan/eeg-repro/high-gamma-data/data/generated/vae_repo_90_10_seed42/gaussian/gaussian_class/S02_generator-seed0.npz,19.499867770820856,one mean and standard deviation per motor-imagery class; statistics fitted only to the central real training split; validation and test remain real.,
success,vae_repo_90_10_seed42,gaussian_class,2,0,2,11,0.6896551724137931,0.7430555555555556,0,259,29,288,22,1000,synthetic_gaussian,/home/jovyan/eeg-repro/high-gamma-data/data/processed/vae_repo_90_10_seed42/real_splits/S02_real_splits.npz,/home/jovyan/eeg-repro/high-gamma-data/data/generated/vae_repo_90_10_seed42/gaussian/gaussian_class/S02_generator-seed0.npz,19.822493616491556,one mean and standard deviation per motor-imagery class; statistics fitted only to the central real training split; validation and test remain real.,
success,vae_repo_90_10_seed42,gaussian_class,2,1,0,7,0.6551724137931034,0.7534722222222222,0,259,29,288,22,1000,synthetic_gaussian,/home/jovyan/eeg-repro/high-gamma-data/data/processed/vae_repo_90_10_seed42/real_splits/S02_real_splits.npz,/home/jovyan/eeg-repro/high-gamma-data/data/generated/vae_repo_90_10_seed42/gaussian/gaussian_class/S02_generator-seed1.npz,21.50957427546382,one mean and standard deviation per motor-imagery class; statistics fitted only to the central real training split; validation and test remain real.,
success,vae_repo_90_10_seed42,gaussian_class,2,1,1,10,0.6206896551724138,0.7604166666666666,0,259,29,288,22,1000,synthetic_gaussian,/home/jovyan/eeg-repro/high-gamma-data/data/processed/vae_repo_90_10_seed42/real_splits/S02_real_splits.npz,/home/jovyan/eeg-repro/high-gamma-data/data/generated/vae_repo_90_10_seed42/gaussian/gaussian_class/S02_generator-seed1.npz,25.703224427998066,one mean and standard deviation per motor-imagery class; statistics fitted only to the central real training split; validation and test remain real.,
success,vae_repo_90_10_seed42,gaussian_class,2,1,2,1,0.6896551724137931,0.7430555555555556,0,259,29,288,22,1000,synthetic_gaussian,/home/jovyan/eeg-repro/high-gamma-data/data/processed/vae_repo_90_10_seed42/real_splits/S02_real_splits.npz,/home/jovyan/eeg-repro/high-gamma-data/data/generated/vae_repo_90_10_seed42/gaussian/gaussian_class/S02_generator-seed1.npz,19.911369491368532,one mean and standard deviation per motor-imagery class; statistics fitted only to the central real training split; validation and test remain real.,
success,vae_repo_90_10_seed42,gaussian_class,2,2,0,27,0.6896551724137931,0.75,0,259,29,288,22,1000,synthetic_gaussian,/home/jovyan/eeg-repro/high-gamma-data/data/processed/vae_repo_90_10_seed42/real_splits/S02_real_splits.npz,/home/jovyan/eeg-repro/high-gamma-data/data/generated/vae_repo_90_10_seed42/gaussian/gaussian_class/S02_generator-seed2.npz,19.877868451178074,one mean and standard deviation per motor-imagery class; statistics fitted only to the central real training split; validation and test remain real.,
success,vae_repo_90_10_seed42,gaussian_class,2,2,1,9,0.6206896551724138,0.7465277777777778,0,259,29,288,22,1000,synthetic_gaussian,/home/jovyan/eeg-repro/high-gamma-data/data/processed/vae_repo_90_10_seed42/real_splits/S02_real_splits.npz,/home/jovyan/eeg-repro/high-gamma-data/data/generated/vae_repo_90_10_seed42/gaussian/gaussian_class/S02_generator-seed2.npz,25.578699331730604,one mean and standard deviation per motor-imagery class; statistics fitted only to the central real training split; validation and test remain real.,
success,vae_repo_90_10_seed42,gaussian_class,2,2,2,8,0.6551724137931034,0.75,0,259,29,288,22,1000,synthetic_gaussian,/home/jovyan/eeg-repro/high-gamma-data/data/processed/vae_repo_90_10_seed42/real_splits/S02_real_splits.npz,/home/jovyan/eeg-repro/high-gamma-data/data/generated/vae_repo_90_10_seed42/gaussian/gaussian_class/S02_generator-seed2.npz,24.317154824733734,one mean and standard deviation per motor-imagery class; statistics fitted only to the central real training split; validation and test remain real.,
success,vae_repo_90_10_seed42,gaussian_class,3,0,0,17,0.6206896551724138,0.7291666666666667,0,259,29,288,22,1000,synthetic_gaussian,/home/jovyan/eeg-repro/high-gamma-data/data/processed/vae_repo_90_10_seed42/real_splits/S03_real_splits.npz,/home/jovyan/eeg-repro/high-gamma-data/data/generated/vae_repo_90_10_seed42/gaussian/gaussian_class/S03_generator-seed0.npz,30.323582876473665,one mean and standard deviation per motor-imagery class; statistics fitted only to the central real training split; validation and test remain real.,
success,vae_repo_90_10_seed42,gaussian_class,3,0,1,9,0.6206896551724138,0.7118055555555556,0,259,29,288,22,1000,synthetic_gaussian,/home/jovyan/eeg-repro/high-gamma-data/data/processed/vae_repo_90_10_seed42/real_splits/S03_real_splits.npz,/home/jovyan/eeg-repro/high-gamma-data/data/generated/vae_repo_90_10_seed42/gaussian/gaussian_class/S03_generator-seed0.npz,25.251347459852695,one mean and standard deviation per motor-imagery class; statistics fitted only to the central real training split; validation and test remain real.,
success,vae_repo_90_10_seed42,gaussian_class,3,0,2,13,0.6206896551724138,0.7326388888888888,0,259,29,288,22,1000,synthetic_gaussian,/home/jovyan/eeg-repro/high-gamma-data/data/processed/vae_repo_90_10_seed42/real_splits/S03_real_splits.npz,/home/jovyan/eeg-repro/high-gamma-data/data/generated/vae_repo_90_10_seed42/gaussian/gaussian_class/S03_generator-seed0.npz,27.585391741245985,one mean and standard deviation per motor-imagery class; statistics fitted only to the central real training split; validation and test remain real.,
success,vae_repo_90_10_seed42,gaussian_class,3,1,0,12,0.6206896551724138,0.7152777777777778,0,259,29,288,22,1000,synthetic_gaussian,/home/jovyan/eeg-repro/high-gamma-data/data/processed/vae_repo_90_10_seed42/real_splits/S03_real_splits.npz,/home/jovyan/eeg-repro/high-gamma-data/data/generated/vae_repo_90_10_seed42/gaussian/gaussian_class/S03_generator-seed1.npz,27.09139170125127,one mean and standard deviation per motor-imagery class; statistics fitted only to the central real training split; validation and test remain real.,
success,vae_repo_90_10_seed42,gaussian_class,3,1,1,8,0.6551724137931034,0.7083333333333333,0,259,29,288,22,1000,synthetic_gaussian,/home/jovyan/eeg-repro/high-gamma-data/data/processed/vae_repo_90_10_seed42/real_splits/S03_real_splits.npz,/home/jovyan/eeg-repro/high-gamma-data/data/generated/vae_repo_90_10_seed42/gaussian/gaussian_class/S03_generator-seed1.npz,24.213287729769945,one mean and standard deviation per motor-imagery class; statistics fitted only to the central real training split; validation and test remain real.,
success,vae_repo_90_10_seed42,gaussian_class,3,1,2,17,0.6206896551724138,0.7291666666666667,0,259,29,288,22,1000,synthetic_gaussian,/home/jovyan/eeg-repro/high-gamma-data/data/processed/vae_repo_90_10_seed42/real_splits/S03_real_splits.npz,/home/jovyan/eeg-repro/high-gamma-data/data/generated/vae_repo_90_10_seed42/gaussian/gaussian_class/S03_generator-seed1.npz,29.521876752376556,one mean and standard deviation per motor-imagery class; statistics fitted only to the central real training split; validation and test remain real.,
success,vae_repo_90_10_seed42,gaussian_class,3,2,0,26,0.5862068965517242,0.75,0,259,29,288,22,1000,synthetic_gaussian,/home/jovyan/eeg-repro/high-gamma-data/data/processed/vae_repo_90_10_seed42/real_splits/S03_real_splits.npz,/home/jovyan/eeg-repro/high-gamma-data/data/generated/vae_repo_90_10_seed42/gaussian/gaussian_class/S03_generator-seed2.npz,35.68971621617675,one mean and standard deviation per motor-imagery class; statistics fitted only to the central real training split; validation and test remain real.,
success,vae_repo_90_10_seed42,gaussian_class,3,2,1,30,0.6206896551724138,0.7395833333333333,0,259,29,288,22,1000,synthetic_gaussian,/home/jovyan/eeg-repro/high-gamma-data/data/processed/vae_repo_90_10_seed42/real_splits/S03_real_splits.npz,/home/jovyan/eeg-repro/high-gamma-data/data/generated/vae_repo_90_10_seed42/gaussian/gaussian_class/S03_generator-seed2.npz,23.466392561793327,one mean and standard deviation per motor-imagery class; statistics fitted only to the central real training split; validation and test remain real.,
success,vae_repo_90_10_seed42,gaussian_class,3,2,2,33,0.6551724137931034,0.7256944444444444,0,259,29,288,22,1000,synthetic_gaussian,/home/jovyan/eeg-repro/high-gamma-data/data/processed/vae_repo_90_10_seed42/real_splits/S03_real_splits.npz,/home/jovyan/eeg-repro/high-gamma-data/data/generated/vae_repo_90_10_seed42/gaussian/gaussian_class/S03_generator-seed2.npz,22.295242093503475,one mean and standard deviation per motor-imagery class; statistics fitted only to the central real training split; validation and test remain real.,
success,vae_repo_90_10_seed42,gaussian_class,4,0,0,28,0.5517241379310345,0.7013888888888888,0,259,29,288,22,1000,synthetic_gaussian,/home/jovyan/eeg-repro/high-gamma-data/data/processed/vae_repo_90_10_seed42/real_splits/S04_real_splits.npz,/home/jovyan/eeg-repro/high-gamma-data/data/generated/vae_repo_90_10_seed42/gaussian/gaussian_class/S04_generator-seed0.npz,27.748684771358967,one mean and standard deviation per motor-imagery class; statistics fitted only to the central real training split; validation and test remain real.,
success,vae_repo_90_10_seed42,gaussian_class,4,0,1,19,0.48275862068965514,0.7013888888888888,0,259,29,288,22,1000,synthetic_gaussian,/home/jovyan/eeg-repro/high-gamma-data/data/processed/vae_repo_90_10_seed42/real_splits/S04_real_splits.npz,/home/jovyan/eeg-repro/high-gamma-data/data/generated/vae_repo_90_10_seed42/gaussian/gaussian_class/S04_generator-seed0.npz,32.482488207519054,one mean and standard deviation per motor-imagery class; statistics fitted only to the central real training split; validation and test remain real.,
success,vae_repo_90_10_seed42,gaussian_class,4,0,2,28,0.6551724137931034,0.6805555555555556,0,259,29,288,22,1000,synthetic_gaussian,/home/jovyan/eeg-repro/high-gamma-data/data/processed/vae_repo_90_10_seed42/real_splits/S04_real_splits.npz,/home/jovyan/eeg-repro/high-gamma-data/data/generated/vae_repo_90_10_seed42/gaussian/gaussian_class/S04_generator-seed0.npz,21.823944576084614,one mean and standard deviation per motor-imagery class; statistics fitted only to the central real training split; validation and test remain real.,
success,vae_repo_90_10_seed42,gaussian_class,4,1,0,9,0.6206896551724138,0.7604166666666666,0,259,29,288,22,1000,synthetic_gaussian,/home/jovyan/eeg-repro/high-gamma-data/data/processed/vae_repo_90_10_seed42/real_splits/S04_real_splits.npz,/home/jovyan/eeg-repro/high-gamma-data/data/generated/vae_repo_90_10_seed42/gaussian/gaussian_class/S04_generator-seed1.npz,21.4644124917686,one mean and standard deviation per motor-imagery class; statistics fitted only to the central real training split; validation and test remain real.,
success,vae_repo_90_10_seed42,gaussian_class,4,1,1,3,0.5862068965517242,0.6840277777777778,0,259,29,288,22,1000,synthetic_gaussian,/home/jovyan/eeg-repro/high-gamma-data/data/processed/vae_repo_90_10_seed42/real_splits/S04_real_splits.npz,/home/jovyan/eeg-repro/high-gamma-data/data/generated/vae_repo_90_10_seed42/gaussian/gaussian_class/S04_generator-seed1.npz,21.755796615034342,one mean and standard deviation per motor-imagery class; statistics fitted only to the central real training split; validation and test remain real.,
success,vae_repo_90_10_seed42,gaussian_class,4,1,2,22,0.6206896551724138,0.7708333333333334,0,259,29,288,22,1000,synthetic_gaussian,/home/jovyan/eeg-repro/high-gamma-data/data/processed/vae_repo_90_10_seed42/real_splits/S04_real_splits.npz,/home/jovyan/eeg-repro/high-gamma-data/data/generated/vae_repo_90_10_seed42/gaussian/gaussian_class/S04_generator-seed1.npz,33.90504090115428,one mean and standard deviation per motor-imagery class; statistics fitted only to the central real training split; validation and test remain real.,
success,vae_repo_90_10_seed42,gaussian_class,4,2,0,3,0.5862068965517242,0.7256944444444444,0,259,29,288,22,1000,synthetic_gaussian,/home/jovyan/eeg-repro/high-gamma-data/data/processed/vae_repo_90_10_seed42/real_splits/S04_real_splits.npz,/home/jovyan/eeg-repro/high-gamma-data/data/generated/vae_repo_90_10_seed42/gaussian/gaussian_class/S04_generator-seed2.npz,21.562279250472784,one mean and standard deviation per motor-imagery class; statistics fitted only to the central real training split; validation and test remain real.,
success,vae_repo_90_10_seed42,gaussian_class,4,2,1,3,0.5517241379310345,0.6840277777777778,0,259,29,288,22,1000,synthetic_gaussian,/home/jovyan/eeg-repro/high-gamma-data/data/processed/vae_repo_90_10_seed42/real_splits/S04_real_splits.npz,/home/jovyan/eeg-repro/high-gamma-data/data/generated/vae_repo_90_10_seed42/gaussian/gaussian_class/S04_generator-seed2.npz,21.211481545120478,one mean and standard deviation per motor-imagery class; statistics fitted only to the central real training split; validation and test remain real.,
success,vae_repo_90_10_seed42,gaussian_class,4,2,2,40,0.5517241379310345,0.7222222222222222,0,259,29,288,22,1000,synthetic_gaussian,/home/jovyan/eeg-repro/high-gamma-data/data/processed/vae_repo_90_10_seed42/real_splits/S04_real_splits.npz,/home/jovyan/eeg-repro/high-gamma-data/data/generated/vae_repo_90_10_seed42/gaussian/gaussian_class/S04_generator-seed2.npz,34.81127501651645,one mean and standard deviation per motor-imagery class; statistics fitted only to the central real training split; validation and test remain real.,
success,vae_repo_90_10_seed42,gaussian_class,5,0,0,2,0.6551724137931034,0.75,0,259,29,288,22,1000,synthetic_gaussian,/home/jovyan/eeg-repro/high-gamma-data/data/processed/vae_repo_90_10_seed42/real_splits/S05_real_splits.npz,/home/jovyan/eeg-repro/high-gamma-data/data/generated/vae_repo_90_10_seed42/gaussian/gaussian_class/S05_generator-seed0.npz,20.535308726131916,one mean and standard deviation per motor-imagery class; statistics fitted only to the central real training split; validation and test remain real.,
success,vae_repo_90_10_seed42,gaussian_class,5,0,1,0,0.6896551724137931,0.75,0,259,29,288,22,1000,synthetic_gaussian,/home/jovyan/eeg-repro/high-gamma-data/data/processed/vae_repo_90_10_seed42/real_splits/S05_real_splits.npz,/home/jovyan/eeg-repro/high-gamma-data/data/generated/vae_repo_90_10_seed42/gaussian/gaussian_class/S05_generator-seed0.npz,19.72357825934887,one mean and standard deviation per motor-imagery class; statistics fitted only to the central real training split; validation and test remain real.,
success,vae_repo_90_10_seed42,gaussian_class,5,0,2,33,0.7931034482758621,0.7395833333333333,0,259,29,288,22,1000,synthetic_gaussian,/home/jovyan/eeg-repro/high-gamma-data/data/processed/vae_repo_90_10_seed42/real_splits/S05_real_splits.npz,/home/jovyan/eeg-repro/high-gamma-data/data/generated/vae_repo_90_10_seed42/gaussian/gaussian_class/S05_generator-seed0.npz,21.331566378474236,one mean and standard deviation per motor-imagery class; statistics fitted only to the central real training split; validation and test remain real.,
success,vae_repo_90_10_seed42,gaussian_class,5,1,0,2,0.6896551724137931,0.75,0,259,29,288,22,1000,synthetic_gaussian,/home/jovyan/eeg-repro/high-gamma-data/data/processed/vae_repo_90_10_seed42/real_splits/S05_real_splits.npz,/home/jovyan/eeg-repro/high-gamma-data/data/generated/vae_repo_90_10_seed42/gaussian/gaussian_class/S05_generator-seed1.npz,20.942509066313505,one mean and standard deviation per motor-imagery class; statistics fitted only to the central real training split; validation and test remain real.,
success,vae_repo_90_10_seed42,gaussian_class,5,1,1,24,0.6896551724137931,0.7569444444444444,0,259,29,288,22,1000,synthetic_gaussian,/home/jovyan/eeg-repro/high-gamma-data/data/processed/vae_repo_90_10_seed42/real_splits/S05_real_splits.npz,/home/jovyan/eeg-repro/high-gamma-data/data/generated/vae_repo_90_10_seed42/gaussian/gaussian_class/S05_generator-seed1.npz,19.72726507484913,one mean and standard deviation per motor-imagery class; statistics fitted only to the central real training split; validation and test remain real.,
success,vae_repo_90_10_seed42,gaussian_class,5,1,2,24,0.7586206896551724,0.7569444444444444,0,259,29,288,22,1000,synthetic_gaussian,/home/jovyan/eeg-repro/high-gamma-data/data/processed/vae_repo_90_10_seed42/real_splits/S05_real_splits.npz,/home/jovyan/eeg-repro/high-gamma-data/data/generated/vae_repo_90_10_seed42/gaussian/gaussian_class/S05_generator-seed1.npz,30.226147305220366,one mean and standard deviation per motor-imagery class; statistics fitted only to the central real training split; validation and test remain real.,
success,vae_repo_90_10_seed42,gaussian_class,5,2,0,2,0.5862068965517242,0.75,0,259,29,288,22,1000,synthetic_gaussian,/home/jovyan/eeg-repro/high-gamma-data/data/processed/vae_repo_90_10_seed42/real_splits/S05_real_splits.npz,/home/jovyan/eeg-repro/high-gamma-data/data/generated/vae_repo_90_10_seed42/gaussian/gaussian_class/S05_generator-seed2.npz,20.663733188062906,one mean and standard deviation per motor-imagery class; statistics fitted only to the central real training split; validation and test remain real.,
success,vae_repo_90_10_seed42,gaussian_class,5,2,1,20,0.5517241379310345,0.7638888888888888,0,259,29,288,22,1000,synthetic_gaussian,/home/jovyan/eeg-repro/high-gamma-data/data/processed/vae_repo_90_10_seed42/real_splits/S05_real_splits.npz,/home/jovyan/eeg-repro/high-gamma-data/data/generated/vae_repo_90_10_seed42/gaussian/gaussian_class/S05_generator-seed2.npz,31.224897008389235,one mean and standard deviation per motor-imagery class; statistics fitted only to the central real training split; validation and test remain real.,
success,vae_repo_90_10_seed42,gaussian_class,5,2,2,11,0.6896551724137931,0.75,0,259,29,288,22,1000,synthetic_gaussian,/home/jovyan/eeg-repro/high-gamma-data/data/processed/vae_repo_90_10_seed42/real_splits/S05_real_splits.npz,/home/jovyan/eeg-repro/high-gamma-data/data/generated/vae_repo_90_10_seed42/gaussian/gaussian_class/S05_generator-seed2.npz,24.157698825001717,one mean and standard deviation per motor-imagery class; statistics fitted only to the central real training split; validation and test remain real.,
success,vae_repo_90_10_seed42,gaussian_class,6,0,0,2,0.6896551724137931,0.7326388888888888,0,259,29,288,22,1000,synthetic_gaussian,/home/jovyan/eeg-repro/high-gamma-data/data/processed/vae_repo_90_10_seed42/real_splits/S06_real_splits.npz,/home/jovyan/eeg-repro/high-gamma-data/data/generated/vae_repo_90_10_seed42/gaussian/gaussian_class/S06_generator-seed0.npz,20.709988497197628,one mean and standard deviation per motor-imagery class; statistics fitted only to the central real training split; validation and test remain real.,
success,vae_repo_90_10_seed42,gaussian_class,6,0,1,28,0.6896551724137931,0.7291666666666667,0,259,29,288,22,1000,synthetic_gaussian,/home/jovyan/eeg-repro/high-gamma-data/data/processed/vae_repo_90_10_seed42/real_splits/S06_real_splits.npz,/home/jovyan/eeg-repro/high-gamma-data/data/generated/vae_repo_90_10_seed42/gaussian/gaussian_class/S06_generator-seed0.npz,33.8237651437521,one mean and standard deviation per motor-imagery class; statistics fitted only to the central real training split; validation and test remain real.,
success,vae_repo_90_10_seed42,gaussian_class,6,0,2,33,0.6206896551724138,0.7395833333333333,0,259,29,288,22,1000,synthetic_gaussian,/home/jovyan/eeg-repro/high-gamma-data/data/processed/vae_repo_90_10_seed42/real_splits/S06_real_splits.npz,/home/jovyan/eeg-repro/high-gamma-data/data/generated/vae_repo_90_10_seed42/gaussian/gaussian_class/S06_generator-seed0.npz,41.15807104110718,one mean and standard deviation per motor-imagery class; statistics fitted only to the central real training split; validation and test remain real.,
success,vae_repo_90_10_seed42,gaussian_class,6,1,0,28,0.6206896551724138,0.7326388888888888,0,259,29,288,22,1000,synthetic_gaussian,/home/jovyan/eeg-repro/high-gamma-data/data/processed/vae_repo_90_10_seed42/real_splits/S06_real_splits.npz,/home/jovyan/eeg-repro/high-gamma-data/data/generated/vae_repo_90_10_seed42/gaussian/gaussian_class/S06_generator-seed1.npz,35.045021183788776,one mean and standard deviation per motor-imagery class; statistics fitted only to the central real training split; validation and test remain real.,
success,vae_repo_90_10_seed42,gaussian_class,6,1,1,2,0.7241379310344828,0.7083333333333333,0,259,29,288,22,1000,synthetic_gaussian,/home/jovyan/eeg-repro/high-gamma-data/data/processed/vae_repo_90_10_seed42/real_splits/S06_real_splits.npz,/home/jovyan/eeg-repro/high-gamma-data/data/generated/vae_repo_90_10_seed42/gaussian/gaussian_class/S06_generator-seed1.npz,20.83588894084096,one mean and standard deviation per motor-imagery class; statistics fitted only to the central real training split; validation and test remain real.,
success,vae_repo_90_10_seed42,gaussian_class,6,1,2,4,0.6896551724137931,0.7534722222222222,0,259,29,288,22,1000,synthetic_gaussian,/home/jovyan/eeg-repro/high-gamma-data/data/processed/vae_repo_90_10_seed42/real_splits/S06_real_splits.npz,/home/jovyan/eeg-repro/high-gamma-data/data/generated/vae_repo_90_10_seed42/gaussian/gaussian_class/S06_generator-seed1.npz,20.900880072265863,one mean and standard deviation per motor-imagery class; statistics fitted only to the central real training split; validation and test remain real.,
success,vae_repo_90_10_seed42,gaussian_class,6,2,0,1,0.7241379310344828,0.7465277777777778,0,259,29,288,22,1000,synthetic_gaussian,/home/jovyan/eeg-repro/high-gamma-data/data/processed/vae_repo_90_10_seed42/real_splits/S06_real_splits.npz,/home/jovyan/eeg-repro/high-gamma-data/data/generated/vae_repo_90_10_seed42/gaussian/gaussian_class/S06_generator-seed2.npz,19.617038525640965,one mean and standard deviation per motor-imagery class; statistics fitted only to the central real training split; validation and test remain real.,
success,vae_repo_90_10_seed42,gaussian_class,6,2,1,2,0.7241379310344828,0.7152777777777778,0,259,29,288,22,1000,synthetic_gaussian,/home/jovyan/eeg-repro/high-gamma-data/data/processed/vae_repo_90_10_seed42/real_splits/S06_real_splits.npz,/home/jovyan/eeg-repro/high-gamma-data/data/generated/vae_repo_90_10_seed42/gaussian/gaussian_class/S06_generator-seed2.npz,20.227160904556513,one mean and standard deviation per motor-imagery class; statistics fitted only to the central real training split; validation and test remain real.,
success,vae_repo_90_10_seed42,gaussian_class,6,2,2,5,0.6896551724137931,0.7569444444444444,0,259,29,288,22,1000,synthetic_gaussian,/home/jovyan/eeg-repro/high-gamma-data/data/processed/vae_repo_90_10_seed42/real_splits/S06_real_splits.npz,/home/jovyan/eeg-repro/high-gamma-data/data/generated/vae_repo_90_10_seed42/gaussian/gaussian_class/S06_generator-seed2.npz,22.784396048635244,one mean and standard deviation per motor-imagery class; statistics fitted only to the central real training split; validation and test remain real.,
success,vae_repo_90_10_seed42,gaussian_class,7,0,0,9,0.48275862068965514,0.7256944444444444,0,259,29,288,22,1000,synthetic_gaussian,/home/jovyan/eeg-repro/high-gamma-data/data/processed/vae_repo_90_10_seed42/real_splits/S07_real_splits.npz,/home/jovyan/eeg-repro/high-gamma-data/data/generated/vae_repo_90_10_seed42/gaussian/gaussian_class/S07_generator-seed0.npz,24.782892648130655,one mean and standard deviation per motor-imagery class; statistics fitted only to the central real training split; validation and test remain real.,
success,vae_repo_90_10_seed42,gaussian_class,7,0,1,35,0.5517241379310345,0.7083333333333333,0,259,29,288,22,1000,synthetic_gaussian,/home/jovyan/eeg-repro/high-gamma-data/data/processed/vae_repo_90_10_seed42/real_splits/S07_real_splits.npz,/home/jovyan/eeg-repro/high-gamma-data/data/generated/vae_repo_90_10_seed42/gaussian/gaussian_class/S07_generator-seed0.npz,40.40745917707682,one mean and standard deviation per motor-imagery class; statistics fitted only to the central real training split; validation and test remain real.,
success,vae_repo_90_10_seed42,gaussian_class,7,0,2,24,0.6551724137931034,0.6979166666666667,0,259,29,288,22,1000,synthetic_gaussian,/home/jovyan/eeg-repro/high-gamma-data/data/processed/vae_repo_90_10_seed42/real_splits/S07_real_splits.npz,/home/jovyan/eeg-repro/high-gamma-data/data/generated/vae_repo_90_10_seed42/gaussian/gaussian_class/S07_generator-seed0.npz,23.938081182539463,one mean and standard deviation per motor-imagery class; statistics fitted only to the central real training split; validation and test remain real.,
success,vae_repo_90_10_seed42,gaussian_class,7,1,0,7,0.5862068965517242,0.7569444444444444,0,259,29,288,22,1000,synthetic_gaussian,/home/jovyan/eeg-repro/high-gamma-data/data/processed/vae_repo_90_10_seed42/real_splits/S07_real_splits.npz,/home/jovyan/eeg-repro/high-gamma-data/data/generated/vae_repo_90_10_seed42/gaussian/gaussian_class/S07_generator-seed1.npz,23.30035176873207,one mean and standard deviation per motor-imagery class; statistics fitted only to the central real training split; validation and test remain real.,
success,vae_repo_90_10_seed42,gaussian_class,7,1,1,4,0.48275862068965514,0.7256944444444444,0,259,29,288,22,1000,synthetic_gaussian,/home/jovyan/eeg-repro/high-gamma-data/data/processed/vae_repo_90_10_seed42/real_splits/S07_real_splits.npz,/home/jovyan/eeg-repro/high-gamma-data/data/generated/vae_repo_90_10_seed42/gaussian/gaussian_class/S07_generator-seed1.npz,21.933102898299694,one mean and standard deviation per motor-imagery class; statistics fitted only to the central real training split; validation and test remain real.,
success,vae_repo_90_10_seed42,gaussian_class,7,1,2,18,0.5172413793103448,0.75,0,259,29,288,22,1000,synthetic_gaussian,/home/jovyan/eeg-repro/high-gamma-data/data/processed/vae_repo_90_10_seed42/real_splits/S07_real_splits.npz,/home/jovyan/eeg-repro/high-gamma-data/data/generated/vae_repo_90_10_seed42/gaussian/gaussian_class/S07_generator-seed1.npz,30.125170681625605,one mean and standard deviation per motor-imagery class; statistics fitted only to the central real training split; validation and test remain real.,
success,vae_repo_90_10_seed42,gaussian_class,7,2,0,22,0.5517241379310345,0.7777777777777778,0,259,29,288,22,1000,synthetic_gaussian,/home/jovyan/eeg-repro/high-gamma-data/data/processed/vae_repo_90_10_seed42/real_splits/S07_real_splits.npz,/home/jovyan/eeg-repro/high-gamma-data/data/generated/vae_repo_90_10_seed42/gaussian/gaussian_class/S07_generator-seed2.npz,32.50242304801941,one mean and standard deviation per motor-imagery class; statistics fitted only to the central real training split; validation and test remain real.,
success,vae_repo_90_10_seed42,gaussian_class,7,2,1,25,0.5517241379310345,0.7777777777777778,0,259,29,288,22,1000,synthetic_gaussian,/home/jovyan/eeg-repro/high-gamma-data/data/processed/vae_repo_90_10_seed42/real_splits/S07_real_splits.npz,/home/jovyan/eeg-repro/high-gamma-data/data/generated/vae_repo_90_10_seed42/gaussian/gaussian_class/S07_generator-seed2.npz,35.357975505292416,one mean and standard deviation per motor-imagery class; statistics fitted only to the central real training split; validation and test remain real.,
success,vae_repo_90_10_seed42,gaussian_class,7,2,2,33,0.5172413793103448,0.7152777777777778,0,259,29,288,22,1000,synthetic_gaussian,/home/jovyan/eeg-repro/high-gamma-data/data/processed/vae_repo_90_10_seed42/real_splits/S07_real_splits.npz,/home/jovyan/eeg-repro/high-gamma-data/data/generated/vae_repo_90_10_seed42/gaussian/gaussian_class/S07_generator-seed2.npz,39.579690013080835,one mean and standard deviation per motor-imagery class; statistics fitted only to the central real training split; validation and test remain real.,
success,vae_repo_90_10_seed42,gaussian_class,8,0,0,6,0.6206896551724138,0.7291666666666667,0,259,29,288,22,1000,synthetic_gaussian,/home/jovyan/eeg-repro/high-gamma-data/data/processed/vae_repo_90_10_seed42/real_splits/S08_real_splits.npz,/home/jovyan/eeg-repro/high-gamma-data/data/generated/vae_repo_90_10_seed42/gaussian/gaussian_class/S08_generator-seed0.npz,20.817880798131227,one mean and standard deviation per motor-imagery class; statistics fitted only to the central real training split; validation and test remain real.,
success,vae_repo_90_10_seed42,gaussian_class,8,0,1,7,0.6551724137931034,0.6805555555555556,0,259,29,288,22,1000,synthetic_gaussian,/home/jovyan/eeg-repro/high-gamma-data/data/processed/vae_repo_90_10_seed42/real_splits/S08_real_splits.npz,/home/jovyan/eeg-repro/high-gamma-data/data/generated/vae_repo_90_10_seed42/gaussian/gaussian_class/S08_generator-seed0.npz,22.793263040482998,one mean and standard deviation per motor-imagery class; statistics fitted only to the central real training split; validation and test remain real.,
success,vae_repo_90_10_seed42,gaussian_class,8,0,2,23,0.5517241379310345,0.7395833333333333,0,259,29,288,22,1000,synthetic_gaussian,/home/jovyan/eeg-repro/high-gamma-data/data/processed/vae_repo_90_10_seed42/real_splits/S08_real_splits.npz,/home/jovyan/eeg-repro/high-gamma-data/data/generated/vae_repo_90_10_seed42/gaussian/gaussian_class/S08_generator-seed0.npz,31.58610624074936,one mean and standard deviation per motor-imagery class; statistics fitted only to the central real training split; validation and test remain real.,
success,vae_repo_90_10_seed42,gaussian_class,8,1,0,29,0.5862068965517242,0.7395833333333333,0,259,29,288,22,1000,synthetic_gaussian,/home/jovyan/eeg-repro/high-gamma-data/data/processed/vae_repo_90_10_seed42/real_splits/S08_real_splits.npz,/home/jovyan/eeg-repro/high-gamma-data/data/generated/vae_repo_90_10_seed42/gaussian/gaussian_class/S08_generator-seed1.npz,23.83195822313428,one mean and standard deviation per motor-imagery class; statistics fitted only to the central real training split; validation and test remain real.,
success,vae_repo_90_10_seed42,gaussian_class,8,1,1,7,0.6206896551724138,0.6736111111111112,0,259,29,288,22,1000,synthetic_gaussian,/home/jovyan/eeg-repro/high-gamma-data/data/processed/vae_repo_90_10_seed42/real_splits/S08_real_splits.npz,/home/jovyan/eeg-repro/high-gamma-data/data/generated/vae_repo_90_10_seed42/gaussian/gaussian_class/S08_generator-seed1.npz,23.23036489263177,one mean and standard deviation per motor-imagery class; statistics fitted only to the central real training split; validation and test remain real.,
success,vae_repo_90_10_seed42,gaussian_class,8,1,2,9,0.6551724137931034,0.71875,0,259,29,288,22,1000,synthetic_gaussian,/home/jovyan/eeg-repro/high-gamma-data/data/processed/vae_repo_90_10_seed42/real_splits/S08_real_splits.npz,/home/jovyan/eeg-repro/high-gamma-data/data/generated/vae_repo_90_10_seed42/gaussian/gaussian_class/S08_generator-seed1.npz,22.23900244757533,one mean and standard deviation per motor-imagery class; statistics fitted only to the central real training split; validation and test remain real.,
success,vae_repo_90_10_seed42,gaussian_class,8,2,0,6,0.5862068965517242,0.7465277777777778,0,259,29,288,22,1000,synthetic_gaussian,/home/jovyan/eeg-repro/high-gamma-data/data/processed/vae_repo_90_10_seed42/real_splits/S08_real_splits.npz,/home/jovyan/eeg-repro/high-gamma-data/data/generated/vae_repo_90_10_seed42/gaussian/gaussian_class/S08_generator-seed2.npz,22.558617886155844,one mean and standard deviation per motor-imagery class; statistics fitted only to the central real training split; validation and test remain real.,
success,vae_repo_90_10_seed42,gaussian_class,8,2,1,23,0.6206896551724138,0.7743055555555556,0,259,29,288,22,1000,synthetic_gaussian,/home/jovyan/eeg-repro/high-gamma-data/data/processed/vae_repo_90_10_seed42/real_splits/S08_real_splits.npz,/home/jovyan/eeg-repro/high-gamma-data/data/generated/vae_repo_90_10_seed42/gaussian/gaussian_class/S08_generator-seed2.npz,23.83411929011345,one mean and standard deviation per motor-imagery class; statistics fitted only to the central real training split; validation and test remain real.,
success,vae_repo_90_10_seed42,gaussian_class,8,2,2,15,0.6206896551724138,0.7638888888888888,0,259,29,288,22,1000,synthetic_gaussian,/home/jovyan/eeg-repro/high-gamma-data/data/processed/vae_repo_90_10_seed42/real_splits/S08_real_splits.npz,/home/jovyan/eeg-repro/high-gamma-data/data/generated/vae_repo_90_10_seed42/gaussian/gaussian_class/S08_generator-seed2.npz,22.872502479702234,one mean and standard deviation per motor-imagery class; statistics fitted only to the central real training split; validation and test remain real.,
success,vae_repo_90_10_seed42,gaussian_class,9,0,0,40,0.5862068965517242,0.6284722222222222,0,259,29,288,22,1000,synthetic_gaussian,/home/jovyan/eeg-repro/high-gamma-data/data/processed/vae_repo_90_10_seed42/real_splits/S09_real_splits.npz,/home/jovyan/eeg-repro/high-gamma-data/data/generated/vae_repo_90_10_seed42/gaussian/gaussian_class/S09_generator-seed0.npz,38.48448423668742,one mean and standard deviation per motor-imagery class; statistics fitted only to the central real training split; validation and test remain real.,
success,vae_repo_90_10_seed42,gaussian_class,9,0,1,30,0.5862068965517242,0.6354166666666667,0,259,29,288,22,1000,synthetic_gaussian,/home/jovyan/eeg-repro/high-gamma-data/data/processed/vae_repo_90_10_seed42/real_splits/S09_real_splits.npz,/home/jovyan/eeg-repro/high-gamma-data/data/generated/vae_repo_90_10_seed42/gaussian/gaussian_class/S09_generator-seed0.npz,36.18594770133495,one mean and standard deviation per motor-imagery class; statistics fitted only to the central real training split; validation and test remain real.,
success,vae_repo_90_10_seed42,gaussian_class,9,0,2,2,0.6206896551724138,0.6458333333333333,0,259,29,288,22,1000,synthetic_gaussian,/home/jovyan/eeg-repro/high-gamma-data/data/processed/vae_repo_90_10_seed42/real_splits/S09_real_splits.npz,/home/jovyan/eeg-repro/high-gamma-data/data/generated/vae_repo_90_10_seed42/gaussian/gaussian_class/S09_generator-seed0.npz,20.735445614904165,one mean and standard deviation per motor-imagery class; statistics fitted only to the central real training split; validation and test remain real.,
success,vae_repo_90_10_seed42,gaussian_class,9,1,0,2,0.6206896551724138,0.6423611111111112,0,259,29,288,22,1000,synthetic_gaussian,/home/jovyan/eeg-repro/high-gamma-data/data/processed/vae_repo_90_10_seed42/real_splits/S09_real_splits.npz,/home/jovyan/eeg-repro/high-gamma-data/data/generated/vae_repo_90_10_seed42/gaussian/gaussian_class/S09_generator-seed1.npz,21.009067561477423,one mean and standard deviation per motor-imagery class; statistics fitted only to the central real training split; validation and test remain real.,
success,vae_repo_90_10_seed42,gaussian_class,9,1,1,3,0.6206896551724138,0.6354166666666667,0,259,29,288,22,1000,synthetic_gaussian,/home/jovyan/eeg-repro/high-gamma-data/data/processed/vae_repo_90_10_seed42/real_splits/S09_real_splits.npz,/home/jovyan/eeg-repro/high-gamma-data/data/generated/vae_repo_90_10_seed42/gaussian/gaussian_class/S09_generator-seed1.npz,20.904681101441383,one mean and standard deviation per motor-imagery class; statistics fitted only to the central real training split; validation and test remain real.,
success,vae_repo_90_10_seed42,gaussian_class,9,1,2,2,0.6551724137931034,0.65625,0,259,29,288,22,1000,synthetic_gaussian,/home/jovyan/eeg-repro/high-gamma-data/data/processed/vae_repo_90_10_seed42/real_splits/S09_real_splits.npz,/home/jovyan/eeg-repro/high-gamma-data/data/generated/vae_repo_90_10_seed42/gaussian/gaussian_class/S09_generator-seed1.npz,20.156488742679358,one mean and standard deviation per motor-imagery class; statistics fitted only to the central real training split; validation and test remain real.,
success,vae_repo_90_10_seed42,gaussian_class,9,2,0,3,0.6551724137931034,0.6180555555555556,0,259,29,288,22,1000,synthetic_gaussian,/home/jovyan/eeg-repro/high-gamma-data/data/processed/vae_repo_90_10_seed42/real_splits/S09_real_splits.npz,/home/jovyan/eeg-repro/high-gamma-data/data/generated/vae_repo_90_10_seed42/gaussian/gaussian_class/S09_generator-seed2.npz,20.655222553759813,one mean and standard deviation per motor-imagery class; statistics fitted only to the central real training split; validation and test remain real.,
success,vae_repo_90_10_seed42,gaussian_class,9,2,1,2,0.6551724137931034,0.6805555555555556,0,259,29,288,22,1000,synthetic_gaussian,/home/jovyan/eeg-repro/high-gamma-data/data/processed/vae_repo_90_10_seed42/real_splits/S09_real_splits.npz,/home/jovyan/eeg-repro/high-gamma-data/data/generated/vae_repo_90_10_seed42/gaussian/gaussian_class/S09_generator-seed2.npz,20.89051803946495,one mean and standard deviation per motor-imagery class; statistics fitted only to the central real training split; validation and test remain real.,
success,vae_repo_90_10_seed42,gaussian_class,9,2,2,28,0.5172413793103448,0.6458333333333333,0,259,29,288,22,1000,synthetic_gaussian,/home/jovyan/eeg-repro/high-gamma-data/data/processed/vae_repo_90_10_seed42/real_splits/S09_real_splits.npz,/home/jovyan/eeg-repro/high-gamma-data/data/generated/vae_repo_90_10_seed42/gaussian/gaussian_class/S09_generator-seed2.npz,37.62341986969113,one mean and standard deviation per motor-imagery class; statistics fitted only to the central real training split; validation and test remain real.,
success,vae_repo_90_10_seed42,gaussian_time,1,0,0,0,0.6551724137931034,0.7256944444444444,0,259,29,288,22,1000,synthetic_gaussian,/home/jovyan/eeg-repro/high-gamma-data/data/processed/vae_repo_90_10_seed42/real_splits/S01_real_splits.npz,/home/jovyan/eeg-repro/high-gamma-data/data/generated/vae_repo_90_10_seed42/gaussian/gaussian_time/S01_generator-seed0.npz,19.677363976836205,one mean and standard deviation per time sample; statistics fitted only to the central real training split; validation and test remain real.,
success,vae_repo_90_10_seed42,gaussian_time,1,0,1,1,0.6551724137931034,0.7604166666666666,0,259,29,288,22,1000,synthetic_gaussian,/home/jovyan/eeg-repro/high-gamma-data/data/processed/vae_repo_90_10_seed42/real_splits/S01_real_splits.npz,/home/jovyan/eeg-repro/high-gamma-data/data/generated/vae_repo_90_10_seed42/gaussian/gaussian_time/S01_generator-seed0.npz,20.206303726881742,one mean and standard deviation per time sample; statistics fitted only to the central real training split; validation and test remain real.,
success,vae_repo_90_10_seed42,gaussian_time,1,0,2,2,0.5517241379310345,0.7048611111111112,0,259,29,288,22,1000,synthetic_gaussian,/home/jovyan/eeg-repro/high-gamma-data/data/processed/vae_repo_90_10_seed42/real_splits/S01_real_splits.npz,/home/jovyan/eeg-repro/high-gamma-data/data/generated/vae_repo_90_10_seed42/gaussian/gaussian_time/S01_generator-seed0.npz,20.443905249238014,one mean and standard deviation per time sample; statistics fitted only to the central real training split; validation and test remain real.,
success,vae_repo_90_10_seed42,gaussian_time,1,1,0,0,0.6551724137931034,0.7256944444444444,0,259,29,288,22,1000,synthetic_gaussian,/home/jovyan/eeg-repro/high-gamma-data/data/processed/vae_repo_90_10_seed42/real_splits/S01_real_splits.npz,/home/jovyan/eeg-repro/high-gamma-data/data/generated/vae_repo_90_10_seed42/gaussian/gaussian_time/S01_generator-seed1.npz,18.899937976151705,one mean and standard deviation per time sample; statistics fitted only to the central real training split; validation and test remain real.,
success,vae_repo_90_10_seed42,gaussian_time,1,1,1,1,0.6551724137931034,0.7430555555555556,0,259,29,288,22,1000,synthetic_gaussian,/home/jovyan/eeg-repro/high-gamma-data/data/processed/vae_repo_90_10_seed42/real_splits/S01_real_splits.npz,/home/jovyan/eeg-repro/high-gamma-data/data/generated/vae_repo_90_10_seed42/gaussian/gaussian_time/S01_generator-seed1.npz,20.100863222032785,one mean and standard deviation per time sample; statistics fitted only to the central real training split; validation and test remain real.,
success,vae_repo_90_10_seed42,gaussian_time,1,1,2,1,0.6896551724137931,0.7465277777777778,0,259,29,288,22,1000,synthetic_gaussian,/home/jovyan/eeg-repro/high-gamma-data/data/processed/vae_repo_90_10_seed42/real_splits/S01_real_splits.npz,/home/jovyan/eeg-repro/high-gamma-data/data/generated/vae_repo_90_10_seed42/gaussian/gaussian_time/S01_generator-seed1.npz,19.015485405921936,one mean and standard deviation per time sample; statistics fitted only to the central real training split; validation and test remain real.,
success,vae_repo_90_10_seed42,gaussian_time,1,2,0,0,0.6551724137931034,0.7256944444444444,0,259,29,288,22,1000,synthetic_gaussian,/home/jovyan/eeg-repro/high-gamma-data/data/processed/vae_repo_90_10_seed42/real_splits/S01_real_splits.npz,/home/jovyan/eeg-repro/high-gamma-data/data/generated/vae_repo_90_10_seed42/gaussian/gaussian_time/S01_generator-seed2.npz,19.384833861142397,one mean and standard deviation per time sample; statistics fitted only to the central real training split; validation and test remain real.,
success,vae_repo_90_10_seed42,gaussian_time,1,2,1,34,0.6896551724137931,0.7465277777777778,0,259,29,288,22,1000,synthetic_gaussian,/home/jovyan/eeg-repro/high-gamma-data/data/processed/vae_repo_90_10_seed42/real_splits/S01_real_splits.npz,/home/jovyan/eeg-repro/high-gamma-data/data/generated/vae_repo_90_10_seed42/gaussian/gaussian_time/S01_generator-seed2.npz,21.88858523592353,one mean and standard deviation per time sample; statistics fitted only to the central real training split; validation and test remain real.,
success,vae_repo_90_10_seed42,gaussian_time,1,2,2,30,0.6896551724137931,0.7777777777777778,0,259,29,288,22,1000,synthetic_gaussian,/home/jovyan/eeg-repro/high-gamma-data/data/processed/vae_repo_90_10_seed42/real_splits/S01_real_splits.npz,/home/jovyan/eeg-repro/high-gamma-data/data/generated/vae_repo_90_10_seed42/gaussian/gaussian_time/S01_generator-seed2.npz,19.728071212768555,one mean and standard deviation per time sample; statistics fitted only to the central real training split; validation and test remain real.,
success,vae_repo_90_10_seed42,gaussian_time,2,0,0,24,0.5172413793103448,0.7291666666666667,0,259,29,288,22,1000,synthetic_gaussian,/home/jovyan/eeg-repro/high-gamma-data/data/processed/vae_repo_90_10_seed42/real_splits/S02_real_splits.npz,/home/jovyan/eeg-repro/high-gamma-data/data/generated/vae_repo_90_10_seed42/gaussian/gaussian_time/S02_generator-seed0.npz,35.017948020249605,one mean and standard deviation per time sample; statistics fitted only to the central real training split; validation and test remain real.,
success,vae_repo_90_10_seed42,gaussian_time,2,0,1,11,0.6206896551724138,0.7430555555555556,0,259,29,288,22,1000,synthetic_gaussian,/home/jovyan/eeg-repro/high-gamma-data/data/processed/vae_repo_90_10_seed42/real_splits/S02_real_splits.npz,/home/jovyan/eeg-repro/high-gamma-data/data/generated/vae_repo_90_10_seed42/gaussian/gaussian_time/S02_generator-seed0.npz,26.67833649367094,one mean and standard deviation per time sample; statistics fitted only to the central real training split; validation and test remain real.,
success,vae_repo_90_10_seed42,gaussian_time,2,0,2,45,0.7586206896551724,0.7291666666666667,0,259,29,288,22,1000,synthetic_gaussian,/home/jovyan/eeg-repro/high-gamma-data/data/processed/vae_repo_90_10_seed42/real_splits/S02_real_splits.npz,/home/jovyan/eeg-repro/high-gamma-data/data/generated/vae_repo_90_10_seed42/gaussian/gaussian_time/S02_generator-seed0.npz,35.23904051631689,one mean and standard deviation per time sample; statistics fitted only to the central real training split; validation and test remain real.,
success,vae_repo_90_10_seed42,gaussian_time,2,1,0,25,0.6206896551724138,0.7534722222222222,0,259,29,288,22,1000,synthetic_gaussian,/home/jovyan/eeg-repro/high-gamma-data/data/processed/vae_repo_90_10_seed42/real_splits/S02_real_splits.npz,/home/jovyan/eeg-repro/high-gamma-data/data/generated/vae_repo_90_10_seed42/gaussian/gaussian_time/S02_generator-seed1.npz,25.238453164696693,one mean and standard deviation per time sample; statistics fitted only to the central real training split; validation and test remain real.,
success,vae_repo_90_10_seed42,gaussian_time,2,1,1,0,0.6896551724137931,0.75,0,259,29,288,22,1000,synthetic_gaussian,/home/jovyan/eeg-repro/high-gamma-data/data/processed/vae_repo_90_10_seed42/real_splits/S02_real_splits.npz,/home/jovyan/eeg-repro/high-gamma-data/data/generated/vae_repo_90_10_seed42/gaussian/gaussian_time/S02_generator-seed1.npz,20.367422346025705,one mean and standard deviation per time sample; statistics fitted only to the central real training split; validation and test remain real.,
success,vae_repo_90_10_seed42,gaussian_time,2,1,2,2,0.6896551724137931,0.7534722222222222,0,259,29,288,22,1000,synthetic_gaussian,/home/jovyan/eeg-repro/high-gamma-data/data/processed/vae_repo_90_10_seed42/real_splits/S02_real_splits.npz,/home/jovyan/eeg-repro/high-gamma-data/data/generated/vae_repo_90_10_seed42/gaussian/gaussian_time/S02_generator-seed1.npz,21.29051163420081,one mean and standard deviation per time sample; statistics fitted only to the central real training split; validation and test remain real.,
success,vae_repo_90_10_seed42,gaussian_time,2,2,0,1,0.6206896551724138,0.7534722222222222,0,259,29,288,22,1000,synthetic_gaussian,/home/jovyan/eeg-repro/high-gamma-data/data/processed/vae_repo_90_10_seed42/real_splits/S02_real_splits.npz,/home/jovyan/eeg-repro/high-gamma-data/data/generated/vae_repo_90_10_seed42/gaussian/gaussian_time/S02_generator-seed2.npz,20.45953333377838,one mean and standard deviation per time sample; statistics fitted only to the central real training split; validation and test remain real.,
success,vae_repo_90_10_seed42,gaussian_time,2,2,1,0,0.6896551724137931,0.75,0,259,29,288,22,1000,synthetic_gaussian,/home/jovyan/eeg-repro/high-gamma-data/data/processed/vae_repo_90_10_seed42/real_splits/S02_real_splits.npz,/home/jovyan/eeg-repro/high-gamma-data/data/generated/vae_repo_90_10_seed42/gaussian/gaussian_time/S02_generator-seed2.npz,19.37393419444561,one mean and standard deviation per time sample; statistics fitted only to the central real training split; validation and test remain real.,
success,vae_repo_90_10_seed42,gaussian_time,2,2,2,31,0.7931034482758621,0.7569444444444444,0,259,29,288,22,1000,synthetic_gaussian,/home/jovyan/eeg-repro/high-gamma-data/data/processed/vae_repo_90_10_seed42/real_splits/S02_real_splits.npz,/home/jovyan/eeg-repro/high-gamma-data/data/generated/vae_repo_90_10_seed42/gaussian/gaussian_time/S02_generator-seed2.npz,20.100863691419363,one mean and standard deviation per time sample; statistics fitted only to the central real training split; validation and test remain real.,
success,vae_repo_90_10_seed42,gaussian_time,3,0,0,14,0.6206896551724138,0.7916666666666666,0,259,29,288,22,1000,synthetic_gaussian,/home/jovyan/eeg-repro/high-gamma-data/data/processed/vae_repo_90_10_seed42/real_splits/S03_real_splits.npz,/home/jovyan/eeg-repro/high-gamma-data/data/generated/vae_repo_90_10_seed42/gaussian/gaussian_time/S03_generator-seed0.npz,28.435960687696934,one mean and standard deviation per time sample; statistics fitted only to the central real training split; validation and test remain real.,
success,vae_repo_90_10_seed42,gaussian_time,3,0,1,30,0.6896551724137931,0.7465277777777778,0,259,29,288,22,1000,synthetic_gaussian,/home/jovyan/eeg-repro/high-gamma-data/data/processed/vae_repo_90_10_seed42/real_splits/S03_real_splits.npz,/home/jovyan/eeg-repro/high-gamma-data/data/generated/vae_repo_90_10_seed42/gaussian/gaussian_time/S03_generator-seed0.npz,19.813632920384407,one mean and standard deviation per time sample; statistics fitted only to the central real training split; validation and test remain real.,
success,vae_repo_90_10_seed42,gaussian_time,3,0,2,28,0.6551724137931034,0.71875,0,259,29,288,22,1000,synthetic_gaussian,/home/jovyan/eeg-repro/high-gamma-data/data/processed/vae_repo_90_10_seed42/real_splits/S03_real_splits.npz,/home/jovyan/eeg-repro/high-gamma-data/data/generated/vae_repo_90_10_seed42/gaussian/gaussian_time/S03_generator-seed0.npz,33.189642772078514,one mean and standard deviation per time sample; statistics fitted only to the central real training split; validation and test remain real.,
success,vae_repo_90_10_seed42,gaussian_time,3,1,0,4,0.6896551724137931,0.7569444444444444,0,259,29,288,22,1000,synthetic_gaussian,/home/jovyan/eeg-repro/high-gamma-data/data/processed/vae_repo_90_10_seed42/real_splits/S03_real_splits.npz,/home/jovyan/eeg-repro/high-gamma-data/data/generated/vae_repo_90_10_seed42/gaussian/gaussian_time/S03_generator-seed1.npz,20.451198626309633,one mean and standard deviation per time sample; statistics fitted only to the central real training split; validation and test remain real.,
success,vae_repo_90_10_seed42,gaussian_time,3,1,1,0,0.6896551724137931,0.75,0,259,29,288,22,1000,synthetic_gaussian,/home/jovyan/eeg-repro/high-gamma-data/data/processed/vae_repo_90_10_seed42/real_splits/S03_real_splits.npz,/home/jovyan/eeg-repro/high-gamma-data/data/generated/vae_repo_90_10_seed42/gaussian/gaussian_time/S03_generator-seed1.npz,19.51725809276104,one mean and standard deviation per time sample; statistics fitted only to the central real training split; validation and test remain real.,
success,vae_repo_90_10_seed42,gaussian_time,3,1,2,47,0.6896551724137931,0.7118055555555556,0,259,29,288,22,1000,synthetic_gaussian,/home/jovyan/eeg-repro/high-gamma-data/data/processed/vae_repo_90_10_seed42/real_splits/S03_real_splits.npz,/home/jovyan/eeg-repro/high-gamma-data/data/generated/vae_repo_90_10_seed42/gaussian/gaussian_time/S03_generator-seed1.npz,32.98102938383818,one mean and standard deviation per time sample; statistics fitted only to the central real training split; validation and test remain real.,
success,vae_repo_90_10_seed42,gaussian_time,3,2,0,1,0.6896551724137931,0.7638888888888888,0,259,29,288,22,1000,synthetic_gaussian,/home/jovyan/eeg-repro/high-gamma-data/data/processed/vae_repo_90_10_seed42/real_splits/S03_real_splits.npz,/home/jovyan/eeg-repro/high-gamma-data/data/generated/vae_repo_90_10_seed42/gaussian/gaussian_time/S03_generator-seed2.npz,20.16311651468277,one mean and standard deviation per time sample; statistics fitted only to the central real training split; validation and test remain real.,
success,vae_repo_90_10_seed42,gaussian_time,3,2,1,0,0.6896551724137931,0.75,0,259,29,288,22,1000,synthetic_gaussian,/home/jovyan/eeg-repro/high-gamma-data/data/processed/vae_repo_90_10_seed42/real_splits/S03_real_splits.npz,/home/jovyan/eeg-repro/high-gamma-data/data/generated/vae_repo_90_10_seed42/gaussian/gaussian_time/S03_generator-seed2.npz,19.0321882404387,one mean and standard deviation per time sample; statistics fitted only to the central real training split; validation and test remain real.,
success,vae_repo_90_10_seed42,gaussian_time,3,2,2,2,0.7586206896551724,0.7465277777777778,0,259,29,288,22,1000,synthetic_gaussian,/home/jovyan/eeg-repro/high-gamma-data/data/processed/vae_repo_90_10_seed42/real_splits/S03_real_splits.npz,/home/jovyan/eeg-repro/high-gamma-data/data/generated/vae_repo_90_10_seed42/gaussian/gaussian_time/S03_generator-seed2.npz,20.575416184961796,one mean and standard deviation per time sample; statistics fitted only to the central real training split; validation and test remain real.,
success,vae_repo_90_10_seed42,gaussian_time,4,0,0,7,0.6896551724137931,0.7743055555555556,0,259,29,288,22,1000,synthetic_gaussian,/home/jovyan/eeg-repro/high-gamma-data/data/processed/vae_repo_90_10_seed42/real_splits/S04_real_splits.npz,/home/jovyan/eeg-repro/high-gamma-data/data/generated/vae_repo_90_10_seed42/gaussian/gaussian_time/S04_generator-seed0.npz,20.194377683103085,one mean and standard deviation per time sample; statistics fitted only to the central real training split; validation and test remain real.,
success,vae_repo_90_10_seed42,gaussian_time,4,0,1,0,0.6896551724137931,0.75,0,259,29,288,22,1000,synthetic_gaussian,/home/jovyan/eeg-repro/high-gamma-data/data/processed/vae_repo_90_10_seed42/real_splits/S04_real_splits.npz,/home/jovyan/eeg-repro/high-gamma-data/data/generated/vae_repo_90_10_seed42/gaussian/gaussian_time/S04_generator-seed0.npz,18.64788395911455,one mean and standard deviation per time sample; statistics fitted only to the central real training split; validation and test remain real.,
success,vae_repo_90_10_seed42,gaussian_time,4,0,2,2,0.6896551724137931,0.7777777777777778,0,259,29,288,22,1000,synthetic_gaussian,/home/jovyan/eeg-repro/high-gamma-data/data/processed/vae_repo_90_10_seed42/real_splits/S04_real_splits.npz,/home/jovyan/eeg-repro/high-gamma-data/data/generated/vae_repo_90_10_seed42/gaussian/gaussian_time/S04_generator-seed0.npz,21.046680260449648,one mean and standard deviation per time sample; statistics fitted only to the central real training split; validation and test remain real.,
success,vae_repo_90_10_seed42,gaussian_time,4,1,0,8,0.6896551724137931,0.7743055555555556,0,259,29,288,22,1000,synthetic_gaussian,/home/jovyan/eeg-repro/high-gamma-data/data/processed/vae_repo_90_10_seed42/real_splits/S04_real_splits.npz,/home/jovyan/eeg-repro/high-gamma-data/data/generated/vae_repo_90_10_seed42/gaussian/gaussian_time/S04_generator-seed1.npz,19.846700839698315,one mean and standard deviation per time sample; statistics fitted only to the central real training split; validation and test remain real.,
success,vae_repo_90_10_seed42,gaussian_time,4,1,1,2,0.6896551724137931,0.7951388888888888,0,259,29,288,22,1000,synthetic_gaussian,/home/jovyan/eeg-repro/high-gamma-data/data/processed/vae_repo_90_10_seed42/real_splits/S04_real_splits.npz,/home/jovyan/eeg-repro/high-gamma-data/data/generated/vae_repo_90_10_seed42/gaussian/gaussian_time/S04_generator-seed1.npz,19.50458935275674,one mean and standard deviation per time sample; statistics fitted only to the central real training split; validation and test remain real.,
success,vae_repo_90_10_seed42,gaussian_time,4,1,2,4,0.7241379310344828,0.7604166666666666,0,259,29,288,22,1000,synthetic_gaussian,/home/jovyan/eeg-repro/high-gamma-data/data/processed/vae_repo_90_10_seed42/real_splits/S04_real_splits.npz,/home/jovyan/eeg-repro/high-gamma-data/data/generated/vae_repo_90_10_seed42/gaussian/gaussian_time/S04_generator-seed1.npz,19.72297526150942,one mean and standard deviation per time sample; statistics fitted only to the central real training split; validation and test remain real.,
success,vae_repo_90_10_seed42,gaussian_time,4,2,0,1,0.6896551724137931,0.7534722222222222,0,259,29,288,22,1000,synthetic_gaussian,/home/jovyan/eeg-repro/high-gamma-data/data/processed/vae_repo_90_10_seed42/real_splits/S04_real_splits.npz,/home/jovyan/eeg-repro/high-gamma-data/data/generated/vae_repo_90_10_seed42/gaussian/gaussian_time/S04_generator-seed2.npz,20.423268385231495,one mean and standard deviation per time sample; statistics fitted only to the central real training split; validation and test remain real.,
success,vae_repo_90_10_seed42,gaussian_time,4,2,1,0,0.6896551724137931,0.75,0,259,29,288,22,1000,synthetic_gaussian,/home/jovyan/eeg-repro/high-gamma-data/data/processed/vae_repo_90_10_seed42/real_splits/S04_real_splits.npz,/home/jovyan/eeg-repro/high-gamma-data/data/generated/vae_repo_90_10_seed42/gaussian/gaussian_time/S04_generator-seed2.npz,19.47179327532649,one mean and standard deviation per time sample; statistics fitted only to the central real training split; validation and test remain real.,
success,vae_repo_90_10_seed42,gaussian_time,4,2,2,10,0.7241379310344828,0.7847222222222222,0,259,29,288,22,1000,synthetic_gaussian,/home/jovyan/eeg-repro/high-gamma-data/data/processed/vae_repo_90_10_seed42/real_splits/S04_real_splits.npz,/home/jovyan/eeg-repro/high-gamma-data/data/generated/vae_repo_90_10_seed42/gaussian/gaussian_time/S04_generator-seed2.npz,20.90100797638297,one mean and standard deviation per time sample; statistics fitted only to the central real training split; validation and test remain real.,
success,vae_repo_90_10_seed42,gaussian_time,5,0,0,34,0.6206896551724138,0.7604166666666666,0,259,29,288,22,1000,synthetic_gaussian,/home/jovyan/eeg-repro/high-gamma-data/data/processed/vae_repo_90_10_seed42/real_splits/S05_real_splits.npz,/home/jovyan/eeg-repro/high-gamma-data/data/generated/vae_repo_90_10_seed42/gaussian/gaussian_time/S05_generator-seed0.npz,36.522788908332586,one mean and standard deviation per time sample; statistics fitted only to the central real training split; validation and test remain real.,
success,vae_repo_90_10_seed42,gaussian_time,5,0,1,11,0.5172413793103448,0.7604166666666666,0,259,29,288,22,1000,synthetic_gaussian,/home/jovyan/eeg-repro/high-gamma-data/data/processed/vae_repo_90_10_seed42/real_splits/S05_real_splits.npz,/home/jovyan/eeg-repro/high-gamma-data/data/generated/vae_repo_90_10_seed42/gaussian/gaussian_time/S05_generator-seed0.npz,26.332414485514164,one mean and standard deviation per time sample; statistics fitted only to the central real training split; validation and test remain real.,
success,vae_repo_90_10_seed42,gaussian_time,5,0,2,5,0.7931034482758621,0.75,0,259,29,288,22,1000,synthetic_gaussian,/home/jovyan/eeg-repro/high-gamma-data/data/processed/vae_repo_90_10_seed42/real_splits/S05_real_splits.npz,/home/jovyan/eeg-repro/high-gamma-data/data/generated/vae_repo_90_10_seed42/gaussian/gaussian_time/S05_generator-seed0.npz,22.584867049008608,one mean and standard deviation per time sample; statistics fitted only to the central real training split; validation and test remain real.,
success,vae_repo_90_10_seed42,gaussian_time,5,1,0,9,0.6896551724137931,0.7256944444444444,0,259,29,288,22,1000,synthetic_gaussian,/home/jovyan/eeg-repro/high-gamma-data/data/processed/vae_repo_90_10_seed42/real_splits/S05_real_splits.npz,/home/jovyan/eeg-repro/high-gamma-data/data/generated/vae_repo_90_10_seed42/gaussian/gaussian_time/S05_generator-seed1.npz,20.24121019244194,one mean and standard deviation per time sample; statistics fitted only to the central real training split; validation and test remain real.,
success,vae_repo_90_10_seed42,gaussian_time,5,1,1,0,0.6896551724137931,0.75,0,259,29,288,22,1000,synthetic_gaussian,/home/jovyan/eeg-repro/high-gamma-data/data/processed/vae_repo_90_10_seed42/real_splits/S05_real_splits.npz,/home/jovyan/eeg-repro/high-gamma-data/data/generated/vae_repo_90_10_seed42/gaussian/gaussian_time/S05_generator-seed1.npz,19.60858990252018,one mean and standard deviation per time sample; statistics fitted only to the central real training split; validation and test remain real.,
success,vae_repo_90_10_seed42,gaussian_time,5,1,2,4,0.7586206896551724,0.7534722222222222,0,259,29,288,22,1000,synthetic_gaussian,/home/jovyan/eeg-repro/high-gamma-data/data/processed/vae_repo_90_10_seed42/real_splits/S05_real_splits.npz,/home/jovyan/eeg-repro/high-gamma-data/data/generated/vae_repo_90_10_seed42/gaussian/gaussian_time/S05_generator-seed1.npz,22.12001944333315,one mean and standard deviation per time sample; statistics fitted only to the central real training split; validation and test remain real.,
success,vae_repo_90_10_seed42,gaussian_time,5,2,0,2,0.6896551724137931,0.7430555555555556,0,259,29,288,22,1000,synthetic_gaussian,/home/jovyan/eeg-repro/high-gamma-data/data/processed/vae_repo_90_10_seed42/real_splits/S05_real_splits.npz,/home/jovyan/eeg-repro/high-gamma-data/data/generated/vae_repo_90_10_seed42/gaussian/gaussian_time/S05_generator-seed2.npz,20.767208743840456,one mean and standard deviation per time sample; statistics fitted only to the central real training split; validation and test remain real.,
success,vae_repo_90_10_seed42,gaussian_time,5,2,1,0,0.6896551724137931,0.75,0,259,29,288,22,1000,synthetic_gaussian,/home/jovyan/eeg-repro/high-gamma-data/data/processed/vae_repo_90_10_seed42/real_splits/S05_real_splits.npz,/home/jovyan/eeg-repro/high-gamma-data/data/generated/vae_repo_90_10_seed42/gaussian/gaussian_time/S05_generator-seed2.npz,19.816548727452755,one mean and standard deviation per time sample; statistics fitted only to the central real training split; validation and test remain real.,
success,vae_repo_90_10_seed42,gaussian_time,5,2,2,34,0.7931034482758621,0.7673611111111112,0,259,29,288,22,1000,synthetic_gaussian,/home/jovyan/eeg-repro/high-gamma-data/data/processed/vae_repo_90_10_seed42/real_splits/S05_real_splits.npz,/home/jovyan/eeg-repro/high-gamma-data/data/generated/vae_repo_90_10_seed42/gaussian/gaussian_time/S05_generator-seed2.npz,21.52171090617776,one mean and standard deviation per time sample; statistics fitted only to the central real training split; validation and test remain real.,
success,vae_repo_90_10_seed42,gaussian_time,6,0,0,30,0.7241379310344828,0.7708333333333334,0,259,29,288,22,1000,synthetic_gaussian,/home/jovyan/eeg-repro/high-gamma-data/data/processed/vae_repo_90_10_seed42/real_splits/S06_real_splits.npz,/home/jovyan/eeg-repro/high-gamma-data/data/generated/vae_repo_90_10_seed42/gaussian/gaussian_time/S06_generator-seed0.npz,19.51561089977622,one mean and standard deviation per time sample; statistics fitted only to the central real training split; validation and test remain real.,
success,vae_repo_90_10_seed42,gaussian_time,6,0,1,8,0.6206896551724138,0.71875,0,259,29,288,22,1000,synthetic_gaussian,/home/jovyan/eeg-repro/high-gamma-data/data/processed/vae_repo_90_10_seed42/real_splits/S06_real_splits.npz,/home/jovyan/eeg-repro/high-gamma-data/data/generated/vae_repo_90_10_seed42/gaussian/gaussian_time/S06_generator-seed0.npz,24.296708021312952,one mean and standard deviation per time sample; statistics fitted only to the central real training split; validation and test remain real.,
success,vae_repo_90_10_seed42,gaussian_time,6,0,2,3,0.6896551724137931,0.7465277777777778,0,259,29,288,22,1000,synthetic_gaussian,/home/jovyan/eeg-repro/high-gamma-data/data/processed/vae_repo_90_10_seed42/real_splits/S06_real_splits.npz,/home/jovyan/eeg-repro/high-gamma-data/data/generated/vae_repo_90_10_seed42/gaussian/gaussian_time/S06_generator-seed0.npz,21.24225603044033,one mean and standard deviation per time sample; statistics fitted only to the central real training split; validation and test remain real.,
success,vae_repo_90_10_seed42,gaussian_time,6,1,0,47,0.6896551724137931,0.78125,0,259,29,288,22,1000,synthetic_gaussian,/home/jovyan/eeg-repro/high-gamma-data/data/processed/vae_repo_90_10_seed42/real_splits/S06_real_splits.npz,/home/jovyan/eeg-repro/high-gamma-data/data/generated/vae_repo_90_10_seed42/gaussian/gaussian_time/S06_generator-seed1.npz,29.389786135405302,one mean and standard deviation per time sample; statistics fitted only to the central real training split; validation and test remain real.,
success,vae_repo_90_10_seed42,gaussian_time,6,1,1,26,0.7241379310344828,0.7430555555555556,0,259,29,288,22,1000,synthetic_gaussian,/home/jovyan/eeg-repro/high-gamma-data/data/processed/vae_repo_90_10_seed42/real_splits/S06_real_splits.npz,/home/jovyan/eeg-repro/high-gamma-data/data/generated/vae_repo_90_10_seed42/gaussian/gaussian_time/S06_generator-seed1.npz,20.080639082938433,one mean and standard deviation per time sample; statistics fitted only to the central real training split; validation and test remain real.,
success,vae_repo_90_10_seed42,gaussian_time,6,1,2,2,0.7241379310344828,0.7291666666666667,0,259,29,288,22,1000,synthetic_gaussian,/home/jovyan/eeg-repro/high-gamma-data/data/processed/vae_repo_90_10_seed42/real_splits/S06_real_splits.npz,/home/jovyan/eeg-repro/high-gamma-data/data/generated/vae_repo_90_10_seed42/gaussian/gaussian_time/S06_generator-seed1.npz,19.802185971289873,one mean and standard deviation per time sample; statistics fitted only to the central real training split; validation and test remain real.,
success,vae_repo_90_10_seed42,gaussian_time,6,2,0,4,0.7241379310344828,0.75,0,259,29,288,22,1000,synthetic_gaussian,/home/jovyan/eeg-repro/high-gamma-data/data/processed/vae_repo_90_10_seed42/real_splits/S06_real_splits.npz,/home/jovyan/eeg-repro/high-gamma-data/data/generated/vae_repo_90_10_seed42/gaussian/gaussian_time/S06_generator-seed2.npz,19.45599941536784,one mean and standard deviation per time sample; statistics fitted only to the central real training split; validation and test remain real.,
success,vae_repo_90_10_seed42,gaussian_time,6,2,1,7,0.6551724137931034,0.7604166666666666,0,259,29,288,22,1000,synthetic_gaussian,/home/jovyan/eeg-repro/high-gamma-data/data/processed/vae_repo_90_10_seed42/real_splits/S06_real_splits.npz,/home/jovyan/eeg-repro/high-gamma-data/data/generated/vae_repo_90_10_seed42/gaussian/gaussian_time/S06_generator-seed2.npz,22.02557159215212,one mean and standard deviation per time sample; statistics fitted only to the central real training split; validation and test remain real.,
success,vae_repo_90_10_seed42,gaussian_time,6,2,2,26,0.6551724137931034,0.7361111111111112,0,259,29,288,22,1000,synthetic_gaussian,/home/jovyan/eeg-repro/high-gamma-data/data/processed/vae_repo_90_10_seed42/real_splits/S06_real_splits.npz,/home/jovyan/eeg-repro/high-gamma-data/data/generated/vae_repo_90_10_seed42/gaussian/gaussian_time/S06_generator-seed2.npz,35.37841946259141,one mean and standard deviation per time sample; statistics fitted only to the central real training split; validation and test remain real.,
success,vae_repo_90_10_seed42,gaussian_time,7,0,0,3,0.6896551724137931,0.75,0,259,29,288,22,1000,synthetic_gaussian,/home/jovyan/eeg-repro/high-gamma-data/data/processed/vae_repo_90_10_seed42/real_splits/S07_real_splits.npz,/home/jovyan/eeg-repro/high-gamma-data/data/generated/vae_repo_90_10_seed42/gaussian/gaussian_time/S07_generator-seed0.npz,21.599862955510616,one mean and standard deviation per time sample; statistics fitted only to the central real training split; validation and test remain real.,
success,vae_repo_90_10_seed42,gaussian_time,7,0,1,30,0.6896551724137931,0.75,0,259,29,288,22,1000,synthetic_gaussian,/home/jovyan/eeg-repro/high-gamma-data/data/processed/vae_repo_90_10_seed42/real_splits/S07_real_splits.npz,/home/jovyan/eeg-repro/high-gamma-data/data/generated/vae_repo_90_10_seed42/gaussian/gaussian_time/S07_generator-seed0.npz,19.592706255614758,one mean and standard deviation per time sample; statistics fitted only to the central real training split; validation and test remain real.,
success,vae_repo_90_10_seed42,gaussian_time,7,0,2,30,0.7931034482758621,0.7534722222222222,0,259,29,288,22,1000,synthetic_gaussian,/home/jovyan/eeg-repro/high-gamma-data/data/processed/vae_repo_90_10_seed42/real_splits/S07_real_splits.npz,/home/jovyan/eeg-repro/high-gamma-data/data/generated/vae_repo_90_10_seed42/gaussian/gaussian_time/S07_generator-seed0.npz,19.220481768250465,one mean and standard deviation per time sample; statistics fitted only to the central real training split; validation and test remain real.,
success,vae_repo_90_10_seed42,gaussian_time,7,1,0,26,0.6551724137931034,0.7534722222222222,0,259,29,288,22,1000,synthetic_gaussian,/home/jovyan/eeg-repro/high-gamma-data/data/processed/vae_repo_90_10_seed42/real_splits/S07_real_splits.npz,/home/jovyan/eeg-repro/high-gamma-data/data/generated/vae_repo_90_10_seed42/gaussian/gaussian_time/S07_generator-seed1.npz,28.803262375295162,one mean and standard deviation per time sample; statistics fitted only to the central real training split; validation and test remain real.,
success,vae_repo_90_10_seed42,gaussian_time,7,1,1,54,0.6551724137931034,0.7083333333333333,0,259,29,288,22,1000,synthetic_gaussian,/home/jovyan/eeg-repro/high-gamma-data/data/processed/vae_repo_90_10_seed42/real_splits/S07_real_splits.npz,/home/jovyan/eeg-repro/high-gamma-data/data/generated/vae_repo_90_10_seed42/gaussian/gaussian_time/S07_generator-seed1.npz,34.99687508866191,one mean and standard deviation per time sample; statistics fitted only to the central real training split; validation and test remain real.,
success,vae_repo_90_10_seed42,gaussian_time,7,1,2,4,0.5862068965517242,0.7083333333333333,0,259,29,288,22,1000,synthetic_gaussian,/home/jovyan/eeg-repro/high-gamma-data/data/processed/vae_repo_90_10_seed42/real_splits/S07_real_splits.npz,/home/jovyan/eeg-repro/high-gamma-data/data/generated/vae_repo_90_10_seed42/gaussian/gaussian_time/S07_generator-seed1.npz,22.029495764523745,one mean and standard deviation per time sample; statistics fitted only to the central real training split; validation and test remain real.,
success,vae_repo_90_10_seed42,gaussian_time,7,2,0,2,0.6206896551724138,0.7604166666666666,0,259,29,288,22,1000,synthetic_gaussian,/home/jovyan/eeg-repro/high-gamma-data/data/processed/vae_repo_90_10_seed42/real_splits/S07_real_splits.npz,/home/jovyan/eeg-repro/high-gamma-data/data/generated/vae_repo_90_10_seed42/gaussian/gaussian_time/S07_generator-seed2.npz,20.67260855808854,one mean and standard deviation per time sample; statistics fitted only to the central real training split; validation and test remain real.,
success,vae_repo_90_10_seed42,gaussian_time,7,2,1,0,0.6896551724137931,0.75,0,259,29,288,22,1000,synthetic_gaussian,/home/jovyan/eeg-repro/high-gamma-data/data/processed/vae_repo_90_10_seed42/real_splits/S07_real_splits.npz,/home/jovyan/eeg-repro/high-gamma-data/data/generated/vae_repo_90_10_seed42/gaussian/gaussian_time/S07_generator-seed2.npz,19.132655818015337,one mean and standard deviation per time sample; statistics fitted only to the central real training split; validation and test remain real.,
success,vae_repo_90_10_seed42,gaussian_time,7,2,2,1,0.6896551724137931,0.8194444444444444,0,259,29,288,22,1000,synthetic_gaussian,/home/jovyan/eeg-repro/high-gamma-data/data/processed/vae_repo_90_10_seed42/real_splits/S07_real_splits.npz,/home/jovyan/eeg-repro/high-gamma-data/data/generated/vae_repo_90_10_seed42/gaussian/gaussian_time/S07_generator-seed2.npz,20.013288348913193,one mean and standard deviation per time sample; statistics fitted only to the central real training split; validation and test remain real.,
success,vae_repo_90_10_seed42,gaussian_time,8,0,0,51,0.6206896551724138,0.6736111111111112,0,259,29,288,22,1000,synthetic_gaussian,/home/jovyan/eeg-repro/high-gamma-data/data/processed/vae_repo_90_10_seed42/real_splits/S08_real_splits.npz,/home/jovyan/eeg-repro/high-gamma-data/data/generated/vae_repo_90_10_seed42/gaussian/gaussian_time/S08_generator-seed0.npz,32.86696953698993,one mean and standard deviation per time sample; statistics fitted only to the central real training split; validation and test remain real.,
success,vae_repo_90_10_seed42,gaussian_time,8,0,1,30,0.6896551724137931,0.75,0,259,29,288,22,1000,synthetic_gaussian,/home/jovyan/eeg-repro/high-gamma-data/data/processed/vae_repo_90_10_seed42/real_splits/S08_real_splits.npz,/home/jovyan/eeg-repro/high-gamma-data/data/generated/vae_repo_90_10_seed42/gaussian/gaussian_time/S08_generator-seed0.npz,19.21067476272583,one mean and standard deviation per time sample; statistics fitted only to the central real training split; validation and test remain real.,
success,vae_repo_90_10_seed42,gaussian_time,8,0,2,32,0.7241379310344828,0.7256944444444444,0,259,29,288,22,1000,synthetic_gaussian,/home/jovyan/eeg-repro/high-gamma-data/data/processed/vae_repo_90_10_seed42/real_splits/S08_real_splits.npz,/home/jovyan/eeg-repro/high-gamma-data/data/generated/vae_repo_90_10_seed42/gaussian/gaussian_time/S08_generator-seed0.npz,30.0010634213686,one mean and standard deviation per time sample; statistics fitted only to the central real training split; validation and test remain real.,
success,vae_repo_90_10_seed42,gaussian_time,8,1,0,1,0.6551724137931034,0.75,0,259,29,288,22,1000,synthetic_gaussian,/home/jovyan/eeg-repro/high-gamma-data/data/processed/vae_repo_90_10_seed42/real_splits/S08_real_splits.npz,/home/jovyan/eeg-repro/high-gamma-data/data/generated/vae_repo_90_10_seed42/gaussian/gaussian_time/S08_generator-seed1.npz,19.881745353341103,one mean and standard deviation per time sample; statistics fitted only to the central real training split; validation and test remain real.,
success,vae_repo_90_10_seed42,gaussian_time,8,1,1,0,0.6896551724137931,0.75,0,259,29,288,22,1000,synthetic_gaussian,/home/jovyan/eeg-repro/high-gamma-data/data/processed/vae_repo_90_10_seed42/real_splits/S08_real_splits.npz,/home/jovyan/eeg-repro/high-gamma-data/data/generated/vae_repo_90_10_seed42/gaussian/gaussian_time/S08_generator-seed1.npz,19.839071806520224,one mean and standard deviation per time sample; statistics fitted only to the central real training split; validation and test remain real.,
success,vae_repo_90_10_seed42,gaussian_time,8,1,2,28,0.5862068965517242,0.78125,0,259,29,288,22,1000,synthetic_gaussian,/home/jovyan/eeg-repro/high-gamma-data/data/processed/vae_repo_90_10_seed42/real_splits/S08_real_splits.npz,/home/jovyan/eeg-repro/high-gamma-data/data/generated/vae_repo_90_10_seed42/gaussian/gaussian_time/S08_generator-seed1.npz,32.72825297340751,one mean and standard deviation per time sample; statistics fitted only to the central real training split; validation and test remain real.,
success,vae_repo_90_10_seed42,gaussian_time,8,2,0,15,0.6551724137931034,0.7118055555555556,0,259,29,288,22,1000,synthetic_gaussian,/home/jovyan/eeg-repro/high-gamma-data/data/processed/vae_repo_90_10_seed42/real_splits/S08_real_splits.npz,/home/jovyan/eeg-repro/high-gamma-data/data/generated/vae_repo_90_10_seed42/gaussian/gaussian_time/S08_generator-seed2.npz,19.796051274985075,one mean and standard deviation per time sample; statistics fitted only to the central real training split; validation and test remain real.,
success,vae_repo_90_10_seed42,gaussian_time,8,2,1,59,0.6206896551724138,0.7986111111111112,0,259,29,288,22,1000,synthetic_gaussian,/home/jovyan/eeg-repro/high-gamma-data/data/processed/vae_repo_90_10_seed42/real_splits/S08_real_splits.npz,/home/jovyan/eeg-repro/high-gamma-data/data/generated/vae_repo_90_10_seed42/gaussian/gaussian_time/S08_generator-seed2.npz,40.62677467241883,one mean and standard deviation per time sample; statistics fitted only to the central real training split; validation and test remain real.,
success,vae_repo_90_10_seed42,gaussian_time,8,2,2,45,0.6206896551724138,0.71875,0,259,29,288,22,1000,synthetic_gaussian,/home/jovyan/eeg-repro/high-gamma-data/data/processed/vae_repo_90_10_seed42/real_splits/S08_real_splits.npz,/home/jovyan/eeg-repro/high-gamma-data/data/generated/vae_repo_90_10_seed42/gaussian/gaussian_time/S08_generator-seed2.npz,45.105116341263056,one mean and standard deviation per time sample; statistics fitted only to the central real training split; validation and test remain real.,
success,vae_repo_90_10_seed42,gaussian_time,9,0,0,34,0.6896551724137931,0.78125,0,259,29,288,22,1000,synthetic_gaussian,/home/jovyan/eeg-repro/high-gamma-data/data/processed/vae_repo_90_10_seed42/real_splits/S09_real_splits.npz,/home/jovyan/eeg-repro/high-gamma-data/data/generated/vae_repo_90_10_seed42/gaussian/gaussian_time/S09_generator-seed0.npz,25.649162631481886,one mean and standard deviation per time sample; statistics fitted only to the central real training split; validation and test remain real.,
success,vae_repo_90_10_seed42,gaussian_time,9,0,1,18,0.6551724137931034,0.6736111111111112,0,259,29,288,22,1000,synthetic_gaussian,/home/jovyan/eeg-repro/high-gamma-data/data/processed/vae_repo_90_10_seed42/real_splits/S09_real_splits.npz,/home/jovyan/eeg-repro/high-gamma-data/data/generated/vae_repo_90_10_seed42/gaussian/gaussian_time/S09_generator-seed0.npz,21.40317303687334,one mean and standard deviation per time sample; statistics fitted only to the central real training split; validation and test remain real.,
success,vae_repo_90_10_seed42,gaussian_time,9,0,2,1,0.6896551724137931,0.7569444444444444,0,259,29,288,22,1000,synthetic_gaussian,/home/jovyan/eeg-repro/high-gamma-data/data/processed/vae_repo_90_10_seed42/real_splits/S09_real_splits.npz,/home/jovyan/eeg-repro/high-gamma-data/data/generated/vae_repo_90_10_seed42/gaussian/gaussian_time/S09_generator-seed0.npz,19.871750317513943,one mean and standard deviation per time sample; statistics fitted only to the central real training split; validation and test remain real.,
success,vae_repo_90_10_seed42,gaussian_time,9,1,0,38,0.6206896551724138,0.7430555555555556,0,259,29,288,22,1000,synthetic_gaussian,/home/jovyan/eeg-repro/high-gamma-data/data/processed/vae_repo_90_10_seed42/real_splits/S09_real_splits.npz,/home/jovyan/eeg-repro/high-gamma-data/data/generated/vae_repo_90_10_seed42/gaussian/gaussian_time/S09_generator-seed1.npz,33.767766788601875,one mean and standard deviation per time sample; statistics fitted only to the central real training split; validation and test remain real.,
success,vae_repo_90_10_seed42,gaussian_time,9,1,1,17,0.6551724137931034,0.8055555555555556,0,259,29,288,22,1000,synthetic_gaussian,/home/jovyan/eeg-repro/high-gamma-data/data/processed/vae_repo_90_10_seed42/real_splits/S09_real_splits.npz,/home/jovyan/eeg-repro/high-gamma-data/data/generated/vae_repo_90_10_seed42/gaussian/gaussian_time/S09_generator-seed1.npz,28.179755493998528,one mean and standard deviation per time sample; statistics fitted only to the central real training split; validation and test remain real.,
success,vae_repo_90_10_seed42,gaussian_time,9,1,2,20,0.6551724137931034,0.7604166666666666,0,259,29,288,22,1000,synthetic_gaussian,/home/jovyan/eeg-repro/high-gamma-data/data/processed/vae_repo_90_10_seed42/real_splits/S09_real_splits.npz,/home/jovyan/eeg-repro/high-gamma-data/data/generated/vae_repo_90_10_seed42/gaussian/gaussian_time/S09_generator-seed1.npz,22.93283559381962,one mean and standard deviation per time sample; statistics fitted only to the central real training split; validation and test remain real.,
success,vae_repo_90_10_seed42,gaussian_time,9,2,0,30,0.7241379310344828,0.6423611111111112,0,259,29,288,22,1000,synthetic_gaussian,/home/jovyan/eeg-repro/high-gamma-data/data/processed/vae_repo_90_10_seed42/real_splits/S09_real_splits.npz,/home/jovyan/eeg-repro/high-gamma-data/data/generated/vae_repo_90_10_seed42/gaussian/gaussian_time/S09_generator-seed2.npz,19.18267134949565,one mean and standard deviation per time sample; statistics fitted only to the central real training split; validation and test remain real.,
success,vae_repo_90_10_seed42,gaussian_time,9,2,1,25,0.6206896551724138,0.59375,0,259,29,288,22,1000,synthetic_gaussian,/home/jovyan/eeg-repro/high-gamma-data/data/processed/vae_repo_90_10_seed42/real_splits/S09_real_splits.npz,/home/jovyan/eeg-repro/high-gamma-data/data/generated/vae_repo_90_10_seed42/gaussian/gaussian_time/S09_generator-seed2.npz,33.62952147424221,one mean and standard deviation per time sample; statistics fitted only to the central real training split; validation and test remain real.,
success,vae_repo_90_10_seed42,gaussian_time,9,2,2,4,0.6551724137931034,0.7048611111111112,0,259,29,288,22,1000,synthetic_gaussian,/home/jovyan/eeg-repro/high-gamma-data/data/processed/vae_repo_90_10_seed42/real_splits/S09_real_splits.npz,/home/jovyan/eeg-repro/high-gamma-data/data/generated/vae_repo_90_10_seed42/gaussian/gaussian_time/S09_generator-seed2.npz,22.547580003738403,one mean and standard deviation per time sample; statistics fitted only to the central real training split; validation and test remain real.,
success,vae_repo_90_10_seed42,gaussian_channel_time,1,0,0,1,0.6551724137931034,0.7638888888888888,0,259,29,288,22,1000,synthetic_gaussian,/home/jovyan/eeg-repro/high-gamma-data/data/processed/vae_repo_90_10_seed42/real_splits/S01_real_splits.npz,/home/jovyan/eeg-repro/high-gamma-data/data/generated/vae_repo_90_10_seed42/gaussian/gaussian_channel_time/S01_generator-seed0.npz,19.6738258600235,one mean and standard deviation per channel and time sample; statistics fitted only to the central real training split; validation and test remain real.,
success,vae_repo_90_10_seed42,gaussian_channel_time,1,0,1,2,0.6551724137931034,0.7395833333333333,0,259,29,288,22,1000,synthetic_gaussian,/home/jovyan/eeg-repro/high-gamma-data/data/processed/vae_repo_90_10_seed42/real_splits/S01_real_splits.npz,/home/jovyan/eeg-repro/high-gamma-data/data/generated/vae_repo_90_10_seed42/gaussian/gaussian_channel_time/S01_generator-seed0.npz,20.88988806307316,one mean and standard deviation per channel and time sample; statistics fitted only to the central real training split; validation and test remain real.,
success,vae_repo_90_10_seed42,gaussian_channel_time,1,0,2,2,0.5517241379310345,0.6979166666666667,0,259,29,288,22,1000,synthetic_gaussian,/home/jovyan/eeg-repro/high-gamma-data/data/processed/vae_repo_90_10_seed42/real_splits/S01_real_splits.npz,/home/jovyan/eeg-repro/high-gamma-data/data/generated/vae_repo_90_10_seed42/gaussian/gaussian_channel_time/S01_generator-seed0.npz,20.841255124658346,one mean and standard deviation per channel and time sample; statistics fitted only to the central real training split; validation and test remain real.,
success,vae_repo_90_10_seed42,gaussian_channel_time,1,1,0,0,0.6551724137931034,0.7256944444444444,0,259,29,288,22,1000,synthetic_gaussian,/home/jovyan/eeg-repro/high-gamma-data/data/processed/vae_repo_90_10_seed42/real_splits/S01_real_splits.npz,/home/jovyan/eeg-repro/high-gamma-data/data/generated/vae_repo_90_10_seed42/gaussian/gaussian_channel_time/S01_generator-seed1.npz,19.702013570815325,one mean and standard deviation per channel and time sample; statistics fitted only to the central real training split; validation and test remain real.,
success,vae_repo_90_10_seed42,gaussian_channel_time,1,1,1,1,0.6551724137931034,0.7430555555555556,0,259,29,288,22,1000,synthetic_gaussian,/home/jovyan/eeg-repro/high-gamma-data/data/processed/vae_repo_90_10_seed42/real_splits/S01_real_splits.npz,/home/jovyan/eeg-repro/high-gamma-data/data/generated/vae_repo_90_10_seed42/gaussian/gaussian_channel_time/S01_generator-seed1.npz,20.12248869985342,one mean and standard deviation per channel and time sample; statistics fitted only to the central real training split; validation and test remain real.,
success,vae_repo_90_10_seed42,gaussian_channel_time,1,1,2,15,0.6551724137931034,0.7083333333333333,0,259,29,288,22,1000,synthetic_gaussian,/home/jovyan/eeg-repro/high-gamma-data/data/processed/vae_repo_90_10_seed42/real_splits/S01_real_splits.npz,/home/jovyan/eeg-repro/high-gamma-data/data/generated/vae_repo_90_10_seed42/gaussian/gaussian_channel_time/S01_generator-seed1.npz,28.721813306212425,one mean and standard deviation per channel and time sample; statistics fitted only to the central real training split; validation and test remain real.,
success,vae_repo_90_10_seed42,gaussian_channel_time,1,2,0,0,0.6551724137931034,0.7256944444444444,0,259,29,288,22,1000,synthetic_gaussian,/home/jovyan/eeg-repro/high-gamma-data/data/processed/vae_repo_90_10_seed42/real_splits/S01_real_splits.npz,/home/jovyan/eeg-repro/high-gamma-data/data/generated/vae_repo_90_10_seed42/gaussian/gaussian_channel_time/S01_generator-seed2.npz,19.10818312317133,one mean and standard deviation per channel and time sample; statistics fitted only to the central real training split; validation and test remain real.,
success,vae_repo_90_10_seed42,gaussian_channel_time,1,2,1,34,0.6896551724137931,0.7534722222222222,0,259,29,288,22,1000,synthetic_gaussian,/home/jovyan/eeg-repro/high-gamma-data/data/processed/vae_repo_90_10_seed42/real_splits/S01_real_splits.npz,/home/jovyan/eeg-repro/high-gamma-data/data/generated/vae_repo_90_10_seed42/gaussian/gaussian_channel_time/S01_generator-seed2.npz,21.90440396219492,one mean and standard deviation per channel and time sample; statistics fitted only to the central real training split; validation and test remain real.,
success,vae_repo_90_10_seed42,gaussian_channel_time,1,2,2,27,0.6551724137931034,0.75,0,259,29,288,22,1000,synthetic_gaussian,/home/jovyan/eeg-repro/high-gamma-data/data/processed/vae_repo_90_10_seed42/real_splits/S01_real_splits.npz,/home/jovyan/eeg-repro/high-gamma-data/data/generated/vae_repo_90_10_seed42/gaussian/gaussian_channel_time/S01_generator-seed2.npz,33.84365430474281,one mean and standard deviation per channel and time sample; statistics fitted only to the central real training split; validation and test remain real.,
success,vae_repo_90_10_seed42,gaussian_channel_time,2,0,0,7,0.6206896551724138,0.75,0,259,29,288,22,1000,synthetic_gaussian,/home/jovyan/eeg-repro/high-gamma-data/data/processed/vae_repo_90_10_seed42/real_splits/S02_real_splits.npz,/home/jovyan/eeg-repro/high-gamma-data/data/generated/vae_repo_90_10_seed42/gaussian/gaussian_channel_time/S02_generator-seed0.npz,23.347673907876015,one mean and standard deviation per channel and time sample; statistics fitted only to the central real training split; validation and test remain real.,
success,vae_repo_90_10_seed42,gaussian_channel_time,2,0,1,9,0.6551724137931034,0.7430555555555556,0,259,29,288,22,1000,synthetic_gaussian,/home/jovyan/eeg-repro/high-gamma-data/data/processed/vae_repo_90_10_seed42/real_splits/S02_real_splits.npz,/home/jovyan/eeg-repro/high-gamma-data/data/generated/vae_repo_90_10_seed42/gaussian/gaussian_channel_time/S02_generator-seed0.npz,25.305701456964016,one mean and standard deviation per channel and time sample; statistics fitted only to the central real training split; validation and test remain real.,
success,vae_repo_90_10_seed42,gaussian_channel_time,2,0,2,56,0.7241379310344828,0.7048611111111112,0,259,29,288,22,1000,synthetic_gaussian,/home/jovyan/eeg-repro/high-gamma-data/data/processed/vae_repo_90_10_seed42/real_splits/S02_real_splits.npz,/home/jovyan/eeg-repro/high-gamma-data/data/generated/vae_repo_90_10_seed42/gaussian/gaussian_channel_time/S02_generator-seed0.npz,50.6011473312974,one mean and standard deviation per channel and time sample; statistics fitted only to the central real training split; validation and test remain real.,
success,vae_repo_90_10_seed42,gaussian_channel_time,2,1,0,74,0.5517241379310345,0.7465277777777778,0,259,29,288,22,1000,synthetic_gaussian,/home/jovyan/eeg-repro/high-gamma-data/data/processed/vae_repo_90_10_seed42/real_splits/S02_real_splits.npz,/home/jovyan/eeg-repro/high-gamma-data/data/generated/vae_repo_90_10_seed42/gaussian/gaussian_channel_time/S02_generator-seed1.npz,53.02885353192687,one mean and standard deviation per channel and time sample; statistics fitted only to the central real training split; validation and test remain real.,
success,vae_repo_90_10_seed42,gaussian_channel_time,2,1,1,0,0.6896551724137931,0.75,0,259,29,288,22,1000,synthetic_gaussian,/home/jovyan/eeg-repro/high-gamma-data/data/processed/vae_repo_90_10_seed42/real_splits/S02_real_splits.npz,/home/jovyan/eeg-repro/high-gamma-data/data/generated/vae_repo_90_10_seed42/gaussian/gaussian_channel_time/S02_generator-seed1.npz,19.5522016659379,one mean and standard deviation per channel and time sample; statistics fitted only to the central real training split; validation and test remain real.,
success,vae_repo_90_10_seed42,gaussian_channel_time,2,1,2,31,0.7241379310344828,0.7569444444444444,0,259,29,288,22,1000,synthetic_gaussian,/home/jovyan/eeg-repro/high-gamma-data/data/processed/vae_repo_90_10_seed42/real_splits/S02_real_splits.npz,/home/jovyan/eeg-repro/high-gamma-data/data/generated/vae_repo_90_10_seed42/gaussian/gaussian_channel_time/S02_generator-seed1.npz,20.54890039935708,one mean and standard deviation per channel and time sample; statistics fitted only to the central real training split; validation and test remain real.,
success,vae_repo_90_10_seed42,gaussian_channel_time,2,2,0,2,0.6206896551724138,0.7395833333333333,0,259,29,288,22,1000,synthetic_gaussian,/home/jovyan/eeg-repro/high-gamma-data/data/processed/vae_repo_90_10_seed42/real_splits/S02_real_splits.npz,/home/jovyan/eeg-repro/high-gamma-data/data/generated/vae_repo_90_10_seed42/gaussian/gaussian_channel_time/S02_generator-seed2.npz,19.942497942596674,one mean and standard deviation per channel and time sample; statistics fitted only to the central real training split; validation and test remain real.,
success,vae_repo_90_10_seed42,gaussian_channel_time,2,2,1,0,0.6896551724137931,0.75,0,259,29,288,22,1000,synthetic_gaussian,/home/jovyan/eeg-repro/high-gamma-data/data/processed/vae_repo_90_10_seed42/real_splits/S02_real_splits.npz,/home/jovyan/eeg-repro/high-gamma-data/data/generated/vae_repo_90_10_seed42/gaussian/gaussian_channel_time/S02_generator-seed2.npz,19.946228843182325,one mean and standard deviation per channel and time sample; statistics fitted only to the central real training split; validation and test remain real.,
success,vae_repo_90_10_seed42,gaussian_channel_time,2,2,2,34,0.7931034482758621,0.7604166666666666,0,259,29,288,22,1000,synthetic_gaussian,/home/jovyan/eeg-repro/high-gamma-data/data/processed/vae_repo_90_10_seed42/real_splits/S02_real_splits.npz,/home/jovyan/eeg-repro/high-gamma-data/data/generated/vae_repo_90_10_seed42/gaussian/gaussian_channel_time/S02_generator-seed2.npz,22.10468677803874,one mean and standard deviation per channel and time sample; statistics fitted only to the central real training split; validation and test remain real.,
success,vae_repo_90_10_seed42,gaussian_channel_time,3,0,0,14,0.6551724137931034,0.7777777777777778,0,259,29,288,22,1000,synthetic_gaussian,/home/jovyan/eeg-repro/high-gamma-data/data/processed/vae_repo_90_10_seed42/real_splits/S03_real_splits.npz,/home/jovyan/eeg-repro/high-gamma-data/data/generated/vae_repo_90_10_seed42/gaussian/gaussian_channel_time/S03_generator-seed0.npz,28.317408438771963,one mean and standard deviation per channel and time sample; statistics fitted only to the central real training split; validation and test remain real.,
success,vae_repo_90_10_seed42,gaussian_channel_time,3,0,1,30,0.6896551724137931,0.7465277777777778,0,259,29,288,22,1000,synthetic_gaussian,/home/jovyan/eeg-repro/high-gamma-data/data/processed/vae_repo_90_10_seed42/real_splits/S03_real_splits.npz,/home/jovyan/eeg-repro/high-gamma-data/data/generated/vae_repo_90_10_seed42/gaussian/gaussian_channel_time/S03_generator-seed0.npz,19.98323632031679,one mean and standard deviation per channel and time sample; statistics fitted only to the central real training split; validation and test remain real.,
success,vae_repo_90_10_seed42,gaussian_channel_time,3,0,2,30,0.6551724137931034,0.7534722222222222,0,259,29,288,22,1000,synthetic_gaussian,/home/jovyan/eeg-repro/high-gamma-data/data/processed/vae_repo_90_10_seed42/real_splits/S03_real_splits.npz,/home/jovyan/eeg-repro/high-gamma-data/data/generated/vae_repo_90_10_seed42/gaussian/gaussian_channel_time/S03_generator-seed0.npz,38.8092080578208,one mean and standard deviation per channel and time sample; statistics fitted only to the central real training split; validation and test remain real.,
success,vae_repo_90_10_seed42,gaussian_channel_time,3,1,0,9,0.7241379310344828,0.78125,0,259,29,288,22,1000,synthetic_gaussian,/home/jovyan/eeg-repro/high-gamma-data/data/processed/vae_repo_90_10_seed42/real_splits/S03_real_splits.npz,/home/jovyan/eeg-repro/high-gamma-data/data/generated/vae_repo_90_10_seed42/gaussian/gaussian_channel_time/S03_generator-seed1.npz,25.59490266814828,one mean and standard deviation per channel and time sample; statistics fitted only to the central real training split; validation and test remain real.,
success,vae_repo_90_10_seed42,gaussian_channel_time,3,1,1,0,0.6896551724137931,0.75,0,259,29,288,22,1000,synthetic_gaussian,/home/jovyan/eeg-repro/high-gamma-data/data/processed/vae_repo_90_10_seed42/real_splits/S03_real_splits.npz,/home/jovyan/eeg-repro/high-gamma-data/data/generated/vae_repo_90_10_seed42/gaussian/gaussian_channel_time/S03_generator-seed1.npz,19.860123425722122,one mean and standard deviation per channel and time sample; statistics fitted only to the central real training split; validation and test remain real.,
success,vae_repo_90_10_seed42,gaussian_channel_time,3,1,2,65,0.6206896551724138,0.7361111111111112,0,259,29,288,22,1000,synthetic_gaussian,/home/jovyan/eeg-repro/high-gamma-data/data/processed/vae_repo_90_10_seed42/real_splits/S03_real_splits.npz,/home/jovyan/eeg-repro/high-gamma-data/data/generated/vae_repo_90_10_seed42/gaussian/gaussian_channel_time/S03_generator-seed1.npz,57.801357217133045,one mean and standard deviation per channel and time sample; statistics fitted only to the central real training split; validation and test remain real.,
success,vae_repo_90_10_seed42,gaussian_channel_time,3,2,0,1,0.6896551724137931,0.75,0,259,29,288,22,1000,synthetic_gaussian,/home/jovyan/eeg-repro/high-gamma-data/data/processed/vae_repo_90_10_seed42/real_splits/S03_real_splits.npz,/home/jovyan/eeg-repro/high-gamma-data/data/generated/vae_repo_90_10_seed42/gaussian/gaussian_channel_time/S03_generator-seed2.npz,20.68088014051318,one mean and standard deviation per channel and time sample; statistics fitted only to the central real training split; validation and test remain real.,
success,vae_repo_90_10_seed42,gaussian_channel_time,3,2,1,0,0.6896551724137931,0.75,0,259,29,288,22,1000,synthetic_gaussian,/home/jovyan/eeg-repro/high-gamma-data/data/processed/vae_repo_90_10_seed42/real_splits/S03_real_splits.npz,/home/jovyan/eeg-repro/high-gamma-data/data/generated/vae_repo_90_10_seed42/gaussian/gaussian_channel_time/S03_generator-seed2.npz,19.78032786771655,one mean and standard deviation per channel and time sample; statistics fitted only to the central real training split; validation and test remain real.,
success,vae_repo_90_10_seed42,gaussian_channel_time,3,2,2,1,0.7241379310344828,0.75,0,259,29,288,22,1000,synthetic_gaussian,/home/jovyan/eeg-repro/high-gamma-data/data/processed/vae_repo_90_10_seed42/real_splits/S03_real_splits.npz,/home/jovyan/eeg-repro/high-gamma-data/data/generated/vae_repo_90_10_seed42/gaussian/gaussian_channel_time/S03_generator-seed2.npz,20.105382222682238,one mean and standard deviation per channel and time sample; statistics fitted only to the central real training split; validation and test remain real.,
success,vae_repo_90_10_seed42,gaussian_channel_time,4,0,0,5,0.6896551724137931,0.7604166666666666,0,259,29,288,22,1000,synthetic_gaussian,/home/jovyan/eeg-repro/high-gamma-data/data/processed/vae_repo_90_10_seed42/real_splits/S04_real_splits.npz,/home/jovyan/eeg-repro/high-gamma-data/data/generated/vae_repo_90_10_seed42/gaussian/gaussian_channel_time/S04_generator-seed0.npz,21.718110967427492,one mean and standard deviation per channel and time sample; statistics fitted only to the central real training split; validation and test remain real.,
success,vae_repo_90_10_seed42,gaussian_channel_time,4,0,1,0,0.6896551724137931,0.75,0,259,29,288,22,1000,synthetic_gaussian,/home/jovyan/eeg-repro/high-gamma-data/data/processed/vae_repo_90_10_seed42/real_splits/S04_real_splits.npz,/home/jovyan/eeg-repro/high-gamma-data/data/generated/vae_repo_90_10_seed42/gaussian/gaussian_channel_time/S04_generator-seed0.npz,20.075186789035797,one mean and standard deviation per channel and time sample; statistics fitted only to the central real training split; validation and test remain real.,
success,vae_repo_90_10_seed42,gaussian_channel_time,4,0,2,18,0.6206896551724138,0.7881944444444444,0,259,29,288,22,1000,synthetic_gaussian,/home/jovyan/eeg-repro/high-gamma-data/data/processed/vae_repo_90_10_seed42/real_splits/S04_real_splits.npz,/home/jovyan/eeg-repro/high-gamma-data/data/generated/vae_repo_90_10_seed42/gaussian/gaussian_channel_time/S04_generator-seed0.npz,31.47617880627513,one mean and standard deviation per channel and time sample; statistics fitted only to the central real training split; validation and test remain real.,
success,vae_repo_90_10_seed42,gaussian_channel_time,4,1,0,6,0.6896551724137931,0.7604166666666666,0,259,29,288,22,1000,synthetic_gaussian,/home/jovyan/eeg-repro/high-gamma-data/data/processed/vae_repo_90_10_seed42/real_splits/S04_real_splits.npz,/home/jovyan/eeg-repro/high-gamma-data/data/generated/vae_repo_90_10_seed42/gaussian/gaussian_channel_time/S04_generator-seed1.npz,21.75686940923333,one mean and standard deviation per channel and time sample; statistics fitted only to the central real training split; validation and test remain real.,
success,vae_repo_90_10_seed42,gaussian_channel_time,4,1,1,0,0.6896551724137931,0.75,0,259,29,288,22,1000,synthetic_gaussian,/home/jovyan/eeg-repro/high-gamma-data/data/processed/vae_repo_90_10_seed42/real_splits/S04_real_splits.npz,/home/jovyan/eeg-repro/high-gamma-data/data/generated/vae_repo_90_10_seed42/gaussian/gaussian_channel_time/S04_generator-seed1.npz,20.143490131944418,one mean and standard deviation per channel and time sample; statistics fitted only to the central real training split; validation and test remain real.,
success,vae_repo_90_10_seed42,gaussian_channel_time,4,1,2,32,0.7586206896551724,0.7430555555555556,0,259,29,288,22,1000,synthetic_gaussian,/home/jovyan/eeg-repro/high-gamma-data/data/processed/vae_repo_90_10_seed42/real_splits/S04_real_splits.npz,/home/jovyan/eeg-repro/high-gamma-data/data/generated/vae_repo_90_10_seed42/gaussian/gaussian_channel_time/S04_generator-seed1.npz,21.172540329396725,one mean and standard deviation per channel and time sample; statistics fitted only to the central real training split; validation and test remain real.,
success,vae_repo_90_10_seed42,gaussian_channel_time,4,2,0,1,0.7241379310344828,0.7465277777777778,0,259,29,288,22,1000,synthetic_gaussian,/home/jovyan/eeg-repro/high-gamma-data/data/processed/vae_repo_90_10_seed42/real_splits/S04_real_splits.npz,/home/jovyan/eeg-repro/high-gamma-data/data/generated/vae_repo_90_10_seed42/gaussian/gaussian_channel_time/S04_generator-seed2.npz,19.868103221058846,one mean and standard deviation per channel and time sample; statistics fitted only to the central real training split; validation and test remain real.,
success,vae_repo_90_10_seed42,gaussian_channel_time,4,2,1,0,0.6896551724137931,0.75,0,259,29,288,22,1000,synthetic_gaussian,/home/jovyan/eeg-repro/high-gamma-data/data/processed/vae_repo_90_10_seed42/real_splits/S04_real_splits.npz,/home/jovyan/eeg-repro/high-gamma-data/data/generated/vae_repo_90_10_seed42/gaussian/gaussian_channel_time/S04_generator-seed2.npz,19.675688970834017,one mean and standard deviation per channel and time sample; statistics fitted only to the central real training split; validation and test remain real.,
success,vae_repo_90_10_seed42,gaussian_channel_time,4,2,2,17,0.6896551724137931,0.7673611111111112,0,259,29,288,22,1000,synthetic_gaussian,/home/jovyan/eeg-repro/high-gamma-data/data/processed/vae_repo_90_10_seed42/real_splits/S04_real_splits.npz,/home/jovyan/eeg-repro/high-gamma-data/data/generated/vae_repo_90_10_seed42/gaussian/gaussian_channel_time/S04_generator-seed2.npz,20.77240815386176,one mean and standard deviation per channel and time sample; statistics fitted only to the central real training split; validation and test remain real.,
success,vae_repo_90_10_seed42,gaussian_channel_time,5,0,0,35,0.5862068965517242,0.7604166666666666,0,259,29,288,22,1000,synthetic_gaussian,/home/jovyan/eeg-repro/high-gamma-data/data/processed/vae_repo_90_10_seed42/real_splits/S05_real_splits.npz,/home/jovyan/eeg-repro/high-gamma-data/data/generated/vae_repo_90_10_seed42/gaussian/gaussian_channel_time/S05_generator-seed0.npz,38.09638649597764,one mean and standard deviation per channel and time sample; statistics fitted only to the central real training split; validation and test remain real.,
success,vae_repo_90_10_seed42,gaussian_channel_time,5,0,1,12,0.5862068965517242,0.7777777777777778,0,259,29,288,22,1000,synthetic_gaussian,/home/jovyan/eeg-repro/high-gamma-data/data/processed/vae_repo_90_10_seed42/real_splits/S05_real_splits.npz,/home/jovyan/eeg-repro/high-gamma-data/data/generated/vae_repo_90_10_seed42/gaussian/gaussian_channel_time/S05_generator-seed0.npz,27.105743065476418,one mean and standard deviation per channel and time sample; statistics fitted only to the central real training split; validation and test remain real.,
success,vae_repo_90_10_seed42,gaussian_channel_time,5,0,2,30,0.8275862068965517,0.75,0,259,29,288,22,1000,synthetic_gaussian,/home/jovyan/eeg-repro/high-gamma-data/data/processed/vae_repo_90_10_seed42/real_splits/S05_real_splits.npz,/home/jovyan/eeg-repro/high-gamma-data/data/generated/vae_repo_90_10_seed42/gaussian/gaussian_channel_time/S05_generator-seed0.npz,19.62247233092785,one mean and standard deviation per channel and time sample; statistics fitted only to the central real training split; validation and test remain real.,
success,vae_repo_90_10_seed42,gaussian_channel_time,5,1,0,2,0.6551724137931034,0.75,0,259,29,288,22,1000,synthetic_gaussian,/home/jovyan/eeg-repro/high-gamma-data/data/processed/vae_repo_90_10_seed42/real_splits/S05_real_splits.npz,/home/jovyan/eeg-repro/high-gamma-data/data/generated/vae_repo_90_10_seed42/gaussian/gaussian_channel_time/S05_generator-seed1.npz,21.27052278444171,one mean and standard deviation per channel and time sample; statistics fitted only to the central real training split; validation and test remain real.,
success,vae_repo_90_10_seed42,gaussian_channel_time,5,1,1,0,0.6896551724137931,0.75,0,259,29,288,22,1000,synthetic_gaussian,/home/jovyan/eeg-repro/high-gamma-data/data/processed/vae_repo_90_10_seed42/real_splits/S05_real_splits.npz,/home/jovyan/eeg-repro/high-gamma-data/data/generated/vae_repo_90_10_seed42/gaussian/gaussian_channel_time/S05_generator-seed1.npz,20.064979001879692,one mean and standard deviation per channel and time sample; statistics fitted only to the central real training split; validation and test remain real.,
success,vae_repo_90_10_seed42,gaussian_channel_time,5,1,2,35,0.7241379310344828,0.75,0,259,29,288,22,1000,synthetic_gaussian,/home/jovyan/eeg-repro/high-gamma-data/data/processed/vae_repo_90_10_seed42/real_splits/S05_real_splits.npz,/home/jovyan/eeg-repro/high-gamma-data/data/generated/vae_repo_90_10_seed42/gaussian/gaussian_channel_time/S05_generator-seed1.npz,40.46753269061446,one mean and standard deviation per channel and time sample; statistics fitted only to the central real training split; validation and test remain real.,
success,vae_repo_90_10_seed42,gaussian_channel_time,5,2,0,1,0.7586206896551724,0.75,0,259,29,288,22,1000,synthetic_gaussian,/home/jovyan/eeg-repro/high-gamma-data/data/processed/vae_repo_90_10_seed42/real_splits/S05_real_splits.npz,/home/jovyan/eeg-repro/high-gamma-data/data/generated/vae_repo_90_10_seed42/gaussian/gaussian_channel_time/S05_generator-seed2.npz,20.860877979546785,one mean and standard deviation per channel and time sample; statistics fitted only to the central real training split; validation and test remain real.,
success,vae_repo_90_10_seed42,gaussian_channel_time,5,2,1,0,0.6896551724137931,0.75,0,259,29,288,22,1000,synthetic_gaussian,/home/jovyan/eeg-repro/high-gamma-data/data/processed/vae_repo_90_10_seed42/real_splits/S05_real_splits.npz,/home/jovyan/eeg-repro/high-gamma-data/data/generated/vae_repo_90_10_seed42/gaussian/gaussian_channel_time/S05_generator-seed2.npz,20.141760248690844,one mean and standard deviation per channel and time sample; statistics fitted only to the central real training split; validation and test remain real.,
success,vae_repo_90_10_seed42,gaussian_channel_time,5,2,2,33,0.7931034482758621,0.7534722222222222,0,259,29,288,22,1000,synthetic_gaussian,/home/jovyan/eeg-repro/high-gamma-data/data/processed/vae_repo_90_10_seed42/real_splits/S05_real_splits.npz,/home/jovyan/eeg-repro/high-gamma-data/data/generated/vae_repo_90_10_seed42/gaussian/gaussian_channel_time/S05_generator-seed2.npz,21.60914073884487,one mean and standard deviation per channel and time sample; statistics fitted only to the central real training split; validation and test remain real.,
success,vae_repo_90_10_seed42,gaussian_channel_time,6,0,0,50,0.6896551724137931,0.7569444444444444,0,259,29,288,22,1000,synthetic_gaussian,/home/jovyan/eeg-repro/high-gamma-data/data/processed/vae_repo_90_10_seed42/real_splits/S06_real_splits.npz,/home/jovyan/eeg-repro/high-gamma-data/data/generated/vae_repo_90_10_seed42/gaussian/gaussian_channel_time/S06_generator-seed0.npz,32.4408736936748,one mean and standard deviation per channel and time sample; statistics fitted only to the central real training split; validation and test remain real.,
success,vae_repo_90_10_seed42,gaussian_channel_time,6,0,1,10,0.6206896551724138,0.7118055555555556,0,259,29,288,22,1000,synthetic_gaussian,/home/jovyan/eeg-repro/high-gamma-data/data/processed/vae_repo_90_10_seed42/real_splits/S06_real_splits.npz,/home/jovyan/eeg-repro/high-gamma-data/data/generated/vae_repo_90_10_seed42/gaussian/gaussian_channel_time/S06_generator-seed0.npz,25.843077767640352,one mean and standard deviation per channel and time sample; statistics fitted only to the central real training split; validation and test remain real.,
success,vae_repo_90_10_seed42,gaussian_channel_time,6,0,2,18,0.7241379310344828,0.7430555555555556,0,259,29,288,22,1000,synthetic_gaussian,/home/jovyan/eeg-repro/high-gamma-data/data/processed/vae_repo_90_10_seed42/real_splits/S06_real_splits.npz,/home/jovyan/eeg-repro/high-gamma-data/data/generated/vae_repo_90_10_seed42/gaussian/gaussian_channel_time/S06_generator-seed0.npz,27.60862920433283,one mean and standard deviation per channel and time sample; statistics fitted only to the central real training split; validation and test remain real.,
success,vae_repo_90_10_seed42,gaussian_channel_time,6,1,0,28,0.6896551724137931,0.7708333333333334,0,259,29,288,22,1000,synthetic_gaussian,/home/jovyan/eeg-repro/high-gamma-data/data/processed/vae_repo_90_10_seed42/real_splits/S06_real_splits.npz,/home/jovyan/eeg-repro/high-gamma-data/data/generated/vae_repo_90_10_seed42/gaussian/gaussian_channel_time/S06_generator-seed1.npz,36.843217719346285,one mean and standard deviation per channel and time sample; statistics fitted only to the central real training split; validation and test remain real.,
success,vae_repo_90_10_seed42,gaussian_channel_time,6,1,1,1,0.6896551724137931,0.7430555555555556,0,259,29,288,22,1000,synthetic_gaussian,/home/jovyan/eeg-repro/high-gamma-data/data/processed/vae_repo_90_10_seed42/real_splits/S06_real_splits.npz,/home/jovyan/eeg-repro/high-gamma-data/data/generated/vae_repo_90_10_seed42/gaussian/gaussian_channel_time/S06_generator-seed1.npz,20.615489650517702,one mean and standard deviation per channel and time sample; statistics fitted only to the central real training split; validation and test remain real.,
success,vae_repo_90_10_seed42,gaussian_channel_time,6,1,2,3,0.7241379310344828,0.7743055555555556,0,259,29,288,22,1000,synthetic_gaussian,/home/jovyan/eeg-repro/high-gamma-data/data/processed/vae_repo_90_10_seed42/real_splits/S06_real_splits.npz,/home/jovyan/eeg-repro/high-gamma-data/data/generated/vae_repo_90_10_seed42/gaussian/gaussian_channel_time/S06_generator-seed1.npz,20.561844050884247,one mean and standard deviation per channel and time sample; statistics fitted only to the central real training split; validation and test remain real.,
success,vae_repo_90_10_seed42,gaussian_channel_time,6,2,0,1,0.6896551724137931,0.6979166666666667,0,259,29,288,22,1000,synthetic_gaussian,/home/jovyan/eeg-repro/high-gamma-data/data/processed/vae_repo_90_10_seed42/real_splits/S06_real_splits.npz,/home/jovyan/eeg-repro/high-gamma-data/data/generated/vae_repo_90_10_seed42/gaussian/gaussian_channel_time/S06_generator-seed2.npz,20.718131568282843,one mean and standard deviation per channel and time sample; statistics fitted only to the central real training split; validation and test remain real.,
success,vae_repo_90_10_seed42,gaussian_channel_time,6,2,1,31,0.6896551724137931,0.7395833333333333,0,259,29,288,22,1000,synthetic_gaussian,/home/jovyan/eeg-repro/high-gamma-data/data/processed/vae_repo_90_10_seed42/real_splits/S06_real_splits.npz,/home/jovyan/eeg-repro/high-gamma-data/data/generated/vae_repo_90_10_seed42/gaussian/gaussian_channel_time/S06_generator-seed2.npz,21.49393816292286,one mean and standard deviation per channel and time sample; statistics fitted only to the central real training split; validation and test remain real.,
success,vae_repo_90_10_seed42,gaussian_channel_time,6,2,2,31,0.6896551724137931,0.7326388888888888,0,259,29,288,22,1000,synthetic_gaussian,/home/jovyan/eeg-repro/high-gamma-data/data/processed/vae_repo_90_10_seed42/real_splits/S06_real_splits.npz,/home/jovyan/eeg-repro/high-gamma-data/data/generated/vae_repo_90_10_seed42/gaussian/gaussian_channel_time/S06_generator-seed2.npz,39.00783195719123,one mean and standard deviation per channel and time sample; statistics fitted only to the central real training split; validation and test remain real.,
success,vae_repo_90_10_seed42,gaussian_channel_time,7,0,0,2,0.6551724137931034,0.7256944444444444,0,259,29,288,22,1000,synthetic_gaussian,/home/jovyan/eeg-repro/high-gamma-data/data/processed/vae_repo_90_10_seed42/real_splits/S07_real_splits.npz,/home/jovyan/eeg-repro/high-gamma-data/data/generated/vae_repo_90_10_seed42/gaussian/gaussian_channel_time/S07_generator-seed0.npz,21.220699030905962,one mean and standard deviation per channel and time sample; statistics fitted only to the central real training split; validation and test remain real.,
success,vae_repo_90_10_seed42,gaussian_channel_time,7,0,1,30,0.6896551724137931,0.75,0,259,29,288,22,1000,synthetic_gaussian,/home/jovyan/eeg-repro/high-gamma-data/data/processed/vae_repo_90_10_seed42/real_splits/S07_real_splits.npz,/home/jovyan/eeg-repro/high-gamma-data/data/generated/vae_repo_90_10_seed42/gaussian/gaussian_channel_time/S07_generator-seed0.npz,19.538967430591583,one mean and standard deviation per channel and time sample; statistics fitted only to the central real training split; validation and test remain real.,
success,vae_repo_90_10_seed42,gaussian_channel_time,7,0,2,0,0.7931034482758621,0.7465277777777778,0,259,29,288,22,1000,synthetic_gaussian,/home/jovyan/eeg-repro/high-gamma-data/data/processed/vae_repo_90_10_seed42/real_splits/S07_real_splits.npz,/home/jovyan/eeg-repro/high-gamma-data/data/generated/vae_repo_90_10_seed42/gaussian/gaussian_channel_time/S07_generator-seed0.npz,20.04911644384265,one mean and standard deviation per channel and time sample; statistics fitted only to the central real training split; validation and test remain real.,
success,vae_repo_90_10_seed42,gaussian_channel_time,7,1,0,39,0.5862068965517242,0.6944444444444444,0,259,29,288,22,1000,synthetic_gaussian,/home/jovyan/eeg-repro/high-gamma-data/data/processed/vae_repo_90_10_seed42/real_splits/S07_real_splits.npz,/home/jovyan/eeg-repro/high-gamma-data/data/generated/vae_repo_90_10_seed42/gaussian/gaussian_channel_time/S07_generator-seed1.npz,38.77422558143735,one mean and standard deviation per channel and time sample; statistics fitted only to the central real training split; validation and test remain real.,
success,vae_repo_90_10_seed42,gaussian_channel_time,7,1,1,28,0.6551724137931034,0.7256944444444444,0,259,29,288,22,1000,synthetic_gaussian,/home/jovyan/eeg-repro/high-gamma-data/data/processed/vae_repo_90_10_seed42/real_splits/S07_real_splits.npz,/home/jovyan/eeg-repro/high-gamma-data/data/generated/vae_repo_90_10_seed42/gaussian/gaussian_channel_time/S07_generator-seed1.npz,32.81628243252635,one mean and standard deviation per channel and time sample; statistics fitted only to the central real training split; validation and test remain real.,
success,vae_repo_90_10_seed42,gaussian_channel_time,7,1,2,21,0.6896551724137931,0.7673611111111112,0,259,29,288,22,1000,synthetic_gaussian,/home/jovyan/eeg-repro/high-gamma-data/data/processed/vae_repo_90_10_seed42/real_splits/S07_real_splits.npz,/home/jovyan/eeg-repro/high-gamma-data/data/generated/vae_repo_90_10_seed42/gaussian/gaussian_channel_time/S07_generator-seed1.npz,32.12432449311018,one mean and standard deviation per channel and time sample; statistics fitted only to the central real training split; validation and test remain real.,
success,vae_repo_90_10_seed42,gaussian_channel_time,7,2,0,1,0.6896551724137931,0.8020833333333334,0,259,29,288,22,1000,synthetic_gaussian,/home/jovyan/eeg-repro/high-gamma-data/data/processed/vae_repo_90_10_seed42/real_splits/S07_real_splits.npz,/home/jovyan/eeg-repro/high-gamma-data/data/generated/vae_repo_90_10_seed42/gaussian/gaussian_channel_time/S07_generator-seed2.npz,20.26262554526329,one mean and standard deviation per channel and time sample; statistics fitted only to the central real training split; validation and test remain real.,
success,vae_repo_90_10_seed42,gaussian_channel_time,7,2,1,0,0.6896551724137931,0.75,0,259,29,288,22,1000,synthetic_gaussian,/home/jovyan/eeg-repro/high-gamma-data/data/processed/vae_repo_90_10_seed42/real_splits/S07_real_splits.npz,/home/jovyan/eeg-repro/high-gamma-data/data/generated/vae_repo_90_10_seed42/gaussian/gaussian_channel_time/S07_generator-seed2.npz,20.022411108016968,one mean and standard deviation per channel and time sample; statistics fitted only to the central real training split; validation and test remain real.,
success,vae_repo_90_10_seed42,gaussian_channel_time,7,2,2,24,0.7931034482758621,0.7534722222222222,0,259,29,288,22,1000,synthetic_gaussian,/home/jovyan/eeg-repro/high-gamma-data/data/processed/vae_repo_90_10_seed42/real_splits/S07_real_splits.npz,/home/jovyan/eeg-repro/high-gamma-data/data/generated/vae_repo_90_10_seed42/gaussian/gaussian_channel_time/S07_generator-seed2.npz,19.826262079179287,one mean and standard deviation per channel and time sample; statistics fitted only to the central real training split; validation and test remain real.,
success,vae_repo_90_10_seed42,gaussian_channel_time,8,0,0,51,0.6896551724137931,0.6979166666666667,0,259,29,288,22,1000,synthetic_gaussian,/home/jovyan/eeg-repro/high-gamma-data/data/processed/vae_repo_90_10_seed42/real_splits/S08_real_splits.npz,/home/jovyan/eeg-repro/high-gamma-data/data/generated/vae_repo_90_10_seed42/gaussian/gaussian_channel_time/S08_generator-seed0.npz,44.11364742740989,one mean and standard deviation per channel and time sample; statistics fitted only to the central real training split; validation and test remain real.,
success,vae_repo_90_10_seed42,gaussian_channel_time,8,0,1,30,0.6896551724137931,0.75,0,259,29,288,22,1000,synthetic_gaussian,/home/jovyan/eeg-repro/high-gamma-data/data/processed/vae_repo_90_10_seed42/real_splits/S08_real_splits.npz,/home/jovyan/eeg-repro/high-gamma-data/data/generated/vae_repo_90_10_seed42/gaussian/gaussian_channel_time/S08_generator-seed0.npz,19.96278288960457,one mean and standard deviation per channel and time sample; statistics fitted only to the central real training split; validation and test remain real.,
success,vae_repo_90_10_seed42,gaussian_channel_time,8,0,2,61,0.6896551724137931,0.7118055555555556,0,259,29,288,22,1000,synthetic_gaussian,/home/jovyan/eeg-repro/high-gamma-data/data/processed/vae_repo_90_10_seed42/real_splits/S08_real_splits.npz,/home/jovyan/eeg-repro/high-gamma-data/data/generated/vae_repo_90_10_seed42/gaussian/gaussian_channel_time/S08_generator-seed0.npz,41.981891710311174,one mean and standard deviation per channel and time sample; statistics fitted only to the central real training split; validation and test remain real.,
success,vae_repo_90_10_seed42,gaussian_channel_time,8,1,0,1,0.6551724137931034,0.75,0,259,29,288,22,1000,synthetic_gaussian,/home/jovyan/eeg-repro/high-gamma-data/data/processed/vae_repo_90_10_seed42/real_splits/S08_real_splits.npz,/home/jovyan/eeg-repro/high-gamma-data/data/generated/vae_repo_90_10_seed42/gaussian/gaussian_channel_time/S08_generator-seed1.npz,20.247067641466856,one mean and standard deviation per channel and time sample; statistics fitted only to the central real training split; validation and test remain real.,
success,vae_repo_90_10_seed42,gaussian_channel_time,8,1,1,0,0.6896551724137931,0.75,0,259,29,288,22,1000,synthetic_gaussian,/home/jovyan/eeg-repro/high-gamma-data/data/processed/vae_repo_90_10_seed42/real_splits/S08_real_splits.npz,/home/jovyan/eeg-repro/high-gamma-data/data/generated/vae_repo_90_10_seed42/gaussian/gaussian_channel_time/S08_generator-seed1.npz,19.217660386115313,one mean and standard deviation per channel and time sample; statistics fitted only to the central real training split; validation and test remain real.,
success,vae_repo_90_10_seed42,gaussian_channel_time,8,1,2,30,0.5862068965517242,0.7673611111111112,0,259,29,288,22,1000,synthetic_gaussian,/home/jovyan/eeg-repro/high-gamma-data/data/processed/vae_repo_90_10_seed42/real_splits/S08_real_splits.npz,/home/jovyan/eeg-repro/high-gamma-data/data/generated/vae_repo_90_10_seed42/gaussian/gaussian_channel_time/S08_generator-seed1.npz,38.79844146221876,one mean and standard deviation per channel and time sample; statistics fitted only to the central real training split; validation and test remain real.,
success,vae_repo_90_10_seed42,gaussian_channel_time,8,2,0,15,0.6551724137931034,0.7048611111111112,0,259,29,288,22,1000,synthetic_gaussian,/home/jovyan/eeg-repro/high-gamma-data/data/processed/vae_repo_90_10_seed42/real_splits/S08_real_splits.npz,/home/jovyan/eeg-repro/high-gamma-data/data/generated/vae_repo_90_10_seed42/gaussian/gaussian_channel_time/S08_generator-seed2.npz,29.050861701369286,one mean and standard deviation per channel and time sample; statistics fitted only to the central real training split; validation and test remain real.,
success,vae_repo_90_10_seed42,gaussian_channel_time,8,2,1,0,0.6896551724137931,0.75,0,259,29,288,22,1000,synthetic_gaussian,/home/jovyan/eeg-repro/high-gamma-data/data/processed/vae_repo_90_10_seed42/real_splits/S08_real_splits.npz,/home/jovyan/eeg-repro/high-gamma-data/data/generated/vae_repo_90_10_seed42/gaussian/gaussian_channel_time/S08_generator-seed2.npz,19.365838143974543,one mean and standard deviation per channel and time sample; statistics fitted only to the central real training split; validation and test remain real.,
success,vae_repo_90_10_seed42,gaussian_channel_time,8,2,2,33,0.6896551724137931,0.7118055555555556,0,259,29,288,22,1000,synthetic_gaussian,/home/jovyan/eeg-repro/high-gamma-data/data/processed/vae_repo_90_10_seed42/real_splits/S08_real_splits.npz,/home/jovyan/eeg-repro/high-gamma-data/data/generated/vae_repo_90_10_seed42/gaussian/gaussian_channel_time/S08_generator-seed2.npz,28.30115555971861,one mean and standard deviation per channel and time sample; statistics fitted only to the central real training split; validation and test remain real.,
success,vae_repo_90_10_seed42,gaussian_channel_time,9,0,0,40,0.6896551724137931,0.75,0,259,29,288,22,1000,synthetic_gaussian,/home/jovyan/eeg-repro/high-gamma-data/data/processed/vae_repo_90_10_seed42/real_splits/S09_real_splits.npz,/home/jovyan/eeg-repro/high-gamma-data/data/generated/vae_repo_90_10_seed42/gaussian/gaussian_channel_time/S09_generator-seed0.npz,25.962518077343702,one mean and standard deviation per channel and time sample; statistics fitted only to the central real training split; validation and test remain real.,
success,vae_repo_90_10_seed42,gaussian_channel_time,9,0,1,42,0.6896551724137931,0.6006944444444444,0,259,29,288,22,1000,synthetic_gaussian,/home/jovyan/eeg-repro/high-gamma-data/data/processed/vae_repo_90_10_seed42/real_splits/S09_real_splits.npz,/home/jovyan/eeg-repro/high-gamma-data/data/generated/vae_repo_90_10_seed42/gaussian/gaussian_channel_time/S09_generator-seed0.npz,37.09629512950778,one mean and standard deviation per channel and time sample; statistics fitted only to the central real training split; validation and test remain real.,
success,vae_repo_90_10_seed42,gaussian_channel_time,9,0,2,13,0.6551724137931034,0.7638888888888888,0,259,29,288,22,1000,synthetic_gaussian,/home/jovyan/eeg-repro/high-gamma-data/data/processed/vae_repo_90_10_seed42/real_splits/S09_real_splits.npz,/home/jovyan/eeg-repro/high-gamma-data/data/generated/vae_repo_90_10_seed42/gaussian/gaussian_channel_time/S09_generator-seed0.npz,26.949234168976545,one mean and standard deviation per channel and time sample; statistics fitted only to the central real training split; validation and test remain real.,
success,vae_repo_90_10_seed42,gaussian_channel_time,9,1,0,45,0.5517241379310345,0.6805555555555556,0,259,29,288,22,1000,synthetic_gaussian,/home/jovyan/eeg-repro/high-gamma-data/data/processed/vae_repo_90_10_seed42/real_splits/S09_real_splits.npz,/home/jovyan/eeg-repro/high-gamma-data/data/generated/vae_repo_90_10_seed42/gaussian/gaussian_channel_time/S09_generator-seed1.npz,44.737184308469296,one mean and standard deviation per channel and time sample; statistics fitted only to the central real training split; validation and test remain real.,
success,vae_repo_90_10_seed42,gaussian_channel_time,9,1,1,8,0.6206896551724138,0.8993055555555556,0,259,29,288,22,1000,synthetic_gaussian,/home/jovyan/eeg-repro/high-gamma-data/data/processed/vae_repo_90_10_seed42/real_splits/S09_real_splits.npz,/home/jovyan/eeg-repro/high-gamma-data/data/generated/vae_repo_90_10_seed42/gaussian/gaussian_channel_time/S09_generator-seed1.npz,24.582419835031033,one mean and standard deviation per channel and time sample; statistics fitted only to the central real training split; validation and test remain real.,
success,vae_repo_90_10_seed42,gaussian_channel_time,9,1,2,20,0.6551724137931034,0.7291666666666667,0,259,29,288,22,1000,synthetic_gaussian,/home/jovyan/eeg-repro/high-gamma-data/data/processed/vae_repo_90_10_seed42/real_splits/S09_real_splits.npz,/home/jovyan/eeg-repro/high-gamma-data/data/generated/vae_repo_90_10_seed42/gaussian/gaussian_channel_time/S09_generator-seed1.npz,32.24806983023882,one mean and standard deviation per channel and time sample; statistics fitted only to the central real training split; validation and test remain real.,
success,vae_repo_90_10_seed42,gaussian_channel_time,9,2,0,1,0.6551724137931034,0.6701388888888888,0,259,29,288,22,1000,synthetic_gaussian,/home/jovyan/eeg-repro/high-gamma-data/data/processed/vae_repo_90_10_seed42/real_splits/S09_real_splits.npz,/home/jovyan/eeg-repro/high-gamma-data/data/generated/vae_repo_90_10_seed42/gaussian/gaussian_channel_time/S09_generator-seed2.npz,20.364766873419285,one mean and standard deviation per channel and time sample; statistics fitted only to the central real training split; validation and test remain real.,
success,vae_repo_90_10_seed42,gaussian_channel_time,9,2,1,29,0.6551724137931034,0.6736111111111112,0,259,29,288,22,1000,synthetic_gaussian,/home/jovyan/eeg-repro/high-gamma-data/data/processed/vae_repo_90_10_seed42/real_splits/S09_real_splits.npz,/home/jovyan/eeg-repro/high-gamma-data/data/generated/vae_repo_90_10_seed42/gaussian/gaussian_channel_time/S09_generator-seed2.npz,21.883296139538288,one mean and standard deviation per channel and time sample; statistics fitted only to the central real training split; validation and test remain real.,
success,vae_repo_90_10_seed42,gaussian_channel_time,9,2,2,4,0.6551724137931034,0.7326388888888888,0,259,29,288,22,1000,synthetic_gaussian,/home/jovyan/eeg-repro/high-gamma-data/data/processed/vae_repo_90_10_seed42/real_splits/S09_real_splits.npz,/home/jovyan/eeg-repro/high-gamma-data/data/generated/vae_repo_90_10_seed42/gaussian/gaussian_channel_time/S09_generator-seed2.npz,21.775603093206882,one mean and standard deviation per channel and time sample; statistics fitted only to the central real training split; validation and test remain real.,
success,vae_repo_90_10_seed42,gaussian_class_time,1,0,0,0,0.6551724137931034,0.7256944444444444,0,259,29,288,22,1000,synthetic_gaussian,/home/jovyan/eeg-repro/high-gamma-data/data/processed/vae_repo_90_10_seed42/real_splits/S01_real_splits.npz,/home/jovyan/eeg-repro/high-gamma-data/data/generated/vae_repo_90_10_seed42/gaussian/gaussian_class_time/S01_generator-seed0.npz,19.681405946612358,one mean and standard deviation per class and time sample; statistics fitted only to the central real training split; validation and test remain real.,
success,vae_repo_90_10_seed42,gaussian_class_time,1,0,1,31,0.7241379310344828,0.7256944444444444,0,259,29,288,22,1000,synthetic_gaussian,/home/jovyan/eeg-repro/high-gamma-data/data/processed/vae_repo_90_10_seed42/real_splits/S01_real_splits.npz,/home/jovyan/eeg-repro/high-gamma-data/data/generated/vae_repo_90_10_seed42/gaussian/gaussian_class_time/S01_generator-seed0.npz,21.82659124210477,one mean and standard deviation per class and time sample; statistics fitted only to the central real training split; validation and test remain real.,
success,vae_repo_90_10_seed42,gaussian_class_time,1,0,2,0,0.6896551724137931,0.7465277777777778,0,259,29,288,22,1000,synthetic_gaussian,/home/jovyan/eeg-repro/high-gamma-data/data/processed/vae_repo_90_10_seed42/real_splits/S01_real_splits.npz,/home/jovyan/eeg-repro/high-gamma-data/data/generated/vae_repo_90_10_seed42/gaussian/gaussian_class_time/S01_generator-seed0.npz,19.79712265357375,one mean and standard deviation per class and time sample; statistics fitted only to the central real training split; validation and test remain real.,
success,vae_repo_90_10_seed42,gaussian_class_time,1,1,0,0,0.6551724137931034,0.7256944444444444,0,259,29,288,22,1000,synthetic_gaussian,/home/jovyan/eeg-repro/high-gamma-data/data/processed/vae_repo_90_10_seed42/real_splits/S01_real_splits.npz,/home/jovyan/eeg-repro/high-gamma-data/data/generated/vae_repo_90_10_seed42/gaussian/gaussian_class_time/S01_generator-seed1.npz,19.29619388282299,one mean and standard deviation per class and time sample; statistics fitted only to the central real training split; validation and test remain real.,
success,vae_repo_90_10_seed42,gaussian_class_time,1,1,1,3,0.7241379310344828,0.7291666666666667,0,259,29,288,22,1000,synthetic_gaussian,/home/jovyan/eeg-repro/high-gamma-data/data/processed/vae_repo_90_10_seed42/real_splits/S01_real_splits.npz,/home/jovyan/eeg-repro/high-gamma-data/data/generated/vae_repo_90_10_seed42/gaussian/gaussian_class_time/S01_generator-seed1.npz,21.495694756507874,one mean and standard deviation per class and time sample; statistics fitted only to the central real training split; validation and test remain real.,
success,vae_repo_90_10_seed42,gaussian_class_time,1,1,2,0,0.6896551724137931,0.7465277777777778,0,259,29,288,22,1000,synthetic_gaussian,/home/jovyan/eeg-repro/high-gamma-data/data/processed/vae_repo_90_10_seed42/real_splits/S01_real_splits.npz,/home/jovyan/eeg-repro/high-gamma-data/data/generated/vae_repo_90_10_seed42/gaussian/gaussian_class_time/S01_generator-seed1.npz,19.999576784670353,one mean and standard deviation per class and time sample; statistics fitted only to the central real training split; validation and test remain real.,
success,vae_repo_90_10_seed42,gaussian_class_time,1,2,0,0,0.6551724137931034,0.7256944444444444,0,259,29,288,22,1000,synthetic_gaussian,/home/jovyan/eeg-repro/high-gamma-data/data/processed/vae_repo_90_10_seed42/real_splits/S01_real_splits.npz,/home/jovyan/eeg-repro/high-gamma-data/data/generated/vae_repo_90_10_seed42/gaussian/gaussian_class_time/S01_generator-seed2.npz,19.392404723912477,one mean and standard deviation per class and time sample; statistics fitted only to the central real training split; validation and test remain real.,
success,vae_repo_90_10_seed42,gaussian_class_time,1,2,1,47,0.6896551724137931,0.7465277777777778,0,259,29,288,22,1000,synthetic_gaussian,/home/jovyan/eeg-repro/high-gamma-data/data/processed/vae_repo_90_10_seed42/real_splits/S01_real_splits.npz,/home/jovyan/eeg-repro/high-gamma-data/data/generated/vae_repo_90_10_seed42/gaussian/gaussian_class_time/S01_generator-seed2.npz,36.39006033167243,one mean and standard deviation per class and time sample; statistics fitted only to the central real training split; validation and test remain real.,
success,vae_repo_90_10_seed42,gaussian_class_time,1,2,2,0,0.6896551724137931,0.7465277777777778,0,259,29,288,22,1000,synthetic_gaussian,/home/jovyan/eeg-repro/high-gamma-data/data/processed/vae_repo_90_10_seed42/real_splits/S01_real_splits.npz,/home/jovyan/eeg-repro/high-gamma-data/data/generated/vae_repo_90_10_seed42/gaussian/gaussian_class_time/S01_generator-seed2.npz,19.89408180490136,one mean and standard deviation per class and time sample; statistics fitted only to the central real training split; validation and test remain real.,
success,vae_repo_90_10_seed42,gaussian_class_time,2,0,0,2,0.6896551724137931,0.75,0,259,29,288,22,1000,synthetic_gaussian,/home/jovyan/eeg-repro/high-gamma-data/data/processed/vae_repo_90_10_seed42/real_splits/S02_real_splits.npz,/home/jovyan/eeg-repro/high-gamma-data/data/generated/vae_repo_90_10_seed42/gaussian/gaussian_class_time/S02_generator-seed0.npz,20.855751555413008,one mean and standard deviation per class and time sample; statistics fitted only to the central real training split; validation and test remain real.,
success,vae_repo_90_10_seed42,gaussian_class_time,2,0,1,2,0.6551724137931034,0.7430555555555556,0,259,29,288,22,1000,synthetic_gaussian,/home/jovyan/eeg-repro/high-gamma-data/data/processed/vae_repo_90_10_seed42/real_splits/S02_real_splits.npz,/home/jovyan/eeg-repro/high-gamma-data/data/generated/vae_repo_90_10_seed42/gaussian/gaussian_class_time/S02_generator-seed0.npz,20.563236996531487,one mean and standard deviation per class and time sample; statistics fitted only to the central real training split; validation and test remain real.,
success,vae_repo_90_10_seed42,gaussian_class_time,2,0,2,1,0.6896551724137931,0.7395833333333333,0,259,29,288,22,1000,synthetic_gaussian,/home/jovyan/eeg-repro/high-gamma-data/data/processed/vae_repo_90_10_seed42/real_splits/S02_real_splits.npz,/home/jovyan/eeg-repro/high-gamma-data/data/generated/vae_repo_90_10_seed42/gaussian/gaussian_class_time/S02_generator-seed0.npz,20.641541250050068,one mean and standard deviation per class and time sample; statistics fitted only to the central real training split; validation and test remain real.,
success,vae_repo_90_10_seed42,gaussian_class_time,2,1,0,3,0.6896551724137931,0.75,0,259,29,288,22,1000,synthetic_gaussian,/home/jovyan/eeg-repro/high-gamma-data/data/processed/vae_repo_90_10_seed42/real_splits/S02_real_splits.npz,/home/jovyan/eeg-repro/high-gamma-data/data/generated/vae_repo_90_10_seed42/gaussian/gaussian_class_time/S02_generator-seed1.npz,21.205818571150303,one mean and standard deviation per class and time sample; statistics fitted only to the central real training split; validation and test remain real.,
success,vae_repo_90_10_seed42,gaussian_class_time,2,1,1,2,0.6896551724137931,0.7534722222222222,0,259,29,288,22,1000,synthetic_gaussian,/home/jovyan/eeg-repro/high-gamma-data/data/processed/vae_repo_90_10_seed42/real_splits/S02_real_splits.npz,/home/jovyan/eeg-repro/high-gamma-data/data/generated/vae_repo_90_10_seed42/gaussian/gaussian_class_time/S02_generator-seed1.npz,19.800415452569723,one mean and standard deviation per class and time sample; statistics fitted only to the central real training split; validation and test remain real.,
success,vae_repo_90_10_seed42,gaussian_class_time,2,1,2,1,0.6551724137931034,0.7465277777777778,0,259,29,288,22,1000,synthetic_gaussian,/home/jovyan/eeg-repro/high-gamma-data/data/processed/vae_repo_90_10_seed42/real_splits/S02_real_splits.npz,/home/jovyan/eeg-repro/high-gamma-data/data/generated/vae_repo_90_10_seed42/gaussian/gaussian_class_time/S02_generator-seed1.npz,20.582267496734858,one mean and standard deviation per class and time sample; statistics fitted only to the central real training split; validation and test remain real.,
success,vae_repo_90_10_seed42,gaussian_class_time,2,2,0,3,0.6896551724137931,0.7430555555555556,0,259,29,288,22,1000,synthetic_gaussian,/home/jovyan/eeg-repro/high-gamma-data/data/processed/vae_repo_90_10_seed42/real_splits/S02_real_splits.npz,/home/jovyan/eeg-repro/high-gamma-data/data/generated/vae_repo_90_10_seed42/gaussian/gaussian_class_time/S02_generator-seed2.npz,20.644445654004812,one mean and standard deviation per class and time sample; statistics fitted only to the central real training split; validation and test remain real.,
success,vae_repo_90_10_seed42,gaussian_class_time,2,2,1,1,0.6896551724137931,0.7395833333333333,0,259,29,288,22,1000,synthetic_gaussian,/home/jovyan/eeg-repro/high-gamma-data/data/processed/vae_repo_90_10_seed42/real_splits/S02_real_splits.npz,/home/jovyan/eeg-repro/high-gamma-data/data/generated/vae_repo_90_10_seed42/gaussian/gaussian_class_time/S02_generator-seed2.npz,20.304014571011066,one mean and standard deviation per class and time sample; statistics fitted only to the central real training split; validation and test remain real.,
success,vae_repo_90_10_seed42,gaussian_class_time,2,2,2,1,0.7241379310344828,0.7465277777777778,0,259,29,288,22,1000,synthetic_gaussian,/home/jovyan/eeg-repro/high-gamma-data/data/processed/vae_repo_90_10_seed42/real_splits/S02_real_splits.npz,/home/jovyan/eeg-repro/high-gamma-data/data/generated/vae_repo_90_10_seed42/gaussian/gaussian_class_time/S02_generator-seed2.npz,20.590270288288593,one mean and standard deviation per class and time sample; statistics fitted only to the central real training split; validation and test remain real.,
success,vae_repo_90_10_seed42,gaussian_class_time,3,0,0,29,0.6551724137931034,0.6631944444444444,0,259,29,288,22,1000,synthetic_gaussian,/home/jovyan/eeg-repro/high-gamma-data/data/processed/vae_repo_90_10_seed42/real_splits/S03_real_splits.npz,/home/jovyan/eeg-repro/high-gamma-data/data/generated/vae_repo_90_10_seed42/gaussian/gaussian_class_time/S03_generator-seed0.npz,21.58649807050824,one mean and standard deviation per class and time sample; statistics fitted only to the central real training split; validation and test remain real.,
success,vae_repo_90_10_seed42,gaussian_class_time,3,0,1,3,0.6551724137931034,0.7361111111111112,0,259,29,288,22,1000,synthetic_gaussian,/home/jovyan/eeg-repro/high-gamma-data/data/processed/vae_repo_90_10_seed42/real_splits/S03_real_splits.npz,/home/jovyan/eeg-repro/high-gamma-data/data/generated/vae_repo_90_10_seed42/gaussian/gaussian_class_time/S03_generator-seed0.npz,21.59678065776825,one mean and standard deviation per class and time sample; statistics fitted only to the central real training split; validation and test remain real.,
success,vae_repo_90_10_seed42,gaussian_class_time,3,0,2,6,0.6206896551724138,0.7395833333333333,0,259,29,288,22,1000,synthetic_gaussian,/home/jovyan/eeg-repro/high-gamma-data/data/processed/vae_repo_90_10_seed42/real_splits/S03_real_splits.npz,/home/jovyan/eeg-repro/high-gamma-data/data/generated/vae_repo_90_10_seed42/gaussian/gaussian_class_time/S03_generator-seed0.npz,23.447316735982895,one mean and standard deviation per class and time sample; statistics fitted only to the central real training split; validation and test remain real.,
success,vae_repo_90_10_seed42,gaussian_class_time,3,1,0,4,0.5862068965517242,0.7465277777777778,0,259,29,288,22,1000,synthetic_gaussian,/home/jovyan/eeg-repro/high-gamma-data/data/processed/vae_repo_90_10_seed42/real_splits/S03_real_splits.npz,/home/jovyan/eeg-repro/high-gamma-data/data/generated/vae_repo_90_10_seed42/gaussian/gaussian_class_time/S03_generator-seed1.npz,22.372578628361225,one mean and standard deviation per class and time sample; statistics fitted only to the central real training split; validation and test remain real.,
success,vae_repo_90_10_seed42,gaussian_class_time,3,1,1,15,0.6206896551724138,0.6631944444444444,0,259,29,288,22,1000,synthetic_gaussian,/home/jovyan/eeg-repro/high-gamma-data/data/processed/vae_repo_90_10_seed42/real_splits/S03_real_splits.npz,/home/jovyan/eeg-repro/high-gamma-data/data/generated/vae_repo_90_10_seed42/gaussian/gaussian_class_time/S03_generator-seed1.npz,28.699055433273315,one mean and standard deviation per class and time sample; statistics fitted only to the central real training split; validation and test remain real.,
success,vae_repo_90_10_seed42,gaussian_class_time,3,1,2,4,0.5862068965517242,0.7465277777777778,0,259,29,288,22,1000,synthetic_gaussian,/home/jovyan/eeg-repro/high-gamma-data/data/processed/vae_repo_90_10_seed42/real_splits/S03_real_splits.npz,/home/jovyan/eeg-repro/high-gamma-data/data/generated/vae_repo_90_10_seed42/gaussian/gaussian_class_time/S03_generator-seed1.npz,22.40340318158269,one mean and standard deviation per class and time sample; statistics fitted only to the central real training split; validation and test remain real.,
success,vae_repo_90_10_seed42,gaussian_class_time,3,2,0,7,0.5862068965517242,0.7430555555555556,0,259,29,288,22,1000,synthetic_gaussian,/home/jovyan/eeg-repro/high-gamma-data/data/processed/vae_repo_90_10_seed42/real_splits/S03_real_splits.npz,/home/jovyan/eeg-repro/high-gamma-data/data/generated/vae_repo_90_10_seed42/gaussian/gaussian_class_time/S03_generator-seed2.npz,22.533348746597767,one mean and standard deviation per class and time sample; statistics fitted only to the central real training split; validation and test remain real.,
success,vae_repo_90_10_seed42,gaussian_class_time,3,2,1,7,0.6206896551724138,0.7395833333333333,0,259,29,288,22,1000,synthetic_gaussian,/home/jovyan/eeg-repro/high-gamma-data/data/processed/vae_repo_90_10_seed42/real_splits/S03_real_splits.npz,/home/jovyan/eeg-repro/high-gamma-data/data/generated/vae_repo_90_10_seed42/gaussian/gaussian_class_time/S03_generator-seed2.npz,23.389967385679483,one mean and standard deviation per class and time sample; statistics fitted only to the central real training split; validation and test remain real.,
success,vae_repo_90_10_seed42,gaussian_class_time,3,2,2,12,0.6206896551724138,0.7361111111111112,0,259,29,288,22,1000,synthetic_gaussian,/home/jovyan/eeg-repro/high-gamma-data/data/processed/vae_repo_90_10_seed42/real_splits/S03_real_splits.npz,/home/jovyan/eeg-repro/high-gamma-data/data/generated/vae_repo_90_10_seed42/gaussian/gaussian_class_time/S03_generator-seed2.npz,21.009549725800753,one mean and standard deviation per class and time sample; statistics fitted only to the central real training split; validation and test remain real.,
success,vae_repo_90_10_seed42,gaussian_class_time,4,0,0,45,0.6206896551724138,0.65625,0,259,29,288,22,1000,synthetic_gaussian,/home/jovyan/eeg-repro/high-gamma-data/data/processed/vae_repo_90_10_seed42/real_splits/S04_real_splits.npz,/home/jovyan/eeg-repro/high-gamma-data/data/generated/vae_repo_90_10_seed42/gaussian/gaussian_class_time/S04_generator-seed0.npz,29.733842883259058,one mean and standard deviation per class and time sample; statistics fitted only to the central real training split; validation and test remain real.,
success,vae_repo_90_10_seed42,gaussian_class_time,4,0,1,42,0.6206896551724138,0.6631944444444444,0,259,29,288,22,1000,synthetic_gaussian,/home/jovyan/eeg-repro/high-gamma-data/data/processed/vae_repo_90_10_seed42/real_splits/S04_real_splits.npz,/home/jovyan/eeg-repro/high-gamma-data/data/generated/vae_repo_90_10_seed42/gaussian/gaussian_class_time/S04_generator-seed0.npz,27.284956116229296,one mean and standard deviation per class and time sample; statistics fitted only to the central real training split; validation and test remain real.,
success,vae_repo_90_10_seed42,gaussian_class_time,4,0,2,44,0.6206896551724138,0.6458333333333333,0,259,29,288,22,1000,synthetic_gaussian,/home/jovyan/eeg-repro/high-gamma-data/data/processed/vae_repo_90_10_seed42/real_splits/S04_real_splits.npz,/home/jovyan/eeg-repro/high-gamma-data/data/generated/vae_repo_90_10_seed42/gaussian/gaussian_class_time/S04_generator-seed0.npz,30.297785688191652,one mean and standard deviation per class and time sample; statistics fitted only to the central real training split; validation and test remain real.,
success,vae_repo_90_10_seed42,gaussian_class_time,4,1,0,41,0.6206896551724138,0.65625,0,259,29,288,22,1000,synthetic_gaussian,/home/jovyan/eeg-repro/high-gamma-data/data/processed/vae_repo_90_10_seed42/real_splits/S04_real_splits.npz,/home/jovyan/eeg-repro/high-gamma-data/data/generated/vae_repo_90_10_seed42/gaussian/gaussian_class_time/S04_generator-seed1.npz,29.461768496781588,one mean and standard deviation per class and time sample; statistics fitted only to the central real training split; validation and test remain real.,
success,vae_repo_90_10_seed42,gaussian_class_time,4,1,1,14,0.6206896551724138,0.6527777777777778,0,259,29,288,22,1000,synthetic_gaussian,/home/jovyan/eeg-repro/high-gamma-data/data/processed/vae_repo_90_10_seed42/real_splits/S04_real_splits.npz,/home/jovyan/eeg-repro/high-gamma-data/data/generated/vae_repo_90_10_seed42/gaussian/gaussian_class_time/S04_generator-seed1.npz,27.182412900030613,one mean and standard deviation per class and time sample; statistics fitted only to the central real training split; validation and test remain real.,
success,vae_repo_90_10_seed42,gaussian_class_time,4,1,2,42,0.6206896551724138,0.6527777777777778,0,259,29,288,22,1000,synthetic_gaussian,/home/jovyan/eeg-repro/high-gamma-data/data/processed/vae_repo_90_10_seed42/real_splits/S04_real_splits.npz,/home/jovyan/eeg-repro/high-gamma-data/data/generated/vae_repo_90_10_seed42/gaussian/gaussian_class_time/S04_generator-seed1.npz,30.924630220979452,one mean and standard deviation per class and time sample; statistics fitted only to the central real training split; validation and test remain real.,
success,vae_repo_90_10_seed42,gaussian_class_time,4,2,0,76,0.6206896551724138,0.65625,0,259,29,288,22,1000,synthetic_gaussian,/home/jovyan/eeg-repro/high-gamma-data/data/processed/vae_repo_90_10_seed42/real_splits/S04_real_splits.npz,/home/jovyan/eeg-repro/high-gamma-data/data/generated/vae_repo_90_10_seed42/gaussian/gaussian_class_time/S04_generator-seed2.npz,49.32849045097828,one mean and standard deviation per class and time sample; statistics fitted only to the central real training split; validation and test remain real.,
success,vae_repo_90_10_seed42,gaussian_class_time,4,2,1,43,0.6206896551724138,0.6527777777777778,0,259,29,288,22,1000,synthetic_gaussian,/home/jovyan/eeg-repro/high-gamma-data/data/processed/vae_repo_90_10_seed42/real_splits/S04_real_splits.npz,/home/jovyan/eeg-repro/high-gamma-data/data/generated/vae_repo_90_10_seed42/gaussian/gaussian_class_time/S04_generator-seed2.npz,31.091322530061007,one mean and standard deviation per class and time sample; statistics fitted only to the central real training split; validation and test remain real.,
success,vae_repo_90_10_seed42,gaussian_class_time,4,2,2,31,0.6896551724137931,0.6840277777777778,0,259,29,288,22,1000,synthetic_gaussian,/home/jovyan/eeg-repro/high-gamma-data/data/processed/vae_repo_90_10_seed42/real_splits/S04_real_splits.npz,/home/jovyan/eeg-repro/high-gamma-data/data/generated/vae_repo_90_10_seed42/gaussian/gaussian_class_time/S04_generator-seed2.npz,20.350998304784298,one mean and standard deviation per class and time sample; statistics fitted only to the central real training split; validation and test remain real.,
success,vae_repo_90_10_seed42,gaussian_class_time,5,0,0,1,0.6896551724137931,0.75,0,259,29,288,22,1000,synthetic_gaussian,/home/jovyan/eeg-repro/high-gamma-data/data/processed/vae_repo_90_10_seed42/real_splits/S05_real_splits.npz,/home/jovyan/eeg-repro/high-gamma-data/data/generated/vae_repo_90_10_seed42/gaussian/gaussian_class_time/S05_generator-seed0.npz,20.454969480633736,one mean and standard deviation per class and time sample; statistics fitted only to the central real training split; validation and test remain real.,
success,vae_repo_90_10_seed42,gaussian_class_time,5,0,1,0,0.6896551724137931,0.75,0,259,29,288,22,1000,synthetic_gaussian,/home/jovyan/eeg-repro/high-gamma-data/data/processed/vae_repo_90_10_seed42/real_splits/S05_real_splits.npz,/home/jovyan/eeg-repro/high-gamma-data/data/generated/vae_repo_90_10_seed42/gaussian/gaussian_class_time/S05_generator-seed0.npz,20.35069827362895,one mean and standard deviation per class and time sample; statistics fitted only to the central real training split; validation and test remain real.,
success,vae_repo_90_10_seed42,gaussian_class_time,5,0,2,1,0.7931034482758621,0.75,0,259,29,288,22,1000,synthetic_gaussian,/home/jovyan/eeg-repro/high-gamma-data/data/processed/vae_repo_90_10_seed42/real_splits/S05_real_splits.npz,/home/jovyan/eeg-repro/high-gamma-data/data/generated/vae_repo_90_10_seed42/gaussian/gaussian_class_time/S05_generator-seed0.npz,20.458431236445904,one mean and standard deviation per class and time sample; statistics fitted only to the central real training split; validation and test remain real.,
success,vae_repo_90_10_seed42,gaussian_class_time,5,1,0,1,0.6896551724137931,0.75,0,259,29,288,22,1000,synthetic_gaussian,/home/jovyan/eeg-repro/high-gamma-data/data/processed/vae_repo_90_10_seed42/real_splits/S05_real_splits.npz,/home/jovyan/eeg-repro/high-gamma-data/data/generated/vae_repo_90_10_seed42/gaussian/gaussian_class_time/S05_generator-seed1.npz,19.547283183783293,one mean and standard deviation per class and time sample; statistics fitted only to the central real training split; validation and test remain real.,
success,vae_repo_90_10_seed42,gaussian_class_time,5,1,1,0,0.6896551724137931,0.75,0,259,29,288,22,1000,synthetic_gaussian,/home/jovyan/eeg-repro/high-gamma-data/data/processed/vae_repo_90_10_seed42/real_splits/S05_real_splits.npz,/home/jovyan/eeg-repro/high-gamma-data/data/generated/vae_repo_90_10_seed42/gaussian/gaussian_class_time/S05_generator-seed1.npz,19.51185240969062,one mean and standard deviation per class and time sample; statistics fitted only to the central real training split; validation and test remain real.,
success,vae_repo_90_10_seed42,gaussian_class_time,5,1,2,1,0.7931034482758621,0.75,0,259,29,288,22,1000,synthetic_gaussian,/home/jovyan/eeg-repro/high-gamma-data/data/processed/vae_repo_90_10_seed42/real_splits/S05_real_splits.npz,/home/jovyan/eeg-repro/high-gamma-data/data/generated/vae_repo_90_10_seed42/gaussian/gaussian_class_time/S05_generator-seed1.npz,19.87836953252554,one mean and standard deviation per class and time sample; statistics fitted only to the central real training split; validation and test remain real.,
success,vae_repo_90_10_seed42,gaussian_class_time,5,2,0,1,0.6896551724137931,0.75,0,259,29,288,22,1000,synthetic_gaussian,/home/jovyan/eeg-repro/high-gamma-data/data/processed/vae_repo_90_10_seed42/real_splits/S05_real_splits.npz,/home/jovyan/eeg-repro/high-gamma-data/data/generated/vae_repo_90_10_seed42/gaussian/gaussian_class_time/S05_generator-seed2.npz,20.34952613338828,one mean and standard deviation per class and time sample; statistics fitted only to the central real training split; validation and test remain real.,
success,vae_repo_90_10_seed42,gaussian_class_time,5,2,1,0,0.6896551724137931,0.75,0,259,29,288,22,1000,synthetic_gaussian,/home/jovyan/eeg-repro/high-gamma-data/data/processed/vae_repo_90_10_seed42/real_splits/S05_real_splits.npz,/home/jovyan/eeg-repro/high-gamma-data/data/generated/vae_repo_90_10_seed42/gaussian/gaussian_class_time/S05_generator-seed2.npz,19.40896825864911,one mean and standard deviation per class and time sample; statistics fitted only to the central real training split; validation and test remain real.,
success,vae_repo_90_10_seed42,gaussian_class_time,5,2,2,1,0.7241379310344828,0.75,0,259,29,288,22,1000,synthetic_gaussian,/home/jovyan/eeg-repro/high-gamma-data/data/processed/vae_repo_90_10_seed42/real_splits/S05_real_splits.npz,/home/jovyan/eeg-repro/high-gamma-data/data/generated/vae_repo_90_10_seed42/gaussian/gaussian_class_time/S05_generator-seed2.npz,19.726925536990166,one mean and standard deviation per class and time sample; statistics fitted only to the central real training split; validation and test remain real.,
success,vae_repo_90_10_seed42,gaussian_class_time,6,0,0,1,0.6896551724137931,0.7465277777777778,0,259,29,288,22,1000,synthetic_gaussian,/home/jovyan/eeg-repro/high-gamma-data/data/processed/vae_repo_90_10_seed42/real_splits/S06_real_splits.npz,/home/jovyan/eeg-repro/high-gamma-data/data/generated/vae_repo_90_10_seed42/gaussian/gaussian_class_time/S06_generator-seed0.npz,20.236699726432562,one mean and standard deviation per class and time sample; statistics fitted only to the central real training split; validation and test remain real.,
success,vae_repo_90_10_seed42,gaussian_class_time,6,0,1,1,0.6896551724137931,0.7465277777777778,0,259,29,288,22,1000,synthetic_gaussian,/home/jovyan/eeg-repro/high-gamma-data/data/processed/vae_repo_90_10_seed42/real_splits/S06_real_splits.npz,/home/jovyan/eeg-repro/high-gamma-data/data/generated/vae_repo_90_10_seed42/gaussian/gaussian_class_time/S06_generator-seed0.npz,19.918691094964743,one mean and standard deviation per class and time sample; statistics fitted only to the central real training split; validation and test remain real.,
success,vae_repo_90_10_seed42,gaussian_class_time,6,0,2,2,0.6896551724137931,0.6805555555555556,0,259,29,288,22,1000,synthetic_gaussian,/home/jovyan/eeg-repro/high-gamma-data/data/processed/vae_repo_90_10_seed42/real_splits/S06_real_splits.npz,/home/jovyan/eeg-repro/high-gamma-data/data/generated/vae_repo_90_10_seed42/gaussian/gaussian_class_time/S06_generator-seed0.npz,20.012628246098757,one mean and standard deviation per class and time sample; statistics fitted only to the central real training split; validation and test remain real.,
success,vae_repo_90_10_seed42,gaussian_class_time,6,1,0,1,0.6896551724137931,0.7465277777777778,0,259,29,288,22,1000,synthetic_gaussian,/home/jovyan/eeg-repro/high-gamma-data/data/processed/vae_repo_90_10_seed42/real_splits/S06_real_splits.npz,/home/jovyan/eeg-repro/high-gamma-data/data/generated/vae_repo_90_10_seed42/gaussian/gaussian_class_time/S06_generator-seed1.npz,20.645578742027283,one mean and standard deviation per class and time sample; statistics fitted only to the central real training split; validation and test remain real.,
success,vae_repo_90_10_seed42,gaussian_class_time,6,1,1,1,0.6896551724137931,0.75,0,259,29,288,22,1000,synthetic_gaussian,/home/jovyan/eeg-repro/high-gamma-data/data/processed/vae_repo_90_10_seed42/real_splits/S06_real_splits.npz,/home/jovyan/eeg-repro/high-gamma-data/data/generated/vae_repo_90_10_seed42/gaussian/gaussian_class_time/S06_generator-seed1.npz,20.072271712124348,one mean and standard deviation per class and time sample; statistics fitted only to the central real training split; validation and test remain real.,
success,vae_repo_90_10_seed42,gaussian_class_time,6,1,2,1,0.6896551724137931,0.7465277777777778,0,259,29,288,22,1000,synthetic_gaussian,/home/jovyan/eeg-repro/high-gamma-data/data/processed/vae_repo_90_10_seed42/real_splits/S06_real_splits.npz,/home/jovyan/eeg-repro/high-gamma-data/data/generated/vae_repo_90_10_seed42/gaussian/gaussian_class_time/S06_generator-seed1.npz,19.720086615532637,one mean and standard deviation per class and time sample; statistics fitted only to the central real training split; validation and test remain real.,
success,vae_repo_90_10_seed42,gaussian_class_time,6,2,0,1,0.6896551724137931,0.7465277777777778,0,259,29,288,22,1000,synthetic_gaussian,/home/jovyan/eeg-repro/high-gamma-data/data/processed/vae_repo_90_10_seed42/real_splits/S06_real_splits.npz,/home/jovyan/eeg-repro/high-gamma-data/data/generated/vae_repo_90_10_seed42/gaussian/gaussian_class_time/S06_generator-seed2.npz,20.215154569596052,one mean and standard deviation per class and time sample; statistics fitted only to the central real training split; validation and test remain real.,
success,vae_repo_90_10_seed42,gaussian_class_time,6,2,1,1,0.6896551724137931,0.7465277777777778,0,259,29,288,22,1000,synthetic_gaussian,/home/jovyan/eeg-repro/high-gamma-data/data/processed/vae_repo_90_10_seed42/real_splits/S06_real_splits.npz,/home/jovyan/eeg-repro/high-gamma-data/data/generated/vae_repo_90_10_seed42/gaussian/gaussian_class_time/S06_generator-seed2.npz,19.976348105818033,one mean and standard deviation per class and time sample; statistics fitted only to the central real training split; validation and test remain real.,
success,vae_repo_90_10_seed42,gaussian_class_time,6,2,2,1,0.6896551724137931,0.75,0,259,29,288,22,1000,synthetic_gaussian,/home/jovyan/eeg-repro/high-gamma-data/data/processed/vae_repo_90_10_seed42/real_splits/S06_real_splits.npz,/home/jovyan/eeg-repro/high-gamma-data/data/generated/vae_repo_90_10_seed42/gaussian/gaussian_class_time/S06_generator-seed2.npz,20.631923910230398,one mean and standard deviation per class and time sample; statistics fitted only to the central real training split; validation and test remain real.,
success,vae_repo_90_10_seed42,gaussian_class_time,7,0,0,33,0.6896551724137931,0.7465277777777778,0,259,29,288,22,1000,synthetic_gaussian,/home/jovyan/eeg-repro/high-gamma-data/data/processed/vae_repo_90_10_seed42/real_splits/S07_real_splits.npz,/home/jovyan/eeg-repro/high-gamma-data/data/generated/vae_repo_90_10_seed42/gaussian/gaussian_class_time/S07_generator-seed0.npz,21.356065578758717,one mean and standard deviation per class and time sample; statistics fitted only to the central real training split; validation and test remain real.,
success,vae_repo_90_10_seed42,gaussian_class_time,7,0,1,30,0.6896551724137931,0.75,0,259,29,288,22,1000,synthetic_gaussian,/home/jovyan/eeg-repro/high-gamma-data/data/processed/vae_repo_90_10_seed42/real_splits/S07_real_splits.npz,/home/jovyan/eeg-repro/high-gamma-data/data/generated/vae_repo_90_10_seed42/gaussian/gaussian_class_time/S07_generator-seed0.npz,19.599528077989817,one mean and standard deviation per class and time sample; statistics fitted only to the central real training split; validation and test remain real.,
success,vae_repo_90_10_seed42,gaussian_class_time,7,0,2,32,0.6896551724137931,0.7569444444444444,0,259,29,288,22,1000,synthetic_gaussian,/home/jovyan/eeg-repro/high-gamma-data/data/processed/vae_repo_90_10_seed42/real_splits/S07_real_splits.npz,/home/jovyan/eeg-repro/high-gamma-data/data/generated/vae_repo_90_10_seed42/gaussian/gaussian_class_time/S07_generator-seed0.npz,20.9760719910264,one mean and standard deviation per class and time sample; statistics fitted only to the central real training split; validation and test remain real.,
success,vae_repo_90_10_seed42,gaussian_class_time,7,1,0,32,0.6896551724137931,0.7465277777777778,0,259,29,288,22,1000,synthetic_gaussian,/home/jovyan/eeg-repro/high-gamma-data/data/processed/vae_repo_90_10_seed42/real_splits/S07_real_splits.npz,/home/jovyan/eeg-repro/high-gamma-data/data/generated/vae_repo_90_10_seed42/gaussian/gaussian_class_time/S07_generator-seed1.npz,21.380413878709078,one mean and standard deviation per class and time sample; statistics fitted only to the central real training split; validation and test remain real.,
success,vae_repo_90_10_seed42,gaussian_class_time,7,1,1,30,0.6896551724137931,0.7465277777777778,0,259,29,288,22,1000,synthetic_gaussian,/home/jovyan/eeg-repro/high-gamma-data/data/processed/vae_repo_90_10_seed42/real_splits/S07_real_splits.npz,/home/jovyan/eeg-repro/high-gamma-data/data/generated/vae_repo_90_10_seed42/gaussian/gaussian_class_time/S07_generator-seed1.npz,19.881874930113554,one mean and standard deviation per class and time sample; statistics fitted only to the central real training split; validation and test remain real.,
success,vae_repo_90_10_seed42,gaussian_class_time,7,1,2,2,0.6551724137931034,0.7152777777777778,0,259,29,288,22,1000,synthetic_gaussian,/home/jovyan/eeg-repro/high-gamma-data/data/processed/vae_repo_90_10_seed42/real_splits/S07_real_splits.npz,/home/jovyan/eeg-repro/high-gamma-data/data/generated/vae_repo_90_10_seed42/gaussian/gaussian_class_time/S07_generator-seed1.npz,20.916926216334105,one mean and standard deviation per class and time sample; statistics fitted only to the central real training split; validation and test remain real.,
success,vae_repo_90_10_seed42,gaussian_class_time,7,2,0,27,0.6896551724137931,0.7465277777777778,0,259,29,288,22,1000,synthetic_gaussian,/home/jovyan/eeg-repro/high-gamma-data/data/processed/vae_repo_90_10_seed42/real_splits/S07_real_splits.npz,/home/jovyan/eeg-repro/high-gamma-data/data/generated/vae_repo_90_10_seed42/gaussian/gaussian_class_time/S07_generator-seed2.npz,21.375048000365496,one mean and standard deviation per class and time sample; statistics fitted only to the central real training split; validation and test remain real.,
success,vae_repo_90_10_seed42,gaussian_class_time,7,2,1,30,0.6896551724137931,0.75,0,259,29,288,22,1000,synthetic_gaussian,/home/jovyan/eeg-repro/high-gamma-data/data/processed/vae_repo_90_10_seed42/real_splits/S07_real_splits.npz,/home/jovyan/eeg-repro/high-gamma-data/data/generated/vae_repo_90_10_seed42/gaussian/gaussian_class_time/S07_generator-seed2.npz,19.81124561652541,one mean and standard deviation per class and time sample; statistics fitted only to the central real training split; validation and test remain real.,
success,vae_repo_90_10_seed42,gaussian_class_time,7,2,2,32,0.6896551724137931,0.75,0,259,29,288,22,1000,synthetic_gaussian,/home/jovyan/eeg-repro/high-gamma-data/data/processed/vae_repo_90_10_seed42/real_splits/S07_real_splits.npz,/home/jovyan/eeg-repro/high-gamma-data/data/generated/vae_repo_90_10_seed42/gaussian/gaussian_class_time/S07_generator-seed2.npz,20.780850376933813,one mean and standard deviation per class and time sample; statistics fitted only to the central real training split; validation and test remain real.,
success,vae_repo_90_10_seed42,gaussian_class_time,8,0,0,55,0.6206896551724138,0.6597222222222222,0,259,29,288,22,1000,synthetic_gaussian,/home/jovyan/eeg-repro/high-gamma-data/data/processed/vae_repo_90_10_seed42/real_splits/S08_real_splits.npz,/home/jovyan/eeg-repro/high-gamma-data/data/generated/vae_repo_90_10_seed42/gaussian/gaussian_class_time/S08_generator-seed0.npz,35.735197711735964,one mean and standard deviation per class and time sample; statistics fitted only to the central real training split; validation and test remain real.,
success,vae_repo_90_10_seed42,gaussian_class_time,8,0,1,47,0.6206896551724138,0.6736111111111112,0,259,29,288,22,1000,synthetic_gaussian,/home/jovyan/eeg-repro/high-gamma-data/data/processed/vae_repo_90_10_seed42/real_splits/S08_real_splits.npz,/home/jovyan/eeg-repro/high-gamma-data/data/generated/vae_repo_90_10_seed42/gaussian/gaussian_class_time/S08_generator-seed0.npz,31.884182937443256,one mean and standard deviation per class and time sample; statistics fitted only to the central real training split; validation and test remain real.,
success,vae_repo_90_10_seed42,gaussian_class_time,8,0,2,35,0.6896551724137931,0.7222222222222222,0,259,29,288,22,1000,synthetic_gaussian,/home/jovyan/eeg-repro/high-gamma-data/data/processed/vae_repo_90_10_seed42/real_splits/S08_real_splits.npz,/home/jovyan/eeg-repro/high-gamma-data/data/generated/vae_repo_90_10_seed42/gaussian/gaussian_class_time/S08_generator-seed0.npz,23.156338673084974,one mean and standard deviation per class and time sample; statistics fitted only to the central real training split; validation and test remain real.,
success,vae_repo_90_10_seed42,gaussian_class_time,8,1,0,39,0.6551724137931034,0.6909722222222222,0,259,29,288,22,1000,synthetic_gaussian,/home/jovyan/eeg-repro/high-gamma-data/data/processed/vae_repo_90_10_seed42/real_splits/S08_real_splits.npz,/home/jovyan/eeg-repro/high-gamma-data/data/generated/vae_repo_90_10_seed42/gaussian/gaussian_class_time/S08_generator-seed1.npz,25.46394421905279,one mean and standard deviation per class and time sample; statistics fitted only to the central real training split; validation and test remain real.,
success,vae_repo_90_10_seed42,gaussian_class_time,8,1,1,58,0.6206896551724138,0.6701388888888888,0,259,29,288,22,1000,synthetic_gaussian,/home/jovyan/eeg-repro/high-gamma-data/data/processed/vae_repo_90_10_seed42/real_splits/S08_real_splits.npz,/home/jovyan/eeg-repro/high-gamma-data/data/generated/vae_repo_90_10_seed42/gaussian/gaussian_class_time/S08_generator-seed1.npz,37.24942148476839,one mean and standard deviation per class and time sample; statistics fitted only to the central real training split; validation and test remain real.,
success,vae_repo_90_10_seed42,gaussian_class_time,8,1,2,23,0.6896551724137931,0.71875,0,259,29,288,22,1000,synthetic_gaussian,/home/jovyan/eeg-repro/high-gamma-data/data/processed/vae_repo_90_10_seed42/real_splits/S08_real_splits.npz,/home/jovyan/eeg-repro/high-gamma-data/data/generated/vae_repo_90_10_seed42/gaussian/gaussian_class_time/S08_generator-seed1.npz,24.257009219378233,one mean and standard deviation per class and time sample; statistics fitted only to the central real training split; validation and test remain real.,
success,vae_repo_90_10_seed42,gaussian_class_time,8,2,0,44,0.6206896551724138,0.6527777777777778,0,259,29,288,22,1000,synthetic_gaussian,/home/jovyan/eeg-repro/high-gamma-data/data/processed/vae_repo_90_10_seed42/real_splits/S08_real_splits.npz,/home/jovyan/eeg-repro/high-gamma-data/data/generated/vae_repo_90_10_seed42/gaussian/gaussian_class_time/S08_generator-seed2.npz,28.792004816234112,one mean and standard deviation per class and time sample; statistics fitted only to the central real training split; validation and test remain real.,
success,vae_repo_90_10_seed42,gaussian_class_time,8,2,1,9,0.6206896551724138,0.6527777777777778,0,259,29,288,22,1000,synthetic_gaussian,/home/jovyan/eeg-repro/high-gamma-data/data/processed/vae_repo_90_10_seed42/real_splits/S08_real_splits.npz,/home/jovyan/eeg-repro/high-gamma-data/data/generated/vae_repo_90_10_seed42/gaussian/gaussian_class_time/S08_generator-seed2.npz,24.974314745515585,one mean and standard deviation per class and time sample; statistics fitted only to the central real training split; validation and test remain real.,
success,vae_repo_90_10_seed42,gaussian_class_time,8,2,2,35,0.6896551724137931,0.71875,0,259,29,288,22,1000,synthetic_gaussian,/home/jovyan/eeg-repro/high-gamma-data/data/processed/vae_repo_90_10_seed42/real_splits/S08_real_splits.npz,/home/jovyan/eeg-repro/high-gamma-data/data/generated/vae_repo_90_10_seed42/gaussian/gaussian_class_time/S08_generator-seed2.npz,23.68788643181324,one mean and standard deviation per class and time sample; statistics fitted only to the central real training split; validation and test remain real.,
success,vae_repo_90_10_seed42,gaussian_class_time,9,0,0,2,0.6551724137931034,0.5104166666666667,0,259,29,288,22,1000,synthetic_gaussian,/home/jovyan/eeg-repro/high-gamma-data/data/processed/vae_repo_90_10_seed42/real_splits/S09_real_splits.npz,/home/jovyan/eeg-repro/high-gamma-data/data/generated/vae_repo_90_10_seed42/gaussian/gaussian_class_time/S09_generator-seed0.npz,21.015305869281292,one mean and standard deviation per class and time sample; statistics fitted only to the central real training split; validation and test remain real.,
success,vae_repo_90_10_seed42,gaussian_class_time,9,0,1,2,0.5862068965517242,0.625,0,259,29,288,22,1000,synthetic_gaussian,/home/jovyan/eeg-repro/high-gamma-data/data/processed/vae_repo_90_10_seed42/real_splits/S09_real_splits.npz,/home/jovyan/eeg-repro/high-gamma-data/data/generated/vae_repo_90_10_seed42/gaussian/gaussian_class_time/S09_generator-seed0.npz,21.184082858264446,one mean and standard deviation per class and time sample; statistics fitted only to the central real training split; validation and test remain real.,
success,vae_repo_90_10_seed42,gaussian_class_time,9,0,2,2,0.6206896551724138,0.6076388888888888,0,259,29,288,22,1000,synthetic_gaussian,/home/jovyan/eeg-repro/high-gamma-data/data/processed/vae_repo_90_10_seed42/real_splits/S09_real_splits.npz,/home/jovyan/eeg-repro/high-gamma-data/data/generated/vae_repo_90_10_seed42/gaussian/gaussian_class_time/S09_generator-seed0.npz,21.35628843307495,one mean and standard deviation per class and time sample; statistics fitted only to the central real training split; validation and test remain real.,
success,vae_repo_90_10_seed42,gaussian_class_time,9,1,0,2,0.6206896551724138,0.5104166666666667,0,259,29,288,22,1000,synthetic_gaussian,/home/jovyan/eeg-repro/high-gamma-data/data/processed/vae_repo_90_10_seed42/real_splits/S09_real_splits.npz,/home/jovyan/eeg-repro/high-gamma-data/data/generated/vae_repo_90_10_seed42/gaussian/gaussian_class_time/S09_generator-seed1.npz,20.60729318484664,one mean and standard deviation per class and time sample; statistics fitted only to the central real training split; validation and test remain real.,
success,vae_repo_90_10_seed42,gaussian_class_time,9,1,1,2,0.5862068965517242,0.6354166666666667,0,259,29,288,22,1000,synthetic_gaussian,/home/jovyan/eeg-repro/high-gamma-data/data/processed/vae_repo_90_10_seed42/real_splits/S09_real_splits.npz,/home/jovyan/eeg-repro/high-gamma-data/data/generated/vae_repo_90_10_seed42/gaussian/gaussian_class_time/S09_generator-seed1.npz,21.480916783213615,one mean and standard deviation per class and time sample; statistics fitted only to the central real training split; validation and test remain real.,
success,vae_repo_90_10_seed42,gaussian_class_time,9,1,2,2,0.6551724137931034,0.59375,0,259,29,288,22,1000,synthetic_gaussian,/home/jovyan/eeg-repro/high-gamma-data/data/processed/vae_repo_90_10_seed42/real_splits/S09_real_splits.npz,/home/jovyan/eeg-repro/high-gamma-data/data/generated/vae_repo_90_10_seed42/gaussian/gaussian_class_time/S09_generator-seed1.npz,20.97695042937994,one mean and standard deviation per class and time sample; statistics fitted only to the central real training split; validation and test remain real.,
success,vae_repo_90_10_seed42,gaussian_class_time,9,2,0,2,0.6206896551724138,0.5486111111111112,0,259,29,288,22,1000,synthetic_gaussian,/home/jovyan/eeg-repro/high-gamma-data/data/processed/vae_repo_90_10_seed42/real_splits/S09_real_splits.npz,/home/jovyan/eeg-repro/high-gamma-data/data/generated/vae_repo_90_10_seed42/gaussian/gaussian_class_time/S09_generator-seed2.npz,21.08912704139948,one mean and standard deviation per class and time sample; statistics fitted only to the central real training split; validation and test remain real.,
success,vae_repo_90_10_seed42,gaussian_class_time,9,2,1,3,0.5862068965517242,0.5694444444444444,0,259,29,288,22,1000,synthetic_gaussian,/home/jovyan/eeg-repro/high-gamma-data/data/processed/vae_repo_90_10_seed42/real_splits/S09_real_splits.npz,/home/jovyan/eeg-repro/high-gamma-data/data/generated/vae_repo_90_10_seed42/gaussian/gaussian_class_time/S09_generator-seed2.npz,21.20869379490614,one mean and standard deviation per class and time sample; statistics fitted only to the central real training split; validation and test remain real.,
success,vae_repo_90_10_seed42,gaussian_class_time,9,2,2,2,0.5862068965517242,0.5590277777777778,0,259,29,288,22,1000,synthetic_gaussian,/home/jovyan/eeg-repro/high-gamma-data/data/processed/vae_repo_90_10_seed42/real_splits/S09_real_splits.npz,/home/jovyan/eeg-repro/high-gamma-data/data/generated/vae_repo_90_10_seed42/gaussian/gaussian_class_time/S09_generator-seed2.npz,20.6877067014575,one mean and standard deviation per class and time sample; statistics fitted only to the central real training split; validation and test remain real.,
success,vae_repo_90_10_seed42,gaussian_class_channel,1,0,0,29,0.5517241379310345,0.7013888888888888,0,259,29,288,22,1000,synthetic_gaussian,/home/jovyan/eeg-repro/high-gamma-data/data/processed/vae_repo_90_10_seed42/real_splits/S01_real_splits.npz,/home/jovyan/eeg-repro/high-gamma-data/data/generated/vae_repo_90_10_seed42/gaussian/gaussian_class_channel/S01_generator-seed0.npz,30.30061063170433,one mean and standard deviation per class and channel; statistics fitted only to the central real training split; validation and test remain real.,
success,vae_repo_90_10_seed42,gaussian_class_channel,1,0,1,27,0.6206896551724138,0.7048611111111112,0,259,29,288,22,1000,synthetic_gaussian,/home/jovyan/eeg-repro/high-gamma-data/data/processed/vae_repo_90_10_seed42/real_splits/S01_real_splits.npz,/home/jovyan/eeg-repro/high-gamma-data/data/generated/vae_repo_90_10_seed42/gaussian/gaussian_class_channel/S01_generator-seed0.npz,31.807308077812195,one mean and standard deviation per class and channel; statistics fitted only to the central real training split; validation and test remain real.,
success,vae_repo_90_10_seed42,gaussian_class_channel,1,0,2,19,0.5172413793103448,0.7048611111111112,0,259,29,288,22,1000,synthetic_gaussian,/home/jovyan/eeg-repro/high-gamma-data/data/processed/vae_repo_90_10_seed42/real_splits/S01_real_splits.npz,/home/jovyan/eeg-repro/high-gamma-data/data/generated/vae_repo_90_10_seed42/gaussian/gaussian_class_channel/S01_generator-seed0.npz,31.555236976593733,one mean and standard deviation per class and channel; statistics fitted only to the central real training split; validation and test remain real.,
success,vae_repo_90_10_seed42,gaussian_class_channel,1,1,0,28,0.5862068965517242,0.7395833333333333,0,259,29,288,22,1000,synthetic_gaussian,/home/jovyan/eeg-repro/high-gamma-data/data/processed/vae_repo_90_10_seed42/real_splits/S01_real_splits.npz,/home/jovyan/eeg-repro/high-gamma-data/data/generated/vae_repo_90_10_seed42/gaussian/gaussian_class_channel/S01_generator-seed1.npz,36.81993207335472,one mean and standard deviation per class and channel; statistics fitted only to the central real training split; validation and test remain real.,
success,vae_repo_90_10_seed42,gaussian_class_channel,1,1,1,2,0.5862068965517242,0.7326388888888888,0,259,29,288,22,1000,synthetic_gaussian,/home/jovyan/eeg-repro/high-gamma-data/data/processed/vae_repo_90_10_seed42/real_splits/S01_real_splits.npz,/home/jovyan/eeg-repro/high-gamma-data/data/generated/vae_repo_90_10_seed42/gaussian/gaussian_class_channel/S01_generator-seed1.npz,21.37566066160798,one mean and standard deviation per class and channel; statistics fitted only to the central real training split; validation and test remain real.,
success,vae_repo_90_10_seed42,gaussian_class_channel,1,1,2,3,0.6206896551724138,0.71875,0,259,29,288,22,1000,synthetic_gaussian,/home/jovyan/eeg-repro/high-gamma-data/data/processed/vae_repo_90_10_seed42/real_splits/S01_real_splits.npz,/home/jovyan/eeg-repro/high-gamma-data/data/generated/vae_repo_90_10_seed42/gaussian/gaussian_class_channel/S01_generator-seed1.npz,21.56234171241522,one mean and standard deviation per class and channel; statistics fitted only to the central real training split; validation and test remain real.,
success,vae_repo_90_10_seed42,gaussian_class_channel,1,2,0,0,0.6551724137931034,0.7256944444444444,0,259,29,288,22,1000,synthetic_gaussian,/home/jovyan/eeg-repro/high-gamma-data/data/processed/vae_repo_90_10_seed42/real_splits/S01_real_splits.npz,/home/jovyan/eeg-repro/high-gamma-data/data/generated/vae_repo_90_10_seed42/gaussian/gaussian_class_channel/S01_generator-seed2.npz,19.85557295382023,one mean and standard deviation per class and channel; statistics fitted only to the central real training split; validation and test remain real.,
success,vae_repo_90_10_seed42,gaussian_class_channel,1,2,1,29,0.7241379310344828,0.7048611111111112,0,259,29,288,22,1000,synthetic_gaussian,/home/jovyan/eeg-repro/high-gamma-data/data/processed/vae_repo_90_10_seed42/real_splits/S01_real_splits.npz,/home/jovyan/eeg-repro/high-gamma-data/data/generated/vae_repo_90_10_seed42/gaussian/gaussian_class_channel/S01_generator-seed2.npz,24.216665044426918,one mean and standard deviation per class and channel; statistics fitted only to the central real training split; validation and test remain real.,
success,vae_repo_90_10_seed42,gaussian_class_channel,1,2,2,19,0.6551724137931034,0.6979166666666667,0,259,29,288,22,1000,synthetic_gaussian,/home/jovyan/eeg-repro/high-gamma-data/data/processed/vae_repo_90_10_seed42/real_splits/S01_real_splits.npz,/home/jovyan/eeg-repro/high-gamma-data/data/generated/vae_repo_90_10_seed42/gaussian/gaussian_class_channel/S01_generator-seed2.npz,29.168030261993408,one mean and standard deviation per class and channel; statistics fitted only to the central real training split; validation and test remain real.,
success,vae_repo_90_10_seed42,gaussian_class_channel,2,0,0,1,0.6551724137931034,0.75,0,259,29,288,22,1000,synthetic_gaussian,/home/jovyan/eeg-repro/high-gamma-data/data/processed/vae_repo_90_10_seed42/real_splits/S02_real_splits.npz,/home/jovyan/eeg-repro/high-gamma-data/data/generated/vae_repo_90_10_seed42/gaussian/gaussian_class_channel/S02_generator-seed0.npz,20.038123942911625,one mean and standard deviation per class and channel; statistics fitted only to the central real training split; validation and test remain real.,
success,vae_repo_90_10_seed42,gaussian_class_channel,2,0,1,6,0.6551724137931034,0.7465277777777778,0,259,29,288,22,1000,synthetic_gaussian,/home/jovyan/eeg-repro/high-gamma-data/data/processed/vae_repo_90_10_seed42/real_splits/S02_real_splits.npz,/home/jovyan/eeg-repro/high-gamma-data/data/generated/vae_repo_90_10_seed42/gaussian/gaussian_class_channel/S02_generator-seed0.npz,23.07509569451213,one mean and standard deviation per class and channel; statistics fitted only to the central real training split; validation and test remain real.,
success,vae_repo_90_10_seed42,gaussian_class_channel,2,0,2,1,0.6896551724137931,0.7430555555555556,0,259,29,288,22,1000,synthetic_gaussian,/home/jovyan/eeg-repro/high-gamma-data/data/processed/vae_repo_90_10_seed42/real_splits/S02_real_splits.npz,/home/jovyan/eeg-repro/high-gamma-data/data/generated/vae_repo_90_10_seed42/gaussian/gaussian_class_channel/S02_generator-seed0.npz,20.703036446124315,one mean and standard deviation per class and channel; statistics fitted only to the central real training split; validation and test remain real.,
success,vae_repo_90_10_seed42,gaussian_class_channel,2,1,0,8,0.6896551724137931,0.7534722222222222,0,259,29,288,22,1000,synthetic_gaussian,/home/jovyan/eeg-repro/high-gamma-data/data/processed/vae_repo_90_10_seed42/real_splits/S02_real_splits.npz,/home/jovyan/eeg-repro/high-gamma-data/data/generated/vae_repo_90_10_seed42/gaussian/gaussian_class_channel/S02_generator-seed1.npz,20.462593387812376,one mean and standard deviation per class and channel; statistics fitted only to the central real training split; validation and test remain real.,
success,vae_repo_90_10_seed42,gaussian_class_channel,2,1,1,11,0.6206896551724138,0.7534722222222222,0,259,29,288,22,1000,synthetic_gaussian,/home/jovyan/eeg-repro/high-gamma-data/data/processed/vae_repo_90_10_seed42/real_splits/S02_real_splits.npz,/home/jovyan/eeg-repro/high-gamma-data/data/generated/vae_repo_90_10_seed42/gaussian/gaussian_class_channel/S02_generator-seed1.npz,26.785448521375656,one mean and standard deviation per class and channel; statistics fitted only to the central real training split; validation and test remain real.,
success,vae_repo_90_10_seed42,gaussian_class_channel,2,1,2,1,0.6896551724137931,0.7430555555555556,0,259,29,288,22,1000,synthetic_gaussian,/home/jovyan/eeg-repro/high-gamma-data/data/processed/vae_repo_90_10_seed42/real_splits/S02_real_splits.npz,/home/jovyan/eeg-repro/high-gamma-data/data/generated/vae_repo_90_10_seed42/gaussian/gaussian_class_channel/S02_generator-seed1.npz,20.975655030459166,one mean and standard deviation per class and channel; statistics fitted only to the central real training split; validation and test remain real.,
success,vae_repo_90_10_seed42,gaussian_class_channel,2,2,0,20,0.6551724137931034,0.7534722222222222,0,259,29,288,22,1000,synthetic_gaussian,/home/jovyan/eeg-repro/high-gamma-data/data/processed/vae_repo_90_10_seed42/real_splits/S02_real_splits.npz,/home/jovyan/eeg-repro/high-gamma-data/data/generated/vae_repo_90_10_seed42/gaussian/gaussian_class_channel/S02_generator-seed2.npz,21.649621471762657,one mean and standard deviation per class and channel; statistics fitted only to the central real training split; validation and test remain real.,
success,vae_repo_90_10_seed42,gaussian_class_channel,2,2,1,27,0.6551724137931034,0.7430555555555556,0,259,29,288,22,1000,synthetic_gaussian,/home/jovyan/eeg-repro/high-gamma-data/data/processed/vae_repo_90_10_seed42/real_splits/S02_real_splits.npz,/home/jovyan/eeg-repro/high-gamma-data/data/generated/vae_repo_90_10_seed42/gaussian/gaussian_class_channel/S02_generator-seed2.npz,22.919764682650566,one mean and standard deviation per class and channel; statistics fitted only to the central real training split; validation and test remain real.,
success,vae_repo_90_10_seed42,gaussian_class_channel,2,2,2,7,0.6551724137931034,0.75,0,259,29,288,22,1000,synthetic_gaussian,/home/jovyan/eeg-repro/high-gamma-data/data/processed/vae_repo_90_10_seed42/real_splits/S02_real_splits.npz,/home/jovyan/eeg-repro/high-gamma-data/data/generated/vae_repo_90_10_seed42/gaussian/gaussian_class_channel/S02_generator-seed2.npz,24.670857932418585,one mean and standard deviation per class and channel; statistics fitted only to the central real training split; validation and test remain real.,
success,vae_repo_90_10_seed42,gaussian_class_channel,3,0,0,6,0.5862068965517242,0.7430555555555556,0,259,29,288,22,1000,synthetic_gaussian,/home/jovyan/eeg-repro/high-gamma-data/data/processed/vae_repo_90_10_seed42/real_splits/S03_real_splits.npz,/home/jovyan/eeg-repro/high-gamma-data/data/generated/vae_repo_90_10_seed42/gaussian/gaussian_class_channel/S03_generator-seed0.npz,23.893607418984175,one mean and standard deviation per class and channel; statistics fitted only to the central real training split; validation and test remain real.,
success,vae_repo_90_10_seed42,gaussian_class_channel,3,0,1,9,0.6206896551724138,0.7118055555555556,0,259,29,288,22,1000,synthetic_gaussian,/home/jovyan/eeg-repro/high-gamma-data/data/processed/vae_repo_90_10_seed42/real_splits/S03_real_splits.npz,/home/jovyan/eeg-repro/high-gamma-data/data/generated/vae_repo_90_10_seed42/gaussian/gaussian_class_channel/S03_generator-seed0.npz,25.878229439258575,one mean and standard deviation per class and channel; statistics fitted only to the central real training split; validation and test remain real.,
success,vae_repo_90_10_seed42,gaussian_class_channel,3,0,2,14,0.6206896551724138,0.7118055555555556,0,259,29,288,22,1000,synthetic_gaussian,/home/jovyan/eeg-repro/high-gamma-data/data/processed/vae_repo_90_10_seed42/real_splits/S03_real_splits.npz,/home/jovyan/eeg-repro/high-gamma-data/data/generated/vae_repo_90_10_seed42/gaussian/gaussian_class_channel/S03_generator-seed0.npz,22.36647041887045,one mean and standard deviation per class and channel; statistics fitted only to the central real training split; validation and test remain real.,
success,vae_repo_90_10_seed42,gaussian_class_channel,3,1,0,9,0.5862068965517242,0.7152777777777778,0,259,29,288,22,1000,synthetic_gaussian,/home/jovyan/eeg-repro/high-gamma-data/data/processed/vae_repo_90_10_seed42/real_splits/S03_real_splits.npz,/home/jovyan/eeg-repro/high-gamma-data/data/generated/vae_repo_90_10_seed42/gaussian/gaussian_class_channel/S03_generator-seed1.npz,25.75561025366187,one mean and standard deviation per class and channel; statistics fitted only to the central real training split; validation and test remain real.,
success,vae_repo_90_10_seed42,gaussian_class_channel,3,1,1,8,0.6551724137931034,0.7013888888888888,0,259,29,288,22,1000,synthetic_gaussian,/home/jovyan/eeg-repro/high-gamma-data/data/processed/vae_repo_90_10_seed42/real_splits/S03_real_splits.npz,/home/jovyan/eeg-repro/high-gamma-data/data/generated/vae_repo_90_10_seed42/gaussian/gaussian_class_channel/S03_generator-seed1.npz,25.203728433698416,one mean and standard deviation per class and channel; statistics fitted only to the central real training split; validation and test remain real.,
success,vae_repo_90_10_seed42,gaussian_class_channel,3,1,2,17,0.6206896551724138,0.7291666666666667,0,259,29,288,22,1000,synthetic_gaussian,/home/jovyan/eeg-repro/high-gamma-data/data/processed/vae_repo_90_10_seed42/real_splits/S03_real_splits.npz,/home/jovyan/eeg-repro/high-gamma-data/data/generated/vae_repo_90_10_seed42/gaussian/gaussian_class_channel/S03_generator-seed1.npz,26.857141442596912,one mean and standard deviation per class and channel; statistics fitted only to the central real training split; validation and test remain real.,
success,vae_repo_90_10_seed42,gaussian_class_channel,3,2,0,4,0.6206896551724138,0.7291666666666667,0,259,29,288,22,1000,synthetic_gaussian,/home/jovyan/eeg-repro/high-gamma-data/data/processed/vae_repo_90_10_seed42/real_splits/S03_real_splits.npz,/home/jovyan/eeg-repro/high-gamma-data/data/generated/vae_repo_90_10_seed42/gaussian/gaussian_class_channel/S03_generator-seed2.npz,22.971515268087387,one mean and standard deviation per class and channel; statistics fitted only to the central real training split; validation and test remain real.,
success,vae_repo_90_10_seed42,gaussian_class_channel,3,2,1,4,0.6206896551724138,0.6770833333333333,0,259,29,288,22,1000,synthetic_gaussian,/home/jovyan/eeg-repro/high-gamma-data/data/processed/vae_repo_90_10_seed42/real_splits/S03_real_splits.npz,/home/jovyan/eeg-repro/high-gamma-data/data/generated/vae_repo_90_10_seed42/gaussian/gaussian_class_channel/S03_generator-seed2.npz,22.28287886455655,one mean and standard deviation per class and channel; statistics fitted only to the central real training split; validation and test remain real.,
success,vae_repo_90_10_seed42,gaussian_class_channel,3,2,2,32,0.6551724137931034,0.7083333333333333,0,259,29,288,22,1000,synthetic_gaussian,/home/jovyan/eeg-repro/high-gamma-data/data/processed/vae_repo_90_10_seed42/real_splits/S03_real_splits.npz,/home/jovyan/eeg-repro/high-gamma-data/data/generated/vae_repo_90_10_seed42/gaussian/gaussian_class_channel/S03_generator-seed2.npz,21.497740548104048,one mean and standard deviation per class and channel; statistics fitted only to the central real training split; validation and test remain real.,
success,vae_repo_90_10_seed42,gaussian_class_channel,4,0,0,24,0.5862068965517242,0.6840277777777778,0,259,29,288,22,1000,synthetic_gaussian,/home/jovyan/eeg-repro/high-gamma-data/data/processed/vae_repo_90_10_seed42/real_splits/S04_real_splits.npz,/home/jovyan/eeg-repro/high-gamma-data/data/generated/vae_repo_90_10_seed42/gaussian/gaussian_class_channel/S04_generator-seed0.npz,23.251215755939484,one mean and standard deviation per class and channel; statistics fitted only to the central real training split; validation and test remain real.,
success,vae_repo_90_10_seed42,gaussian_class_channel,4,0,1,26,0.5862068965517242,0.6770833333333333,0,259,29,288,22,1000,synthetic_gaussian,/home/jovyan/eeg-repro/high-gamma-data/data/processed/vae_repo_90_10_seed42/real_splits/S04_real_splits.npz,/home/jovyan/eeg-repro/high-gamma-data/data/generated/vae_repo_90_10_seed42/gaussian/gaussian_class_channel/S04_generator-seed0.npz,27.50080433115363,one mean and standard deviation per class and channel; statistics fitted only to the central real training split; validation and test remain real.,
success,vae_repo_90_10_seed42,gaussian_class_channel,4,0,2,31,0.6551724137931034,0.6701388888888888,0,259,29,288,22,1000,synthetic_gaussian,/home/jovyan/eeg-repro/high-gamma-data/data/processed/vae_repo_90_10_seed42/real_splits/S04_real_splits.npz,/home/jovyan/eeg-repro/high-gamma-data/data/generated/vae_repo_90_10_seed42/gaussian/gaussian_class_channel/S04_generator-seed0.npz,21.445048734545708,one mean and standard deviation per class and channel; statistics fitted only to the central real training split; validation and test remain real.,
success,vae_repo_90_10_seed42,gaussian_class_channel,4,1,0,32,0.6206896551724138,0.7013888888888888,0,259,29,288,22,1000,synthetic_gaussian,/home/jovyan/eeg-repro/high-gamma-data/data/processed/vae_repo_90_10_seed42/real_splits/S04_real_splits.npz,/home/jovyan/eeg-repro/high-gamma-data/data/generated/vae_repo_90_10_seed42/gaussian/gaussian_class_channel/S04_generator-seed1.npz,20.899774193763733,one mean and standard deviation per class and channel; statistics fitted only to the central real training split; validation and test remain real.,
success,vae_repo_90_10_seed42,gaussian_class_channel,4,1,1,3,0.5862068965517242,0.6631944444444444,0,259,29,288,22,1000,synthetic_gaussian,/home/jovyan/eeg-repro/high-gamma-data/data/processed/vae_repo_90_10_seed42/real_splits/S04_real_splits.npz,/home/jovyan/eeg-repro/high-gamma-data/data/generated/vae_repo_90_10_seed42/gaussian/gaussian_class_channel/S04_generator-seed1.npz,21.942878291010857,one mean and standard deviation per class and channel; statistics fitted only to the central real training split; validation and test remain real.,
success,vae_repo_90_10_seed42,gaussian_class_channel,4,1,2,27,0.6551724137931034,0.7604166666666666,0,259,29,288,22,1000,synthetic_gaussian,/home/jovyan/eeg-repro/high-gamma-data/data/processed/vae_repo_90_10_seed42/real_splits/S04_real_splits.npz,/home/jovyan/eeg-repro/high-gamma-data/data/generated/vae_repo_90_10_seed42/gaussian/gaussian_class_channel/S04_generator-seed1.npz,21.012216571718454,one mean and standard deviation per class and channel; statistics fitted only to the central real training split; validation and test remain real.,
success,vae_repo_90_10_seed42,gaussian_class_channel,4,2,0,3,0.5517241379310345,0.7256944444444444,0,259,29,288,22,1000,synthetic_gaussian,/home/jovyan/eeg-repro/high-gamma-data/data/processed/vae_repo_90_10_seed42/real_splits/S04_real_splits.npz,/home/jovyan/eeg-repro/high-gamma-data/data/generated/vae_repo_90_10_seed42/gaussian/gaussian_class_channel/S04_generator-seed2.npz,21.486544579267502,one mean and standard deviation per class and channel; statistics fitted only to the central real training split; validation and test remain real.,
success,vae_repo_90_10_seed42,gaussian_class_channel,4,2,1,3,0.5517241379310345,0.6840277777777778,0,259,29,288,22,1000,synthetic_gaussian,/home/jovyan/eeg-repro/high-gamma-data/data/processed/vae_repo_90_10_seed42/real_splits/S04_real_splits.npz,/home/jovyan/eeg-repro/high-gamma-data/data/generated/vae_repo_90_10_seed42/gaussian/gaussian_class_channel/S04_generator-seed2.npz,21.60642410069704,one mean and standard deviation per class and channel; statistics fitted only to the central real training split; validation and test remain real.,
success,vae_repo_90_10_seed42,gaussian_class_channel,4,2,2,42,0.5172413793103448,0.71875,0,259,29,288,22,1000,synthetic_gaussian,/home/jovyan/eeg-repro/high-gamma-data/data/processed/vae_repo_90_10_seed42/real_splits/S04_real_splits.npz,/home/jovyan/eeg-repro/high-gamma-data/data/generated/vae_repo_90_10_seed42/gaussian/gaussian_class_channel/S04_generator-seed2.npz,45.80288952961564,one mean and standard deviation per class and channel; statistics fitted only to the central real training split; validation and test remain real.,
success,vae_repo_90_10_seed42,gaussian_class_channel,5,0,0,2,0.6551724137931034,0.75,0,259,29,288,22,1000,synthetic_gaussian,/home/jovyan/eeg-repro/high-gamma-data/data/processed/vae_repo_90_10_seed42/real_splits/S05_real_splits.npz,/home/jovyan/eeg-repro/high-gamma-data/data/generated/vae_repo_90_10_seed42/gaussian/gaussian_class_channel/S05_generator-seed0.npz,21.42111135274172,one mean and standard deviation per class and channel; statistics fitted only to the central real training split; validation and test remain real.,
success,vae_repo_90_10_seed42,gaussian_class_channel,5,0,1,0,0.6896551724137931,0.75,0,259,29,288,22,1000,synthetic_gaussian,/home/jovyan/eeg-repro/high-gamma-data/data/processed/vae_repo_90_10_seed42/real_splits/S05_real_splits.npz,/home/jovyan/eeg-repro/high-gamma-data/data/generated/vae_repo_90_10_seed42/gaussian/gaussian_class_channel/S05_generator-seed0.npz,20.198474418371916,one mean and standard deviation per class and channel; statistics fitted only to the central real training split; validation and test remain real.,
success,vae_repo_90_10_seed42,gaussian_class_channel,5,0,2,33,0.7931034482758621,0.7361111111111112,0,259,29,288,22,1000,synthetic_gaussian,/home/jovyan/eeg-repro/high-gamma-data/data/processed/vae_repo_90_10_seed42/real_splits/S05_real_splits.npz,/home/jovyan/eeg-repro/high-gamma-data/data/generated/vae_repo_90_10_seed42/gaussian/gaussian_class_channel/S05_generator-seed0.npz,21.671632423996925,one mean and standard deviation per class and channel; statistics fitted only to the central real training split; validation and test remain real.,
success,vae_repo_90_10_seed42,gaussian_class_channel,5,1,0,2,0.6551724137931034,0.75,0,259,29,288,22,1000,synthetic_gaussian,/home/jovyan/eeg-repro/high-gamma-data/data/processed/vae_repo_90_10_seed42/real_splits/S05_real_splits.npz,/home/jovyan/eeg-repro/high-gamma-data/data/generated/vae_repo_90_10_seed42/gaussian/gaussian_class_channel/S05_generator-seed1.npz,20.54646284133196,one mean and standard deviation per class and channel; statistics fitted only to the central real training split; validation and test remain real.,
success,vae_repo_90_10_seed42,gaussian_class_channel,5,1,1,0,0.6896551724137931,0.75,0,259,29,288,22,1000,synthetic_gaussian,/home/jovyan/eeg-repro/high-gamma-data/data/processed/vae_repo_90_10_seed42/real_splits/S05_real_splits.npz,/home/jovyan/eeg-repro/high-gamma-data/data/generated/vae_repo_90_10_seed42/gaussian/gaussian_class_channel/S05_generator-seed1.npz,20.06278244033456,one mean and standard deviation per class and channel; statistics fitted only to the central real training split; validation and test remain real.,
success,vae_repo_90_10_seed42,gaussian_class_channel,5,1,2,19,0.7931034482758621,0.7569444444444444,0,259,29,288,22,1000,synthetic_gaussian,/home/jovyan/eeg-repro/high-gamma-data/data/processed/vae_repo_90_10_seed42/real_splits/S05_real_splits.npz,/home/jovyan/eeg-repro/high-gamma-data/data/generated/vae_repo_90_10_seed42/gaussian/gaussian_class_channel/S05_generator-seed1.npz,22.275858882814646,one mean and standard deviation per class and channel; statistics fitted only to the central real training split; validation and test remain real.,
success,vae_repo_90_10_seed42,gaussian_class_channel,5,2,0,2,0.5862068965517242,0.75,0,259,29,288,22,1000,synthetic_gaussian,/home/jovyan/eeg-repro/high-gamma-data/data/processed/vae_repo_90_10_seed42/real_splits/S05_real_splits.npz,/home/jovyan/eeg-repro/high-gamma-data/data/generated/vae_repo_90_10_seed42/gaussian/gaussian_class_channel/S05_generator-seed2.npz,20.67161489650607,one mean and standard deviation per class and channel; statistics fitted only to the central real training split; validation and test remain real.,
success,vae_repo_90_10_seed42,gaussian_class_channel,5,2,1,25,0.6206896551724138,0.7569444444444444,0,259,29,288,22,1000,synthetic_gaussian,/home/jovyan/eeg-repro/high-gamma-data/data/processed/vae_repo_90_10_seed42/real_splits/S05_real_splits.npz,/home/jovyan/eeg-repro/high-gamma-data/data/generated/vae_repo_90_10_seed42/gaussian/gaussian_class_channel/S05_generator-seed2.npz,35.345416229218245,one mean and standard deviation per class and channel; statistics fitted only to the central real training split; validation and test remain real.,
success,vae_repo_90_10_seed42,gaussian_class_channel,5,2,2,9,0.5517241379310345,0.75,0,259,29,288,22,1000,synthetic_gaussian,/home/jovyan/eeg-repro/high-gamma-data/data/processed/vae_repo_90_10_seed42/real_splits/S05_real_splits.npz,/home/jovyan/eeg-repro/high-gamma-data/data/generated/vae_repo_90_10_seed42/gaussian/gaussian_class_channel/S05_generator-seed2.npz,25.714532248675823,one mean and standard deviation per class and channel; statistics fitted only to the central real training split; validation and test remain real.,
success,vae_repo_90_10_seed42,gaussian_class_channel,6,0,0,29,0.6896551724137931,0.65625,0,259,29,288,22,1000,synthetic_gaussian,/home/jovyan/eeg-repro/high-gamma-data/data/processed/vae_repo_90_10_seed42/real_splits/S06_real_splits.npz,/home/jovyan/eeg-repro/high-gamma-data/data/generated/vae_repo_90_10_seed42/gaussian/gaussian_class_channel/S06_generator-seed0.npz,20.548463203012943,one mean and standard deviation per class and channel; statistics fitted only to the central real training split; validation and test remain real.,
success,vae_repo_90_10_seed42,gaussian_class_channel,6,0,1,18,0.6896551724137931,0.7118055555555556,0,259,29,288,22,1000,synthetic_gaussian,/home/jovyan/eeg-repro/high-gamma-data/data/processed/vae_repo_90_10_seed42/real_splits/S06_real_splits.npz,/home/jovyan/eeg-repro/high-gamma-data/data/generated/vae_repo_90_10_seed42/gaussian/gaussian_class_channel/S06_generator-seed0.npz,20.28169896826148,one mean and standard deviation per class and channel; statistics fitted only to the central real training split; validation and test remain real.,
success,vae_repo_90_10_seed42,gaussian_class_channel,6,0,2,41,0.5862068965517242,0.7256944444444444,0,259,29,288,22,1000,synthetic_gaussian,/home/jovyan/eeg-repro/high-gamma-data/data/processed/vae_repo_90_10_seed42/real_splits/S06_real_splits.npz,/home/jovyan/eeg-repro/high-gamma-data/data/generated/vae_repo_90_10_seed42/gaussian/gaussian_class_channel/S06_generator-seed0.npz,45.31633912399411,one mean and standard deviation per class and channel; statistics fitted only to the central real training split; validation and test remain real.,
success,vae_repo_90_10_seed42,gaussian_class_channel,6,1,0,19,0.6896551724137931,0.7326388888888888,0,259,29,288,22,1000,synthetic_gaussian,/home/jovyan/eeg-repro/high-gamma-data/data/processed/vae_repo_90_10_seed42/real_splits/S06_real_splits.npz,/home/jovyan/eeg-repro/high-gamma-data/data/generated/vae_repo_90_10_seed42/gaussian/gaussian_class_channel/S06_generator-seed1.npz,21.45073363184929,one mean and standard deviation per class and channel; statistics fitted only to the central real training split; validation and test remain real.,
success,vae_repo_90_10_seed42,gaussian_class_channel,6,1,1,2,0.6896551724137931,0.7083333333333333,0,259,29,288,22,1000,synthetic_gaussian,/home/jovyan/eeg-repro/high-gamma-data/data/processed/vae_repo_90_10_seed42/real_splits/S06_real_splits.npz,/home/jovyan/eeg-repro/high-gamma-data/data/generated/vae_repo_90_10_seed42/gaussian/gaussian_class_channel/S06_generator-seed1.npz,21.21751167997718,one mean and standard deviation per class and channel; statistics fitted only to the central real training split; validation and test remain real.,
success,vae_repo_90_10_seed42,gaussian_class_channel,6,1,2,2,0.6551724137931034,0.7152777777777778,0,259,29,288,22,1000,synthetic_gaussian,/home/jovyan/eeg-repro/high-gamma-data/data/processed/vae_repo_90_10_seed42/real_splits/S06_real_splits.npz,/home/jovyan/eeg-repro/high-gamma-data/data/generated/vae_repo_90_10_seed42/gaussian/gaussian_class_channel/S06_generator-seed1.npz,21.015031047165394,one mean and standard deviation per class and channel; statistics fitted only to the central real training split; validation and test remain real.,
success,vae_repo_90_10_seed42,gaussian_class_channel,6,2,0,1,0.7241379310344828,0.7465277777777778,0,259,29,288,22,1000,synthetic_gaussian,/home/jovyan/eeg-repro/high-gamma-data/data/processed/vae_repo_90_10_seed42/real_splits/S06_real_splits.npz,/home/jovyan/eeg-repro/high-gamma-data/data/generated/vae_repo_90_10_seed42/gaussian/gaussian_class_channel/S06_generator-seed2.npz,19.89803084358573,one mean and standard deviation per class and channel; statistics fitted only to the central real training split; validation and test remain real.,
success,vae_repo_90_10_seed42,gaussian_class_channel,6,2,1,1,0.7241379310344828,0.7534722222222222,0,259,29,288,22,1000,synthetic_gaussian,/home/jovyan/eeg-repro/high-gamma-data/data/processed/vae_repo_90_10_seed42/real_splits/S06_real_splits.npz,/home/jovyan/eeg-repro/high-gamma-data/data/generated/vae_repo_90_10_seed42/gaussian/gaussian_class_channel/S06_generator-seed2.npz,20.699453022331,one mean and standard deviation per class and channel; statistics fitted only to the central real training split; validation and test remain real.,
success,vae_repo_90_10_seed42,gaussian_class_channel,6,2,2,32,0.7241379310344828,0.7291666666666667,0,259,29,288,22,1000,synthetic_gaussian,/home/jovyan/eeg-repro/high-gamma-data/data/processed/vae_repo_90_10_seed42/real_splits/S06_real_splits.npz,/home/jovyan/eeg-repro/high-gamma-data/data/generated/vae_repo_90_10_seed42/gaussian/gaussian_class_channel/S06_generator-seed2.npz,24.121605150401592,one mean and standard deviation per class and channel; statistics fitted only to the central real training split; validation and test remain real.,
success,vae_repo_90_10_seed42,gaussian_class_channel,7,0,0,8,0.5172413793103448,0.7465277777777778,0,259,29,288,22,1000,synthetic_gaussian,/home/jovyan/eeg-repro/high-gamma-data/data/processed/vae_repo_90_10_seed42/real_splits/S07_real_splits.npz,/home/jovyan/eeg-repro/high-gamma-data/data/generated/vae_repo_90_10_seed42/gaussian/gaussian_class_channel/S07_generator-seed0.npz,24.847826804965734,one mean and standard deviation per class and channel; statistics fitted only to the central real training split; validation and test remain real.,
success,vae_repo_90_10_seed42,gaussian_class_channel,7,0,1,22,0.6551724137931034,0.6736111111111112,0,259,29,288,22,1000,synthetic_gaussian,/home/jovyan/eeg-repro/high-gamma-data/data/processed/vae_repo_90_10_seed42/real_splits/S07_real_splits.npz,/home/jovyan/eeg-repro/high-gamma-data/data/generated/vae_repo_90_10_seed42/gaussian/gaussian_class_channel/S07_generator-seed0.npz,23.91146905720234,one mean and standard deviation per class and channel; statistics fitted only to the central real training split; validation and test remain real.,
success,vae_repo_90_10_seed42,gaussian_class_channel,7,0,2,29,0.5517241379310345,0.6979166666666667,0,259,29,288,22,1000,synthetic_gaussian,/home/jovyan/eeg-repro/high-gamma-data/data/processed/vae_repo_90_10_seed42/real_splits/S07_real_splits.npz,/home/jovyan/eeg-repro/high-gamma-data/data/generated/vae_repo_90_10_seed42/gaussian/gaussian_class_channel/S07_generator-seed0.npz,37.69164523109794,one mean and standard deviation per class and channel; statistics fitted only to the central real training split; validation and test remain real.,
success,vae_repo_90_10_seed42,gaussian_class_channel,7,1,0,6,0.5517241379310345,0.7638888888888888,0,259,29,288,22,1000,synthetic_gaussian,/home/jovyan/eeg-repro/high-gamma-data/data/processed/vae_repo_90_10_seed42/real_splits/S07_real_splits.npz,/home/jovyan/eeg-repro/high-gamma-data/data/generated/vae_repo_90_10_seed42/gaussian/gaussian_class_channel/S07_generator-seed1.npz,23.76379217579961,one mean and standard deviation per class and channel; statistics fitted only to the central real training split; validation and test remain real.,
success,vae_repo_90_10_seed42,gaussian_class_channel,7,1,1,3,0.5517241379310345,0.6909722222222222,0,259,29,288,22,1000,synthetic_gaussian,/home/jovyan/eeg-repro/high-gamma-data/data/processed/vae_repo_90_10_seed42/real_splits/S07_real_splits.npz,/home/jovyan/eeg-repro/high-gamma-data/data/generated/vae_repo_90_10_seed42/gaussian/gaussian_class_channel/S07_generator-seed1.npz,21.273836940526962,one mean and standard deviation per class and channel; statistics fitted only to the central real training split; validation and test remain real.,
success,vae_repo_90_10_seed42,gaussian_class_channel,7,1,2,11,0.5862068965517242,0.7777777777777778,0,259,29,288,22,1000,synthetic_gaussian,/home/jovyan/eeg-repro/high-gamma-data/data/processed/vae_repo_90_10_seed42/real_splits/S07_real_splits.npz,/home/jovyan/eeg-repro/high-gamma-data/data/generated/vae_repo_90_10_seed42/gaussian/gaussian_class_channel/S07_generator-seed1.npz,26.323097869753838,one mean and standard deviation per class and channel; statistics fitted only to the central real training split; validation and test remain real.,
success,vae_repo_90_10_seed42,gaussian_class_channel,7,2,0,31,0.5517241379310345,0.7465277777777778,0,259,29,288,22,1000,synthetic_gaussian,/home/jovyan/eeg-repro/high-gamma-data/data/processed/vae_repo_90_10_seed42/real_splits/S07_real_splits.npz,/home/jovyan/eeg-repro/high-gamma-data/data/generated/vae_repo_90_10_seed42/gaussian/gaussian_class_channel/S07_generator-seed2.npz,39.65661280974746,one mean and standard deviation per class and channel; statistics fitted only to the central real training split; validation and test remain real.,
success,vae_repo_90_10_seed42,gaussian_class_channel,7,2,1,14,0.5517241379310345,0.7743055555555556,0,259,29,288,22,1000,synthetic_gaussian,/home/jovyan/eeg-repro/high-gamma-data/data/processed/vae_repo_90_10_seed42/real_splits/S07_real_splits.npz,/home/jovyan/eeg-repro/high-gamma-data/data/generated/vae_repo_90_10_seed42/gaussian/gaussian_class_channel/S07_generator-seed2.npz,27.4832122027874,one mean and standard deviation per class and channel; statistics fitted only to the central real training split; validation and test remain real.,
success,vae_repo_90_10_seed42,gaussian_class_channel,7,2,2,38,0.5517241379310345,0.7430555555555556,0,259,29,288,22,1000,synthetic_gaussian,/home/jovyan/eeg-repro/high-gamma-data/data/processed/vae_repo_90_10_seed42/real_splits/S07_real_splits.npz,/home/jovyan/eeg-repro/high-gamma-data/data/generated/vae_repo_90_10_seed42/gaussian/gaussian_class_channel/S07_generator-seed2.npz,40.66514815762639,one mean and standard deviation per class and channel; statistics fitted only to the central real training split; validation and test remain real.,
success,vae_repo_90_10_seed42,gaussian_class_channel,8,0,0,48,0.5172413793103448,0.7083333333333333,0,259,29,288,22,1000,synthetic_gaussian,/home/jovyan/eeg-repro/high-gamma-data/data/processed/vae_repo_90_10_seed42/real_splits/S08_real_splits.npz,/home/jovyan/eeg-repro/high-gamma-data/data/generated/vae_repo_90_10_seed42/gaussian/gaussian_class_channel/S08_generator-seed0.npz,49.82944234460592,one mean and standard deviation per class and channel; statistics fitted only to the central real training split; validation and test remain real.,
success,vae_repo_90_10_seed42,gaussian_class_channel,8,0,1,18,0.6551724137931034,0.7083333333333333,0,259,29,288,22,1000,synthetic_gaussian,/home/jovyan/eeg-repro/high-gamma-data/data/processed/vae_repo_90_10_seed42/real_splits/S08_real_splits.npz,/home/jovyan/eeg-repro/high-gamma-data/data/generated/vae_repo_90_10_seed42/gaussian/gaussian_class_channel/S08_generator-seed0.npz,23.90075120329857,one mean and standard deviation per class and channel; statistics fitted only to the central real training split; validation and test remain real.,
success,vae_repo_90_10_seed42,gaussian_class_channel,8,0,2,4,0.5862068965517242,0.6736111111111112,0,259,29,288,22,1000,synthetic_gaussian,/home/jovyan/eeg-repro/high-gamma-data/data/processed/vae_repo_90_10_seed42/real_splits/S08_real_splits.npz,/home/jovyan/eeg-repro/high-gamma-data/data/generated/vae_repo_90_10_seed42/gaussian/gaussian_class_channel/S08_generator-seed0.npz,21.847506567835808,one mean and standard deviation per class and channel; statistics fitted only to the central real training split; validation and test remain real.,
success,vae_repo_90_10_seed42,gaussian_class_channel,8,1,0,10,0.5862068965517242,0.7361111111111112,0,259,29,288,22,1000,synthetic_gaussian,/home/jovyan/eeg-repro/high-gamma-data/data/processed/vae_repo_90_10_seed42/real_splits/S08_real_splits.npz,/home/jovyan/eeg-repro/high-gamma-data/data/generated/vae_repo_90_10_seed42/gaussian/gaussian_class_channel/S08_generator-seed1.npz,22.860644701868296,one mean and standard deviation per class and channel; statistics fitted only to the central real training split; validation and test remain real.,
success,vae_repo_90_10_seed42,gaussian_class_channel,8,1,1,8,0.5517241379310345,0.6944444444444444,0,259,29,288,22,1000,synthetic_gaussian,/home/jovyan/eeg-repro/high-gamma-data/data/processed/vae_repo_90_10_seed42/real_splits/S08_real_splits.npz,/home/jovyan/eeg-repro/high-gamma-data/data/generated/vae_repo_90_10_seed42/gaussian/gaussian_class_channel/S08_generator-seed1.npz,24.550796914845705,one mean and standard deviation per class and channel; statistics fitted only to the central real training split; validation and test remain real.,
success,vae_repo_90_10_seed42,gaussian_class_channel,8,1,2,35,0.5517241379310345,0.75,0,259,29,288,22,1000,synthetic_gaussian,/home/jovyan/eeg-repro/high-gamma-data/data/processed/vae_repo_90_10_seed42/real_splits/S08_real_splits.npz,/home/jovyan/eeg-repro/high-gamma-data/data/generated/vae_repo_90_10_seed42/gaussian/gaussian_class_channel/S08_generator-seed1.npz,40.62743366882205,one mean and standard deviation per class and channel; statistics fitted only to the central real training split; validation and test remain real.,
success,vae_repo_90_10_seed42,gaussian_class_channel,8,2,0,19,0.6206896551724138,0.7361111111111112,0,259,29,288,22,1000,synthetic_gaussian,/home/jovyan/eeg-repro/high-gamma-data/data/processed/vae_repo_90_10_seed42/real_splits/S08_real_splits.npz,/home/jovyan/eeg-repro/high-gamma-data/data/generated/vae_repo_90_10_seed42/gaussian/gaussian_class_channel/S08_generator-seed2.npz,22.01469473168254,one mean and standard deviation per class and channel; statistics fitted only to the central real training split; validation and test remain real.,
success,vae_repo_90_10_seed42,gaussian_class_channel,8,2,1,33,0.5862068965517242,0.7951388888888888,0,259,29,288,22,1000,synthetic_gaussian,/home/jovyan/eeg-repro/high-gamma-data/data/processed/vae_repo_90_10_seed42/real_splits/S08_real_splits.npz,/home/jovyan/eeg-repro/high-gamma-data/data/generated/vae_repo_90_10_seed42/gaussian/gaussian_class_channel/S08_generator-seed2.npz,39.47767996788025,one mean and standard deviation per class and channel; statistics fitted only to the central real training split; validation and test remain real.,
success,vae_repo_90_10_seed42,gaussian_class_channel,8,2,2,20,0.5517241379310345,0.7708333333333334,0,259,29,288,22,1000,synthetic_gaussian,/home/jovyan/eeg-repro/high-gamma-data/data/processed/vae_repo_90_10_seed42/real_splits/S08_real_splits.npz,/home/jovyan/eeg-repro/high-gamma-data/data/generated/vae_repo_90_10_seed42/gaussian/gaussian_class_channel/S08_generator-seed2.npz,32.181170254945755,one mean and standard deviation per class and channel; statistics fitted only to the central real training split; validation and test remain real.,
success,vae_repo_90_10_seed42,gaussian_class_channel,9,0,0,29,0.5517241379310345,0.6006944444444444,0,259,29,288,22,1000,synthetic_gaussian,/home/jovyan/eeg-repro/high-gamma-data/data/processed/vae_repo_90_10_seed42/real_splits/S09_real_splits.npz,/home/jovyan/eeg-repro/high-gamma-data/data/generated/vae_repo_90_10_seed42/gaussian/gaussian_class_channel/S09_generator-seed0.npz,37.912935361266136,one mean and standard deviation per class and channel; statistics fitted only to the central real training split; validation and test remain real.,
success,vae_repo_90_10_seed42,gaussian_class_channel,9,0,1,4,0.48275862068965514,0.6527777777777778,0,259,29,288,22,1000,synthetic_gaussian,/home/jovyan/eeg-repro/high-gamma-data/data/processed/vae_repo_90_10_seed42/real_splits/S09_real_splits.npz,/home/jovyan/eeg-repro/high-gamma-data/data/generated/vae_repo_90_10_seed42/gaussian/gaussian_class_channel/S09_generator-seed0.npz,22.625410579144955,one mean and standard deviation per class and channel; statistics fitted only to the central real training split; validation and test remain real.,
success,vae_repo_90_10_seed42,gaussian_class_channel,9,0,2,2,0.6206896551724138,0.6458333333333333,0,259,29,288,22,1000,synthetic_gaussian,/home/jovyan/eeg-repro/high-gamma-data/data/processed/vae_repo_90_10_seed42/real_splits/S09_real_splits.npz,/home/jovyan/eeg-repro/high-gamma-data/data/generated/vae_repo_90_10_seed42/gaussian/gaussian_class_channel/S09_generator-seed0.npz,20.686315421015024,one mean and standard deviation per class and channel; statistics fitted only to the central real training split; validation and test remain real.,
success,vae_repo_90_10_seed42,gaussian_class_channel,9,1,0,2,0.6206896551724138,0.6284722222222222,0,259,29,288,22,1000,synthetic_gaussian,/home/jovyan/eeg-repro/high-gamma-data/data/processed/vae_repo_90_10_seed42/real_splits/S09_real_splits.npz,/home/jovyan/eeg-repro/high-gamma-data/data/generated/vae_repo_90_10_seed42/gaussian/gaussian_class_channel/S09_generator-seed1.npz,20.128957584500313,one mean and standard deviation per class and channel; statistics fitted only to the central real training split; validation and test remain real.,
success,vae_repo_90_10_seed42,gaussian_class_channel,9,1,1,4,0.6206896551724138,0.6180555555555556,0,259,29,288,22,1000,synthetic_gaussian,/home/jovyan/eeg-repro/high-gamma-data/data/processed/vae_repo_90_10_seed42/real_splits/S09_real_splits.npz,/home/jovyan/eeg-repro/high-gamma-data/data/generated/vae_repo_90_10_seed42/gaussian/gaussian_class_channel/S09_generator-seed1.npz,22.070639099925756,one mean and standard deviation per class and channel; statistics fitted only to the central real training split; validation and test remain real.,
success,vae_repo_90_10_seed42,gaussian_class_channel,9,1,2,2,0.6206896551724138,0.6493055555555556,0,259,29,288,22,1000,synthetic_gaussian,/home/jovyan/eeg-repro/high-gamma-data/data/processed/vae_repo_90_10_seed42/real_splits/S09_real_splits.npz,/home/jovyan/eeg-repro/high-gamma-data/data/generated/vae_repo_90_10_seed42/gaussian/gaussian_class_channel/S09_generator-seed1.npz,20.417720396071672,one mean and standard deviation per class and channel; statistics fitted only to the central real training split; validation and test remain real.,
success,vae_repo_90_10_seed42,gaussian_class_channel,9,2,0,3,0.6551724137931034,0.625,0,259,29,288,22,1000,synthetic_gaussian,/home/jovyan/eeg-repro/high-gamma-data/data/processed/vae_repo_90_10_seed42/real_splits/S09_real_splits.npz,/home/jovyan/eeg-repro/high-gamma-data/data/generated/vae_repo_90_10_seed42/gaussian/gaussian_class_channel/S09_generator-seed2.npz,20.347832914441824,one mean and standard deviation per class and channel; statistics fitted only to the central real training split; validation and test remain real.,
success,vae_repo_90_10_seed42,gaussian_class_channel,9,2,1,4,0.6206896551724138,0.625,0,259,29,288,22,1000,synthetic_gaussian,/home/jovyan/eeg-repro/high-gamma-data/data/processed/vae_repo_90_10_seed42/real_splits/S09_real_splits.npz,/home/jovyan/eeg-repro/high-gamma-data/data/generated/vae_repo_90_10_seed42/gaussian/gaussian_class_channel/S09_generator-seed2.npz,21.999207470566034,one mean and standard deviation per class and channel; statistics fitted only to the central real training split; validation and test remain real.,
success,vae_repo_90_10_seed42,gaussian_class_channel,9,2,2,23,0.5862068965517242,0.6736111111111112,0,259,29,288,22,1000,synthetic_gaussian,/home/jovyan/eeg-repro/high-gamma-data/data/processed/vae_repo_90_10_seed42/real_splits/S09_real_splits.npz,/home/jovyan/eeg-repro/high-gamma-data/data/generated/vae_repo_90_10_seed42/gaussian/gaussian_class_channel/S09_generator-seed2.npz,33.001482006162405,one mean and standard deviation per class and channel; statistics fitted only to the central real training split; validation and test remain real.,
success,vae_repo_90_10_seed42,gaussian_class_channel_time,1,0,0,18,0.48275862068965514,0.6527777777777778,0,259,29,288,22,1000,synthetic_gaussian,/home/jovyan/eeg-repro/high-gamma-data/data/processed/vae_repo_90_10_seed42/real_splits/S01_real_splits.npz,/home/jovyan/eeg-repro/high-gamma-data/data/generated/vae_repo_90_10_seed42/gaussian/gaussian_class_channel_time/S01_generator-seed0.npz,30.57541911303997,"one mean and standard deviation per class, channel and time sample; statistics fitted only to the central real training split; validation and test remain real.",
success,vae_repo_90_10_seed42,gaussian_class_channel_time,1,0,1,14,0.5517241379310345,0.6701388888888888,0,259,29,288,22,1000,synthetic_gaussian,/home/jovyan/eeg-repro/high-gamma-data/data/processed/vae_repo_90_10_seed42/real_splits/S01_real_splits.npz,/home/jovyan/eeg-repro/high-gamma-data/data/generated/vae_repo_90_10_seed42/gaussian/gaussian_class_channel_time/S01_generator-seed0.npz,28.18655775114894,"one mean and standard deviation per class, channel and time sample; statistics fitted only to the central real training split; validation and test remain real.",
success,vae_repo_90_10_seed42,gaussian_class_channel_time,1,0,2,21,0.5172413793103448,0.6388888888888888,0,259,29,288,22,1000,synthetic_gaussian,/home/jovyan/eeg-repro/high-gamma-data/data/processed/vae_repo_90_10_seed42/real_splits/S01_real_splits.npz,/home/jovyan/eeg-repro/high-gamma-data/data/generated/vae_repo_90_10_seed42/gaussian/gaussian_class_channel_time/S01_generator-seed0.npz,33.44323103502393,"one mean and standard deviation per class, channel and time sample; statistics fitted only to the central real training split; validation and test remain real.",
success,vae_repo_90_10_seed42,gaussian_class_channel_time,1,1,0,14,0.5517241379310345,0.6736111111111112,0,259,29,288,22,1000,synthetic_gaussian,/home/jovyan/eeg-repro/high-gamma-data/data/processed/vae_repo_90_10_seed42/real_splits/S01_real_splits.npz,/home/jovyan/eeg-repro/high-gamma-data/data/generated/vae_repo_90_10_seed42/gaussian/gaussian_class_channel_time/S01_generator-seed1.npz,29.576688427478075,"one mean and standard deviation per class, channel and time sample; statistics fitted only to the central real training split; validation and test remain real.",
success,vae_repo_90_10_seed42,gaussian_class_channel_time,1,1,1,14,0.5862068965517242,0.6631944444444444,0,259,29,288,22,1000,synthetic_gaussian,/home/jovyan/eeg-repro/high-gamma-data/data/processed/vae_repo_90_10_seed42/real_splits/S01_real_splits.npz,/home/jovyan/eeg-repro/high-gamma-data/data/generated/vae_repo_90_10_seed42/gaussian/gaussian_class_channel_time/S01_generator-seed1.npz,28.593015648424625,"one mean and standard deviation per class, channel and time sample; statistics fitted only to the central real training split; validation and test remain real.",
success,vae_repo_90_10_seed42,gaussian_class_channel_time,1,1,2,17,0.5862068965517242,0.6805555555555556,0,259,29,288,22,1000,synthetic_gaussian,/home/jovyan/eeg-repro/high-gamma-data/data/processed/vae_repo_90_10_seed42/real_splits/S01_real_splits.npz,/home/jovyan/eeg-repro/high-gamma-data/data/generated/vae_repo_90_10_seed42/gaussian/gaussian_class_channel_time/S01_generator-seed1.npz,30.648210179060698,"one mean and standard deviation per class, channel and time sample; statistics fitted only to the central real training split; validation and test remain real.",
success,vae_repo_90_10_seed42,gaussian_class_channel_time,1,2,0,26,0.5172413793103448,0.6458333333333333,0,259,29,288,22,1000,synthetic_gaussian,/home/jovyan/eeg-repro/high-gamma-data/data/processed/vae_repo_90_10_seed42/real_splits/S01_real_splits.npz,/home/jovyan/eeg-repro/high-gamma-data/data/generated/vae_repo_90_10_seed42/gaussian/gaussian_class_channel_time/S01_generator-seed2.npz,36.43808628246188,"one mean and standard deviation per class, channel and time sample; statistics fitted only to the central real training split; validation and test remain real.",
success,vae_repo_90_10_seed42,gaussian_class_channel_time,1,2,1,36,0.5862068965517242,0.6805555555555556,0,259,29,288,22,1000,synthetic_gaussian,/home/jovyan/eeg-repro/high-gamma-data/data/processed/vae_repo_90_10_seed42/real_splits/S01_real_splits.npz,/home/jovyan/eeg-repro/high-gamma-data/data/generated/vae_repo_90_10_seed42/gaussian/gaussian_class_channel_time/S01_generator-seed2.npz,33.47994262352586,"one mean and standard deviation per class, channel and time sample; statistics fitted only to the central real training split; validation and test remain real.",
success,vae_repo_90_10_seed42,gaussian_class_channel_time,1,2,2,51,0.6206896551724138,0.6354166666666667,0,259,29,288,22,1000,synthetic_gaussian,/home/jovyan/eeg-repro/high-gamma-data/data/processed/vae_repo_90_10_seed42/real_splits/S01_real_splits.npz,/home/jovyan/eeg-repro/high-gamma-data/data/generated/vae_repo_90_10_seed42/gaussian/gaussian_class_channel_time/S01_generator-seed2.npz,36.56137025728822,"one mean and standard deviation per class, channel and time sample; statistics fitted only to the central real training split; validation and test remain real.",
success,vae_repo_90_10_seed42,gaussian_class_channel_time,2,0,0,3,0.6896551724137931,0.7395833333333333,0,259,29,288,22,1000,synthetic_gaussian,/home/jovyan/eeg-repro/high-gamma-data/data/processed/vae_repo_90_10_seed42/real_splits/S02_real_splits.npz,/home/jovyan/eeg-repro/high-gamma-data/data/generated/vae_repo_90_10_seed42/gaussian/gaussian_class_channel_time/S02_generator-seed0.npz,20.879374209791422,"one mean and standard deviation per class, channel and time sample; statistics fitted only to the central real training split; validation and test remain real.",
success,vae_repo_90_10_seed42,gaussian_class_channel_time,2,0,1,2,0.6551724137931034,0.7395833333333333,0,259,29,288,22,1000,synthetic_gaussian,/home/jovyan/eeg-repro/high-gamma-data/data/processed/vae_repo_90_10_seed42/real_splits/S02_real_splits.npz,/home/jovyan/eeg-repro/high-gamma-data/data/generated/vae_repo_90_10_seed42/gaussian/gaussian_class_channel_time/S02_generator-seed0.npz,21.402861159294844,"one mean and standard deviation per class, channel and time sample; statistics fitted only to the central real training split; validation and test remain real.",
success,vae_repo_90_10_seed42,gaussian_class_channel_time,2,0,2,5,0.6551724137931034,0.7430555555555556,0,259,29,288,22,1000,synthetic_gaussian,/home/jovyan/eeg-repro/high-gamma-data/data/processed/vae_repo_90_10_seed42/real_splits/S02_real_splits.npz,/home/jovyan/eeg-repro/high-gamma-data/data/generated/vae_repo_90_10_seed42/gaussian/gaussian_class_channel_time/S02_generator-seed0.npz,22.503377337008715,"one mean and standard deviation per class, channel and time sample; statistics fitted only to the central real training split; validation and test remain real.",
success,vae_repo_90_10_seed42,gaussian_class_channel_time,2,1,0,5,0.6551724137931034,0.7430555555555556,0,259,29,288,22,1000,synthetic_gaussian,/home/jovyan/eeg-repro/high-gamma-data/data/processed/vae_repo_90_10_seed42/real_splits/S02_real_splits.npz,/home/jovyan/eeg-repro/high-gamma-data/data/generated/vae_repo_90_10_seed42/gaussian/gaussian_class_channel_time/S02_generator-seed1.npz,21.691136106848717,"one mean and standard deviation per class, channel and time sample; statistics fitted only to the central real training split; validation and test remain real.",
success,vae_repo_90_10_seed42,gaussian_class_channel_time,2,1,1,2,0.6896551724137931,0.7430555555555556,0,259,29,288,22,1000,synthetic_gaussian,/home/jovyan/eeg-repro/high-gamma-data/data/processed/vae_repo_90_10_seed42/real_splits/S02_real_splits.npz,/home/jovyan/eeg-repro/high-gamma-data/data/generated/vae_repo_90_10_seed42/gaussian/gaussian_class_channel_time/S02_generator-seed1.npz,19.700797997415066,"one mean and standard deviation per class, channel and time sample; statistics fitted only to the central real training split; validation and test remain real.",
success,vae_repo_90_10_seed42,gaussian_class_channel_time,2,1,2,1,0.6551724137931034,0.7465277777777778,0,259,29,288,22,1000,synthetic_gaussian,/home/jovyan/eeg-repro/high-gamma-data/data/processed/vae_repo_90_10_seed42/real_splits/S02_real_splits.npz,/home/jovyan/eeg-repro/high-gamma-data/data/generated/vae_repo_90_10_seed42/gaussian/gaussian_class_channel_time/S02_generator-seed1.npz,20.32293340191245,"one mean and standard deviation per class, channel and time sample; statistics fitted only to the central real training split; validation and test remain real.",
success,vae_repo_90_10_seed42,gaussian_class_channel_time,2,2,0,22,0.6206896551724138,0.7291666666666667,0,259,29,288,22,1000,synthetic_gaussian,/home/jovyan/eeg-repro/high-gamma-data/data/processed/vae_repo_90_10_seed42/real_splits/S02_real_splits.npz,/home/jovyan/eeg-repro/high-gamma-data/data/generated/vae_repo_90_10_seed42/gaussian/gaussian_class_channel_time/S02_generator-seed2.npz,31.59204014763236,"one mean and standard deviation per class, channel and time sample; statistics fitted only to the central real training split; validation and test remain real.",
success,vae_repo_90_10_seed42,gaussian_class_channel_time,2,2,1,1,0.6551724137931034,0.75,0,259,29,288,22,1000,synthetic_gaussian,/home/jovyan/eeg-repro/high-gamma-data/data/processed/vae_repo_90_10_seed42/real_splits/S02_real_splits.npz,/home/jovyan/eeg-repro/high-gamma-data/data/generated/vae_repo_90_10_seed42/gaussian/gaussian_class_channel_time/S02_generator-seed2.npz,19.89883491769433,"one mean and standard deviation per class, channel and time sample; statistics fitted only to the central real training split; validation and test remain real.",
success,vae_repo_90_10_seed42,gaussian_class_channel_time,2,2,2,28,0.6551724137931034,0.7395833333333333,0,259,29,288,22,1000,synthetic_gaussian,/home/jovyan/eeg-repro/high-gamma-data/data/processed/vae_repo_90_10_seed42/real_splits/S02_real_splits.npz,/home/jovyan/eeg-repro/high-gamma-data/data/generated/vae_repo_90_10_seed42/gaussian/gaussian_class_channel_time/S02_generator-seed2.npz,20.336462672799826,"one mean and standard deviation per class, channel and time sample; statistics fitted only to the central real training split; validation and test remain real.",
success,vae_repo_90_10_seed42,gaussian_class_channel_time,3,0,0,14,0.6551724137931034,0.6597222222222222,0,259,29,288,22,1000,synthetic_gaussian,/home/jovyan/eeg-repro/high-gamma-data/data/processed/vae_repo_90_10_seed42/real_splits/S03_real_splits.npz,/home/jovyan/eeg-repro/high-gamma-data/data/generated/vae_repo_90_10_seed42/gaussian/gaussian_class_channel_time/S03_generator-seed0.npz,27.392138548195362,"one mean and standard deviation per class, channel and time sample; statistics fitted only to the central real training split; validation and test remain real.",
success,vae_repo_90_10_seed42,gaussian_class_channel_time,3,0,1,29,0.6896551724137931,0.6145833333333333,0,259,29,288,22,1000,synthetic_gaussian,/home/jovyan/eeg-repro/high-gamma-data/data/processed/vae_repo_90_10_seed42/real_splits/S03_real_splits.npz,/home/jovyan/eeg-repro/high-gamma-data/data/generated/vae_repo_90_10_seed42/gaussian/gaussian_class_channel_time/S03_generator-seed0.npz,19.70257779955864,"one mean and standard deviation per class, channel and time sample; statistics fitted only to the central real training split; validation and test remain real.",
success,vae_repo_90_10_seed42,gaussian_class_channel_time,3,0,2,14,0.5517241379310345,0.7118055555555556,0,259,29,288,22,1000,synthetic_gaussian,/home/jovyan/eeg-repro/high-gamma-data/data/processed/vae_repo_90_10_seed42/real_splits/S03_real_splits.npz,/home/jovyan/eeg-repro/high-gamma-data/data/generated/vae_repo_90_10_seed42/gaussian/gaussian_class_channel_time/S03_generator-seed0.npz,28.75854679197073,"one mean and standard deviation per class, channel and time sample; statistics fitted only to the central real training split; validation and test remain real.",
success,vae_repo_90_10_seed42,gaussian_class_channel_time,3,1,0,8,0.6206896551724138,0.7326388888888888,0,259,29,288,22,1000,synthetic_gaussian,/home/jovyan/eeg-repro/high-gamma-data/data/processed/vae_repo_90_10_seed42/real_splits/S03_real_splits.npz,/home/jovyan/eeg-repro/high-gamma-data/data/generated/vae_repo_90_10_seed42/gaussian/gaussian_class_channel_time/S03_generator-seed1.npz,22.985844280570745,"one mean and standard deviation per class, channel and time sample; statistics fitted only to the central real training split; validation and test remain real.",
success,vae_repo_90_10_seed42,gaussian_class_channel_time,3,1,1,12,0.6206896551724138,0.6458333333333333,0,259,29,288,22,1000,synthetic_gaussian,/home/jovyan/eeg-repro/high-gamma-data/data/processed/vae_repo_90_10_seed42/real_splits/S03_real_splits.npz,/home/jovyan/eeg-repro/high-gamma-data/data/generated/vae_repo_90_10_seed42/gaussian/gaussian_class_channel_time/S03_generator-seed1.npz,27.676614105701447,"one mean and standard deviation per class, channel and time sample; statistics fitted only to the central real training split; validation and test remain real.",
success,vae_repo_90_10_seed42,gaussian_class_channel_time,3,1,2,12,0.5517241379310345,0.7118055555555556,0,259,29,288,22,1000,synthetic_gaussian,/home/jovyan/eeg-repro/high-gamma-data/data/processed/vae_repo_90_10_seed42/real_splits/S03_real_splits.npz,/home/jovyan/eeg-repro/high-gamma-data/data/generated/vae_repo_90_10_seed42/gaussian/gaussian_class_channel_time/S03_generator-seed1.npz,24.282619263976812,"one mean and standard deviation per class, channel and time sample; statistics fitted only to the central real training split; validation and test remain real.",
success,vae_repo_90_10_seed42,gaussian_class_channel_time,3,2,0,5,0.5862068965517242,0.7395833333333333,0,259,29,288,22,1000,synthetic_gaussian,/home/jovyan/eeg-repro/high-gamma-data/data/processed/vae_repo_90_10_seed42/real_splits/S03_real_splits.npz,/home/jovyan/eeg-repro/high-gamma-data/data/generated/vae_repo_90_10_seed42/gaussian/gaussian_class_channel_time/S03_generator-seed2.npz,23.03797347098589,"one mean and standard deviation per class, channel and time sample; statistics fitted only to the central real training split; validation and test remain real.",
success,vae_repo_90_10_seed42,gaussian_class_channel_time,3,2,1,12,0.6206896551724138,0.6423611111111112,0,259,29,288,22,1000,synthetic_gaussian,/home/jovyan/eeg-repro/high-gamma-data/data/processed/vae_repo_90_10_seed42/real_splits/S03_real_splits.npz,/home/jovyan/eeg-repro/high-gamma-data/data/generated/vae_repo_90_10_seed42/gaussian/gaussian_class_channel_time/S03_generator-seed2.npz,27.00121134147048,"one mean and standard deviation per class, channel and time sample; statistics fitted only to the central real training split; validation and test remain real.",
success,vae_repo_90_10_seed42,gaussian_class_channel_time,3,2,2,11,0.5172413793103448,0.7430555555555556,0,259,29,288,22,1000,synthetic_gaussian,/home/jovyan/eeg-repro/high-gamma-data/data/processed/vae_repo_90_10_seed42/real_splits/S03_real_splits.npz,/home/jovyan/eeg-repro/high-gamma-data/data/generated/vae_repo_90_10_seed42/gaussian/gaussian_class_channel_time/S03_generator-seed2.npz,26.815793070942163,"one mean and standard deviation per class, channel and time sample; statistics fitted only to the central real training split; validation and test remain real.",
success,vae_repo_90_10_seed42,gaussian_class_channel_time,4,0,0,3,0.5862068965517242,0.6979166666666667,0,259,29,288,22,1000,synthetic_gaussian,/home/jovyan/eeg-repro/high-gamma-data/data/processed/vae_repo_90_10_seed42/real_splits/S04_real_splits.npz,/home/jovyan/eeg-repro/high-gamma-data/data/generated/vae_repo_90_10_seed42/gaussian/gaussian_class_channel_time/S04_generator-seed0.npz,21.68528353050351,"one mean and standard deviation per class, channel and time sample; statistics fitted only to the central real training split; validation and test remain real.",
success,vae_repo_90_10_seed42,gaussian_class_channel_time,4,0,1,8,0.6551724137931034,0.65625,0,259,29,288,22,1000,synthetic_gaussian,/home/jovyan/eeg-repro/high-gamma-data/data/processed/vae_repo_90_10_seed42/real_splits/S04_real_splits.npz,/home/jovyan/eeg-repro/high-gamma-data/data/generated/vae_repo_90_10_seed42/gaussian/gaussian_class_channel_time/S04_generator-seed0.npz,21.163821831345558,"one mean and standard deviation per class, channel and time sample; statistics fitted only to the central real training split; validation and test remain real.",
success,vae_repo_90_10_seed42,gaussian_class_channel_time,4,0,2,10,0.6206896551724138,0.6527777777777778,0,259,29,288,22,1000,synthetic_gaussian,/home/jovyan/eeg-repro/high-gamma-data/data/processed/vae_repo_90_10_seed42/real_splits/S04_real_splits.npz,/home/jovyan/eeg-repro/high-gamma-data/data/generated/vae_repo_90_10_seed42/gaussian/gaussian_class_channel_time/S04_generator-seed0.npz,20.841021720319986,"one mean and standard deviation per class, channel and time sample; statistics fitted only to the central real training split; validation and test remain real.",
success,vae_repo_90_10_seed42,gaussian_class_channel_time,4,1,0,5,0.5862068965517242,0.6770833333333333,0,259,29,288,22,1000,synthetic_gaussian,/home/jovyan/eeg-repro/high-gamma-data/data/processed/vae_repo_90_10_seed42/real_splits/S04_real_splits.npz,/home/jovyan/eeg-repro/high-gamma-data/data/generated/vae_repo_90_10_seed42/gaussian/gaussian_class_channel_time/S04_generator-seed1.npz,22.664044592529535,"one mean and standard deviation per class, channel and time sample; statistics fitted only to the central real training split; validation and test remain real.",
success,vae_repo_90_10_seed42,gaussian_class_channel_time,4,1,1,9,0.6206896551724138,0.6527777777777778,0,259,29,288,22,1000,synthetic_gaussian,/home/jovyan/eeg-repro/high-gamma-data/data/processed/vae_repo_90_10_seed42/real_splits/S04_real_splits.npz,/home/jovyan/eeg-repro/high-gamma-data/data/generated/vae_repo_90_10_seed42/gaussian/gaussian_class_channel_time/S04_generator-seed1.npz,25.51254503801465,"one mean and standard deviation per class, channel and time sample; statistics fitted only to the central real training split; validation and test remain real.",
success,vae_repo_90_10_seed42,gaussian_class_channel_time,4,1,2,10,0.6206896551724138,0.6527777777777778,0,259,29,288,22,1000,synthetic_gaussian,/home/jovyan/eeg-repro/high-gamma-data/data/processed/vae_repo_90_10_seed42/real_splits/S04_real_splits.npz,/home/jovyan/eeg-repro/high-gamma-data/data/generated/vae_repo_90_10_seed42/gaussian/gaussian_class_channel_time/S04_generator-seed1.npz,26.085560254752636,"one mean and standard deviation per class, channel and time sample; statistics fitted only to the central real training split; validation and test remain real.",
success,vae_repo_90_10_seed42,gaussian_class_channel_time,4,2,0,4,0.6206896551724138,0.6909722222222222,0,259,29,288,22,1000,synthetic_gaussian,/home/jovyan/eeg-repro/high-gamma-data/data/processed/vae_repo_90_10_seed42/real_splits/S04_real_splits.npz,/home/jovyan/eeg-repro/high-gamma-data/data/generated/vae_repo_90_10_seed42/gaussian/gaussian_class_channel_time/S04_generator-seed2.npz,20.896830674260855,"one mean and standard deviation per class, channel and time sample; statistics fitted only to the central real training split; validation and test remain real.",
success,vae_repo_90_10_seed42,gaussian_class_channel_time,4,2,1,8,0.5517241379310345,0.6770833333333333,0,259,29,288,22,1000,synthetic_gaussian,/home/jovyan/eeg-repro/high-gamma-data/data/processed/vae_repo_90_10_seed42/real_splits/S04_real_splits.npz,/home/jovyan/eeg-repro/high-gamma-data/data/generated/vae_repo_90_10_seed42/gaussian/gaussian_class_channel_time/S04_generator-seed2.npz,25.42352243512869,"one mean and standard deviation per class, channel and time sample; statistics fitted only to the central real training split; validation and test remain real.",
success,vae_repo_90_10_seed42,gaussian_class_channel_time,4,2,2,7,0.5172413793103448,0.6736111111111112,0,259,29,288,22,1000,synthetic_gaussian,/home/jovyan/eeg-repro/high-gamma-data/data/processed/vae_repo_90_10_seed42/real_splits/S04_real_splits.npz,/home/jovyan/eeg-repro/high-gamma-data/data/generated/vae_repo_90_10_seed42/gaussian/gaussian_class_channel_time/S04_generator-seed2.npz,24.564452823251486,"one mean and standard deviation per class, channel and time sample; statistics fitted only to the central real training split; validation and test remain real.",
success,vae_repo_90_10_seed42,gaussian_class_channel_time,5,0,0,11,0.5172413793103448,0.7395833333333333,0,259,29,288,22,1000,synthetic_gaussian,/home/jovyan/eeg-repro/high-gamma-data/data/processed/vae_repo_90_10_seed42/real_splits/S05_real_splits.npz,/home/jovyan/eeg-repro/high-gamma-data/data/generated/vae_repo_90_10_seed42/gaussian/gaussian_class_channel_time/S05_generator-seed0.npz,27.023340817540884,"one mean and standard deviation per class, channel and time sample; statistics fitted only to the central real training split; validation and test remain real.",
success,vae_repo_90_10_seed42,gaussian_class_channel_time,5,0,1,6,0.6551724137931034,0.7430555555555556,0,259,29,288,22,1000,synthetic_gaussian,/home/jovyan/eeg-repro/high-gamma-data/data/processed/vae_repo_90_10_seed42/real_splits/S05_real_splits.npz,/home/jovyan/eeg-repro/high-gamma-data/data/generated/vae_repo_90_10_seed42/gaussian/gaussian_class_channel_time/S05_generator-seed0.npz,22.97574643790722,"one mean and standard deviation per class, channel and time sample; statistics fitted only to the central real training split; validation and test remain real.",
success,vae_repo_90_10_seed42,gaussian_class_channel_time,5,0,2,8,0.5517241379310345,0.7465277777777778,0,259,29,288,22,1000,synthetic_gaussian,/home/jovyan/eeg-repro/high-gamma-data/data/processed/vae_repo_90_10_seed42/real_splits/S05_real_splits.npz,/home/jovyan/eeg-repro/high-gamma-data/data/generated/vae_repo_90_10_seed42/gaussian/gaussian_class_channel_time/S05_generator-seed0.npz,24.652772475034,"one mean and standard deviation per class, channel and time sample; statistics fitted only to the central real training split; validation and test remain real.",
success,vae_repo_90_10_seed42,gaussian_class_channel_time,5,1,0,7,0.5862068965517242,0.7222222222222222,0,259,29,288,22,1000,synthetic_gaussian,/home/jovyan/eeg-repro/high-gamma-data/data/processed/vae_repo_90_10_seed42/real_splits/S05_real_splits.npz,/home/jovyan/eeg-repro/high-gamma-data/data/generated/vae_repo_90_10_seed42/gaussian/gaussian_class_channel_time/S05_generator-seed1.npz,24.29186413809657,"one mean and standard deviation per class, channel and time sample; statistics fitted only to the central real training split; validation and test remain real.",
success,vae_repo_90_10_seed42,gaussian_class_channel_time,5,1,1,7,0.5862068965517242,0.7256944444444444,0,259,29,288,22,1000,synthetic_gaussian,/home/jovyan/eeg-repro/high-gamma-data/data/processed/vae_repo_90_10_seed42/real_splits/S05_real_splits.npz,/home/jovyan/eeg-repro/high-gamma-data/data/generated/vae_repo_90_10_seed42/gaussian/gaussian_class_channel_time/S05_generator-seed1.npz,24.099125538021326,"one mean and standard deviation per class, channel and time sample; statistics fitted only to the central real training split; validation and test remain real.",
success,vae_repo_90_10_seed42,gaussian_class_channel_time,5,1,2,11,0.5517241379310345,0.75,0,259,29,288,22,1000,synthetic_gaussian,/home/jovyan/eeg-repro/high-gamma-data/data/processed/vae_repo_90_10_seed42/real_splits/S05_real_splits.npz,/home/jovyan/eeg-repro/high-gamma-data/data/generated/vae_repo_90_10_seed42/gaussian/gaussian_class_channel_time/S05_generator-seed1.npz,25.277811966836452,"one mean and standard deviation per class, channel and time sample; statistics fitted only to the central real training split; validation and test remain real.",
success,vae_repo_90_10_seed42,gaussian_class_channel_time,5,2,0,8,0.6206896551724138,0.75,0,259,29,288,22,1000,synthetic_gaussian,/home/jovyan/eeg-repro/high-gamma-data/data/processed/vae_repo_90_10_seed42/real_splits/S05_real_splits.npz,/home/jovyan/eeg-repro/high-gamma-data/data/generated/vae_repo_90_10_seed42/gaussian/gaussian_class_channel_time/S05_generator-seed2.npz,24.622844018042088,"one mean and standard deviation per class, channel and time sample; statistics fitted only to the central real training split; validation and test remain real.",
success,vae_repo_90_10_seed42,gaussian_class_channel_time,5,2,1,7,0.5862068965517242,0.7569444444444444,0,259,29,288,22,1000,synthetic_gaussian,/home/jovyan/eeg-repro/high-gamma-data/data/processed/vae_repo_90_10_seed42/real_splits/S05_real_splits.npz,/home/jovyan/eeg-repro/high-gamma-data/data/generated/vae_repo_90_10_seed42/gaussian/gaussian_class_channel_time/S05_generator-seed2.npz,24.46940667554736,"one mean and standard deviation per class, channel and time sample; statistics fitted only to the central real training split; validation and test remain real.",
success,vae_repo_90_10_seed42,gaussian_class_channel_time,5,2,2,7,0.5517241379310345,0.7569444444444444,0,259,29,288,22,1000,synthetic_gaussian,/home/jovyan/eeg-repro/high-gamma-data/data/processed/vae_repo_90_10_seed42/real_splits/S05_real_splits.npz,/home/jovyan/eeg-repro/high-gamma-data/data/generated/vae_repo_90_10_seed42/gaussian/gaussian_class_channel_time/S05_generator-seed2.npz,24.275567144155502,"one mean and standard deviation per class, channel and time sample; statistics fitted only to the central real training split; validation and test remain real.",
success,vae_repo_90_10_seed42,gaussian_class_channel_time,6,0,0,1,0.6896551724137931,0.75,0,259,29,288,22,1000,synthetic_gaussian,/home/jovyan/eeg-repro/high-gamma-data/data/processed/vae_repo_90_10_seed42/real_splits/S06_real_splits.npz,/home/jovyan/eeg-repro/high-gamma-data/data/generated/vae_repo_90_10_seed42/gaussian/gaussian_class_channel_time/S06_generator-seed0.npz,20.401222441345453,"one mean and standard deviation per class, channel and time sample; statistics fitted only to the central real training split; validation and test remain real.",
success,vae_repo_90_10_seed42,gaussian_class_channel_time,6,0,1,6,0.6551724137931034,0.6493055555555556,0,259,29,288,22,1000,synthetic_gaussian,/home/jovyan/eeg-repro/high-gamma-data/data/processed/vae_repo_90_10_seed42/real_splits/S06_real_splits.npz,/home/jovyan/eeg-repro/high-gamma-data/data/generated/vae_repo_90_10_seed42/gaussian/gaussian_class_channel_time/S06_generator-seed0.npz,22.115475486963987,"one mean and standard deviation per class, channel and time sample; statistics fitted only to the central real training split; validation and test remain real.",
success,vae_repo_90_10_seed42,gaussian_class_channel_time,6,0,2,12,0.6896551724137931,0.6736111111111112,0,259,29,288,22,1000,synthetic_gaussian,/home/jovyan/eeg-repro/high-gamma-data/data/processed/vae_repo_90_10_seed42/real_splits/S06_real_splits.npz,/home/jovyan/eeg-repro/high-gamma-data/data/generated/vae_repo_90_10_seed42/gaussian/gaussian_class_channel_time/S06_generator-seed0.npz,20.285455342382193,"one mean and standard deviation per class, channel and time sample; statistics fitted only to the central real training split; validation and test remain real.",
success,vae_repo_90_10_seed42,gaussian_class_channel_time,6,1,0,31,0.6896551724137931,0.75,0,259,29,288,22,1000,synthetic_gaussian,/home/jovyan/eeg-repro/high-gamma-data/data/processed/vae_repo_90_10_seed42/real_splits/S06_real_splits.npz,/home/jovyan/eeg-repro/high-gamma-data/data/generated/vae_repo_90_10_seed42/gaussian/gaussian_class_channel_time/S06_generator-seed1.npz,20.314305402338505,"one mean and standard deviation per class, channel and time sample; statistics fitted only to the central real training split; validation and test remain real.",
success,vae_repo_90_10_seed42,gaussian_class_channel_time,6,1,1,7,0.6551724137931034,0.6458333333333333,0,259,29,288,22,1000,synthetic_gaussian,/home/jovyan/eeg-repro/high-gamma-data/data/processed/vae_repo_90_10_seed42/real_splits/S06_real_splits.npz,/home/jovyan/eeg-repro/high-gamma-data/data/generated/vae_repo_90_10_seed42/gaussian/gaussian_class_channel_time/S06_generator-seed1.npz,23.589949775487185,"one mean and standard deviation per class, channel and time sample; statistics fitted only to the central real training split; validation and test remain real.",
success,vae_repo_90_10_seed42,gaussian_class_channel_time,6,1,2,10,0.6551724137931034,0.6631944444444444,0,259,29,288,22,1000,synthetic_gaussian,/home/jovyan/eeg-repro/high-gamma-data/data/processed/vae_repo_90_10_seed42/real_splits/S06_real_splits.npz,/home/jovyan/eeg-repro/high-gamma-data/data/generated/vae_repo_90_10_seed42/gaussian/gaussian_class_channel_time/S06_generator-seed1.npz,25.497914262115955,"one mean and standard deviation per class, channel and time sample; statistics fitted only to the central real training split; validation and test remain real.",
success,vae_repo_90_10_seed42,gaussian_class_channel_time,6,2,0,14,0.6896551724137931,0.6805555555555556,0,259,29,288,22,1000,synthetic_gaussian,/home/jovyan/eeg-repro/high-gamma-data/data/processed/vae_repo_90_10_seed42/real_splits/S06_real_splits.npz,/home/jovyan/eeg-repro/high-gamma-data/data/generated/vae_repo_90_10_seed42/gaussian/gaussian_class_channel_time/S06_generator-seed2.npz,19.91282096505165,"one mean and standard deviation per class, channel and time sample; statistics fitted only to the central real training split; validation and test remain real.",
success,vae_repo_90_10_seed42,gaussian_class_channel_time,6,2,1,7,0.6896551724137931,0.65625,0,259,29,288,22,1000,synthetic_gaussian,/home/jovyan/eeg-repro/high-gamma-data/data/processed/vae_repo_90_10_seed42/real_splits/S06_real_splits.npz,/home/jovyan/eeg-repro/high-gamma-data/data/generated/vae_repo_90_10_seed42/gaussian/gaussian_class_channel_time/S06_generator-seed2.npz,20.190739892423153,"one mean and standard deviation per class, channel and time sample; statistics fitted only to the central real training split; validation and test remain real.",
success,vae_repo_90_10_seed42,gaussian_class_channel_time,6,2,2,3,0.6896551724137931,0.6770833333333333,0,259,29,288,22,1000,synthetic_gaussian,/home/jovyan/eeg-repro/high-gamma-data/data/processed/vae_repo_90_10_seed42/real_splits/S06_real_splits.npz,/home/jovyan/eeg-repro/high-gamma-data/data/generated/vae_repo_90_10_seed42/gaussian/gaussian_class_channel_time/S06_generator-seed2.npz,20.399320900440216,"one mean and standard deviation per class, channel and time sample; statistics fitted only to the central real training split; validation and test remain real.",
success,vae_repo_90_10_seed42,gaussian_class_channel_time,7,0,0,13,0.5862068965517242,0.5972222222222222,0,259,29,288,22,1000,synthetic_gaussian,/home/jovyan/eeg-repro/high-gamma-data/data/processed/vae_repo_90_10_seed42/real_splits/S07_real_splits.npz,/home/jovyan/eeg-repro/high-gamma-data/data/generated/vae_repo_90_10_seed42/gaussian/gaussian_class_channel_time/S07_generator-seed0.npz,28.212221298366785,"one mean and standard deviation per class, channel and time sample; statistics fitted only to the central real training split; validation and test remain real.",
success,vae_repo_90_10_seed42,gaussian_class_channel_time,7,0,1,24,0.5517241379310345,0.6319444444444444,0,259,29,288,22,1000,synthetic_gaussian,/home/jovyan/eeg-repro/high-gamma-data/data/processed/vae_repo_90_10_seed42/real_splits/S07_real_splits.npz,/home/jovyan/eeg-repro/high-gamma-data/data/generated/vae_repo_90_10_seed42/gaussian/gaussian_class_channel_time/S07_generator-seed0.npz,31.7022841013968,"one mean and standard deviation per class, channel and time sample; statistics fitted only to the central real training split; validation and test remain real.",
success,vae_repo_90_10_seed42,gaussian_class_channel_time,7,0,2,18,0.5172413793103448,0.6527777777777778,0,259,29,288,22,1000,synthetic_gaussian,/home/jovyan/eeg-repro/high-gamma-data/data/processed/vae_repo_90_10_seed42/real_splits/S07_real_splits.npz,/home/jovyan/eeg-repro/high-gamma-data/data/generated/vae_repo_90_10_seed42/gaussian/gaussian_class_channel_time/S07_generator-seed0.npz,27.320046484470367,"one mean and standard deviation per class, channel and time sample; statistics fitted only to the central real training split; validation and test remain real.",
success,vae_repo_90_10_seed42,gaussian_class_channel_time,7,1,0,13,0.6206896551724138,0.5972222222222222,0,259,29,288,22,1000,synthetic_gaussian,/home/jovyan/eeg-repro/high-gamma-data/data/processed/vae_repo_90_10_seed42/real_splits/S07_real_splits.npz,/home/jovyan/eeg-repro/high-gamma-data/data/generated/vae_repo_90_10_seed42/gaussian/gaussian_class_channel_time/S07_generator-seed1.npz,21.35295483097434,"one mean and standard deviation per class, channel and time sample; statistics fitted only to the central real training split; validation and test remain real.",
success,vae_repo_90_10_seed42,gaussian_class_channel_time,7,1,1,27,0.5862068965517242,0.6006944444444444,0,259,29,288,22,1000,synthetic_gaussian,/home/jovyan/eeg-repro/high-gamma-data/data/processed/vae_repo_90_10_seed42/real_splits/S07_real_splits.npz,/home/jovyan/eeg-repro/high-gamma-data/data/generated/vae_repo_90_10_seed42/gaussian/gaussian_class_channel_time/S07_generator-seed1.npz,28.77712220698595,"one mean and standard deviation per class, channel and time sample; statistics fitted only to the central real training split; validation and test remain real.",
success,vae_repo_90_10_seed42,gaussian_class_channel_time,7,1,2,24,0.5517241379310345,0.6284722222222222,0,259,29,288,22,1000,synthetic_gaussian,/home/jovyan/eeg-repro/high-gamma-data/data/processed/vae_repo_90_10_seed42/real_splits/S07_real_splits.npz,/home/jovyan/eeg-repro/high-gamma-data/data/generated/vae_repo_90_10_seed42/gaussian/gaussian_class_channel_time/S07_generator-seed1.npz,32.950527016073465,"one mean and standard deviation per class, channel and time sample; statistics fitted only to the central real training split; validation and test remain real.",
success,vae_repo_90_10_seed42,gaussian_class_channel_time,7,2,0,15,0.6206896551724138,0.6319444444444444,0,259,29,288,22,1000,synthetic_gaussian,/home/jovyan/eeg-repro/high-gamma-data/data/processed/vae_repo_90_10_seed42/real_splits/S07_real_splits.npz,/home/jovyan/eeg-repro/high-gamma-data/data/generated/vae_repo_90_10_seed42/gaussian/gaussian_class_channel_time/S07_generator-seed2.npz,25.990370955318213,"one mean and standard deviation per class, channel and time sample; statistics fitted only to the central real training split; validation and test remain real.",
success,vae_repo_90_10_seed42,gaussian_class_channel_time,7,2,1,23,0.5517241379310345,0.6145833333333333,0,259,29,288,22,1000,synthetic_gaussian,/home/jovyan/eeg-repro/high-gamma-data/data/processed/vae_repo_90_10_seed42/real_splits/S07_real_splits.npz,/home/jovyan/eeg-repro/high-gamma-data/data/generated/vae_repo_90_10_seed42/gaussian/gaussian_class_channel_time/S07_generator-seed2.npz,29.5845490321517,"one mean and standard deviation per class, channel and time sample; statistics fitted only to the central real training split; validation and test remain real.",
success,vae_repo_90_10_seed42,gaussian_class_channel_time,7,2,2,23,0.5172413793103448,0.6319444444444444,0,259,29,288,22,1000,synthetic_gaussian,/home/jovyan/eeg-repro/high-gamma-data/data/processed/vae_repo_90_10_seed42/real_splits/S07_real_splits.npz,/home/jovyan/eeg-repro/high-gamma-data/data/generated/vae_repo_90_10_seed42/gaussian/gaussian_class_channel_time/S07_generator-seed2.npz,30.791188694536686,"one mean and standard deviation per class, channel and time sample; statistics fitted only to the central real training split; validation and test remain real.",
success,vae_repo_90_10_seed42,gaussian_class_channel_time,8,0,0,30,0.8275862068965517,0.75,0,259,29,288,22,1000,synthetic_gaussian,/home/jovyan/eeg-repro/high-gamma-data/data/processed/vae_repo_90_10_seed42/real_splits/S08_real_splits.npz,/home/jovyan/eeg-repro/high-gamma-data/data/generated/vae_repo_90_10_seed42/gaussian/gaussian_class_channel_time/S08_generator-seed0.npz,19.714822191745043,"one mean and standard deviation per class, channel and time sample; statistics fitted only to the central real training split; validation and test remain real.",
success,vae_repo_90_10_seed42,gaussian_class_channel_time,8,0,1,0,0.6896551724137931,0.75,0,259,29,288,22,1000,synthetic_gaussian,/home/jovyan/eeg-repro/high-gamma-data/data/processed/vae_repo_90_10_seed42/real_splits/S08_real_splits.npz,/home/jovyan/eeg-repro/high-gamma-data/data/generated/vae_repo_90_10_seed42/gaussian/gaussian_class_channel_time/S08_generator-seed0.npz,20.176101304590702,"one mean and standard deviation per class, channel and time sample; statistics fitted only to the central real training split; validation and test remain real.",
success,vae_repo_90_10_seed42,gaussian_class_channel_time,8,0,2,12,0.7586206896551724,0.6631944444444444,0,259,29,288,22,1000,synthetic_gaussian,/home/jovyan/eeg-repro/high-gamma-data/data/processed/vae_repo_90_10_seed42/real_splits/S08_real_splits.npz,/home/jovyan/eeg-repro/high-gamma-data/data/generated/vae_repo_90_10_seed42/gaussian/gaussian_class_channel_time/S08_generator-seed0.npz,26.08070781081915,"one mean and standard deviation per class, channel and time sample; statistics fitted only to the central real training split; validation and test remain real.",
success,vae_repo_90_10_seed42,gaussian_class_channel_time,8,1,0,30,0.8275862068965517,0.75,0,259,29,288,22,1000,synthetic_gaussian,/home/jovyan/eeg-repro/high-gamma-data/data/processed/vae_repo_90_10_seed42/real_splits/S08_real_splits.npz,/home/jovyan/eeg-repro/high-gamma-data/data/generated/vae_repo_90_10_seed42/gaussian/gaussian_class_channel_time/S08_generator-seed1.npz,20.013268165290356,"one mean and standard deviation per class, channel and time sample; statistics fitted only to the central real training split; validation and test remain real.",
success,vae_repo_90_10_seed42,gaussian_class_channel_time,8,1,1,0,0.6896551724137931,0.75,0,259,29,288,22,1000,synthetic_gaussian,/home/jovyan/eeg-repro/high-gamma-data/data/processed/vae_repo_90_10_seed42/real_splits/S08_real_splits.npz,/home/jovyan/eeg-repro/high-gamma-data/data/generated/vae_repo_90_10_seed42/gaussian/gaussian_class_channel_time/S08_generator-seed1.npz,19.649651627987623,"one mean and standard deviation per class, channel and time sample; statistics fitted only to the central real training split; validation and test remain real.",
success,vae_repo_90_10_seed42,gaussian_class_channel_time,8,1,2,12,0.7586206896551724,0.625,0,259,29,288,22,1000,synthetic_gaussian,/home/jovyan/eeg-repro/high-gamma-data/data/processed/vae_repo_90_10_seed42/real_splits/S08_real_splits.npz,/home/jovyan/eeg-repro/high-gamma-data/data/generated/vae_repo_90_10_seed42/gaussian/gaussian_class_channel_time/S08_generator-seed1.npz,27.62956904619932,"one mean and standard deviation per class, channel and time sample; statistics fitted only to the central real training split; validation and test remain real.",
success,vae_repo_90_10_seed42,gaussian_class_channel_time,8,2,0,30,0.8275862068965517,0.75,0,259,29,288,22,1000,synthetic_gaussian,/home/jovyan/eeg-repro/high-gamma-data/data/processed/vae_repo_90_10_seed42/real_splits/S08_real_splits.npz,/home/jovyan/eeg-repro/high-gamma-data/data/generated/vae_repo_90_10_seed42/gaussian/gaussian_class_channel_time/S08_generator-seed2.npz,19.562206599861383,"one mean and standard deviation per class, channel and time sample; statistics fitted only to the central real training split; validation and test remain real.",
success,vae_repo_90_10_seed42,gaussian_class_channel_time,8,2,1,0,0.6896551724137931,0.75,0,259,29,288,22,1000,synthetic_gaussian,/home/jovyan/eeg-repro/high-gamma-data/data/processed/vae_repo_90_10_seed42/real_splits/S08_real_splits.npz,/home/jovyan/eeg-repro/high-gamma-data/data/generated/vae_repo_90_10_seed42/gaussian/gaussian_class_channel_time/S08_generator-seed2.npz,20.192819867283106,"one mean and standard deviation per class, channel and time sample; statistics fitted only to the central real training split; validation and test remain real.",
success,vae_repo_90_10_seed42,gaussian_class_channel_time,8,2,2,12,0.7586206896551724,0.7083333333333333,0,259,29,288,22,1000,synthetic_gaussian,/home/jovyan/eeg-repro/high-gamma-data/data/processed/vae_repo_90_10_seed42/real_splits/S08_real_splits.npz,/home/jovyan/eeg-repro/high-gamma-data/data/generated/vae_repo_90_10_seed42/gaussian/gaussian_class_channel_time/S08_generator-seed2.npz,25.995802599936724,"one mean and standard deviation per class, channel and time sample; statistics fitted only to the central real training split; validation and test remain real.",
success,vae_repo_90_10_seed42,gaussian_class_channel_time,9,0,0,32,0.5172413793103448,0.6354166666666667,0,259,29,288,22,1000,synthetic_gaussian,/home/jovyan/eeg-repro/high-gamma-data/data/processed/vae_repo_90_10_seed42/real_splits/S09_real_splits.npz,/home/jovyan/eeg-repro/high-gamma-data/data/generated/vae_repo_90_10_seed42/gaussian/gaussian_class_channel_time/S09_generator-seed0.npz,39.06045448035002,"one mean and standard deviation per class, channel and time sample; statistics fitted only to the central real training split; validation and test remain real.",
success,vae_repo_90_10_seed42,gaussian_class_channel_time,9,0,1,37,0.5517241379310345,0.6354166666666667,0,259,29,288,22,1000,synthetic_gaussian,/home/jovyan/eeg-repro/high-gamma-data/data/processed/vae_repo_90_10_seed42/real_splits/S09_real_splits.npz,/home/jovyan/eeg-repro/high-gamma-data/data/generated/vae_repo_90_10_seed42/gaussian/gaussian_class_channel_time/S09_generator-seed0.npz,24.09557083249092,"one mean and standard deviation per class, channel and time sample; statistics fitted only to the central real training split; validation and test remain real.",
success,vae_repo_90_10_seed42,gaussian_class_channel_time,9,0,2,32,0.6206896551724138,0.6354166666666667,0,259,29,288,22,1000,synthetic_gaussian,/home/jovyan/eeg-repro/high-gamma-data/data/processed/vae_repo_90_10_seed42/real_splits/S09_real_splits.npz,/home/jovyan/eeg-repro/high-gamma-data/data/generated/vae_repo_90_10_seed42/gaussian/gaussian_class_channel_time/S09_generator-seed0.npz,21.36034356802702,"one mean and standard deviation per class, channel and time sample; statistics fitted only to the central real training split; validation and test remain real.",
success,vae_repo_90_10_seed42,gaussian_class_channel_time,9,1,0,2,0.6206896551724138,0.5034722222222222,0,259,29,288,22,1000,synthetic_gaussian,/home/jovyan/eeg-repro/high-gamma-data/data/processed/vae_repo_90_10_seed42/real_splits/S09_real_splits.npz,/home/jovyan/eeg-repro/high-gamma-data/data/generated/vae_repo_90_10_seed42/gaussian/gaussian_class_channel_time/S09_generator-seed1.npz,21.062573920935392,"one mean and standard deviation per class, channel and time sample; statistics fitted only to the central real training split; validation and test remain real.",
success,vae_repo_90_10_seed42,gaussian_class_channel_time,9,1,1,24,0.5517241379310345,0.6597222222222222,0,259,29,288,22,1000,synthetic_gaussian,/home/jovyan/eeg-repro/high-gamma-data/data/processed/vae_repo_90_10_seed42/real_splits/S09_real_splits.npz,/home/jovyan/eeg-repro/high-gamma-data/data/generated/vae_repo_90_10_seed42/gaussian/gaussian_class_channel_time/S09_generator-seed1.npz,27.27426865324378,"one mean and standard deviation per class, channel and time sample; statistics fitted only to the central real training split; validation and test remain real.",
success,vae_repo_90_10_seed42,gaussian_class_channel_time,9,1,2,2,0.6206896551724138,0.6145833333333333,0,259,29,288,22,1000,synthetic_gaussian,/home/jovyan/eeg-repro/high-gamma-data/data/processed/vae_repo_90_10_seed42/real_splits/S09_real_splits.npz,/home/jovyan/eeg-repro/high-gamma-data/data/generated/vae_repo_90_10_seed42/gaussian/gaussian_class_channel_time/S09_generator-seed1.npz,20.43264603987336,"one mean and standard deviation per class, channel and time sample; statistics fitted only to the central real training split; validation and test remain real.",
success,vae_repo_90_10_seed42,gaussian_class_channel_time,9,2,0,2,0.5862068965517242,0.48611111111111116,0,259,29,288,22,1000,synthetic_gaussian,/home/jovyan/eeg-repro/high-gamma-data/data/processed/vae_repo_90_10_seed42/real_splits/S09_real_splits.npz,/home/jovyan/eeg-repro/high-gamma-data/data/generated/vae_repo_90_10_seed42/gaussian/gaussian_class_channel_time/S09_generator-seed2.npz,21.437171172350645,"one mean and standard deviation per class, channel and time sample; statistics fitted only to the central real training split; validation and test remain real.",
success,vae_repo_90_10_seed42,gaussian_class_channel_time,9,2,1,24,0.5172413793103448,0.6111111111111112,0,259,29,288,22,1000,synthetic_gaussian,/home/jovyan/eeg-repro/high-gamma-data/data/processed/vae_repo_90_10_seed42/real_splits/S09_real_splits.npz,/home/jovyan/eeg-repro/high-gamma-data/data/generated/vae_repo_90_10_seed42/gaussian/gaussian_class_channel_time/S09_generator-seed2.npz,27.184033632278442,"one mean and standard deviation per class, channel and time sample; statistics fitted only to the central real training split; validation and test remain real.",
success,vae_repo_90_10_seed42,gaussian_class_channel_time,9,2,2,32,0.6206896551724138,0.6041666666666667,0,259,29,288,22,1000,synthetic_gaussian,/home/jovyan/eeg-repro/high-gamma-data/data/processed/vae_repo_90_10_seed42/real_splits/S09_real_splits.npz,/home/jovyan/eeg-repro/high-gamma-data/data/generated/vae_repo_90_10_seed42/gaussian/gaussian_class_channel_time/S09_generator-seed2.npz,21.083322677761316,"one mean and standard deviation per class, channel and time sample; statistics fitted only to the central real training split; validation and test remain real.",
success,vae_repo_90_10_seed42,vae_reconstruction,1,0,0,64,0.06896551724137934,0.19444444444444442,0,259,29,288,22,1000,synthetic_vae_reconstruction,/home/jovyan/eeg-repro/high-gamma-data/data/processed/vae_repo_90_10_seed42/real_splits/S01_real_splits.npz,/home/jovyan/eeg-repro/high-gamma-data/data/generated/vae_repo_90_10_seed42/vae_reconstruction/S01_generator-seed0.npz,61.01646401360631,Hierarchical VAE reconstructions of central real training trials; validation and test remain real.,
success,vae_repo_90_10_seed42,vae_reconstruction,1,0,1,47,0.10344827586206895,0.21180555555555558,0,259,29,288,22,1000,synthetic_vae_reconstruction,/home/jovyan/eeg-repro/high-gamma-data/data/processed/vae_repo_90_10_seed42/real_splits/S01_real_splits.npz,/home/jovyan/eeg-repro/high-gamma-data/data/generated/vae_repo_90_10_seed42/vae_reconstruction/S01_generator-seed0.npz,49.07897148281336,Hierarchical VAE reconstructions of central real training trials; validation and test remain real.,
success,vae_repo_90_10_seed42,vae_reconstruction,1,0,2,24,0.10344827586206895,0.2881944444444444,0,259,29,288,22,1000,synthetic_vae_reconstruction,/home/jovyan/eeg-repro/high-gamma-data/data/processed/vae_repo_90_10_seed42/real_splits/S01_real_splits.npz,/home/jovyan/eeg-repro/high-gamma-data/data/generated/vae_repo_90_10_seed42/vae_reconstruction/S01_generator-seed0.npz,34.97104788944125,Hierarchical VAE reconstructions of central real training trials; validation and test remain real.,
success,vae_repo_90_10_seed42,vae_reconstruction,1,1,0,64,0.06896551724137934,0.19444444444444442,0,259,29,288,22,1000,synthetic_vae_reconstruction,/home/jovyan/eeg-repro/high-gamma-data/data/processed/vae_repo_90_10_seed42/real_splits/S01_real_splits.npz,/home/jovyan/eeg-repro/high-gamma-data/data/generated/vae_repo_90_10_seed42/vae_reconstruction/S01_generator-seed1.npz,42.096874970942736,Hierarchical VAE reconstructions of central real training trials; validation and test remain real.,
success,vae_repo_90_10_seed42,vae_reconstruction,1,1,1,70,0.06896551724137934,0.16319444444444442,0,259,29,288,22,1000,synthetic_vae_reconstruction,/home/jovyan/eeg-repro/high-gamma-data/data/processed/vae_repo_90_10_seed42/real_splits/S01_real_splits.npz,/home/jovyan/eeg-repro/high-gamma-data/data/generated/vae_repo_90_10_seed42/vae_reconstruction/S01_generator-seed1.npz,44.50252893567085,Hierarchical VAE reconstructions of central real training trials; validation and test remain real.,
success,vae_repo_90_10_seed42,vae_reconstruction,1,1,2,39,0.06896551724137934,0.23263888888888884,0,259,29,288,22,1000,synthetic_vae_reconstruction,/home/jovyan/eeg-repro/high-gamma-data/data/processed/vae_repo_90_10_seed42/real_splits/S01_real_splits.npz,/home/jovyan/eeg-repro/high-gamma-data/data/generated/vae_repo_90_10_seed42/vae_reconstruction/S01_generator-seed1.npz,34.106051571667194,Hierarchical VAE reconstructions of central real training trials; validation and test remain real.,
success,vae_repo_90_10_seed42,vae_reconstruction,1,2,0,36,0.03448275862068961,0.22916666666666663,0,259,29,288,22,1000,synthetic_vae_reconstruction,/home/jovyan/eeg-repro/high-gamma-data/data/processed/vae_repo_90_10_seed42/real_splits/S01_real_splits.npz,/home/jovyan/eeg-repro/high-gamma-data/data/generated/vae_repo_90_10_seed42/vae_reconstruction/S01_generator-seed2.npz,41.66297575086355,Hierarchical VAE reconstructions of central real training trials; validation and test remain real.,
success,vae_repo_90_10_seed42,vae_reconstruction,1,2,1,63,0.06896551724137934,0.1840277777777778,0,259,29,288,22,1000,synthetic_vae_reconstruction,/home/jovyan/eeg-repro/high-gamma-data/data/processed/vae_repo_90_10_seed42/real_splits/S01_real_splits.npz,/home/jovyan/eeg-repro/high-gamma-data/data/generated/vae_repo_90_10_seed42/vae_reconstruction/S01_generator-seed2.npz,40.92484990134835,Hierarchical VAE reconstructions of central real training trials; validation and test remain real.,
success,vae_repo_90_10_seed42,vae_reconstruction,1,2,2,58,0.06896551724137934,0.22569444444444442,0,259,29,288,22,1000,synthetic_vae_reconstruction,/home/jovyan/eeg-repro/high-gamma-data/data/processed/vae_repo_90_10_seed42/real_splits/S01_real_splits.npz,/home/jovyan/eeg-repro/high-gamma-data/data/generated/vae_repo_90_10_seed42/vae_reconstruction/S01_generator-seed2.npz,37.56156013533473,Hierarchical VAE reconstructions of central real training trials; validation and test remain real.,
success,vae_repo_90_10_seed42,vae_reconstruction,2,0,0,31,0.4137931034482759,0.5034722222222222,0,259,29,288,22,1000,synthetic_vae_reconstruction,/home/jovyan/eeg-repro/high-gamma-data/data/processed/vae_repo_90_10_seed42/real_splits/S02_real_splits.npz,/home/jovyan/eeg-repro/high-gamma-data/data/generated/vae_repo_90_10_seed42/vae_reconstruction/S02_generator-seed0.npz,38.88501323014498,Hierarchical VAE reconstructions of central real training trials; validation and test remain real.,
success,vae_repo_90_10_seed42,vae_reconstruction,2,0,1,38,0.4482758620689655,0.4930555555555556,0,259,29,288,22,1000,synthetic_vae_reconstruction,/home/jovyan/eeg-repro/high-gamma-data/data/processed/vae_repo_90_10_seed42/real_splits/S02_real_splits.npz,/home/jovyan/eeg-repro/high-gamma-data/data/generated/vae_repo_90_10_seed42/vae_reconstruction/S02_generator-seed0.npz,28.01627667620778,Hierarchical VAE reconstructions of central real training trials; validation and test remain real.,
success,vae_repo_90_10_seed42,vae_reconstruction,2,0,2,16,0.4482758620689655,0.6597222222222222,0,259,29,288,22,1000,synthetic_vae_reconstruction,/home/jovyan/eeg-repro/high-gamma-data/data/processed/vae_repo_90_10_seed42/real_splits/S02_real_splits.npz,/home/jovyan/eeg-repro/high-gamma-data/data/generated/vae_repo_90_10_seed42/vae_reconstruction/S02_generator-seed0.npz,29.45522727072239,Hierarchical VAE reconstructions of central real training trials; validation and test remain real.,
success,vae_repo_90_10_seed42,vae_reconstruction,2,1,0,55,0.4482758620689655,0.4756944444444444,0,259,29,288,22,1000,synthetic_vae_reconstruction,/home/jovyan/eeg-repro/high-gamma-data/data/processed/vae_repo_90_10_seed42/real_splits/S02_real_splits.npz,/home/jovyan/eeg-repro/high-gamma-data/data/generated/vae_repo_90_10_seed42/vae_reconstruction/S02_generator-seed1.npz,43.93410575017333,Hierarchical VAE reconstructions of central real training trials; validation and test remain real.,
success,vae_repo_90_10_seed42,vae_reconstruction,2,1,1,54,0.3793103448275862,0.5173611111111112,0,259,29,288,22,1000,synthetic_vae_reconstruction,/home/jovyan/eeg-repro/high-gamma-data/data/processed/vae_repo_90_10_seed42/real_splits/S02_real_splits.npz,/home/jovyan/eeg-repro/high-gamma-data/data/generated/vae_repo_90_10_seed42/vae_reconstruction/S02_generator-seed1.npz,54.2750346660614,Hierarchical VAE reconstructions of central real training trials; validation and test remain real.,
success,vae_repo_90_10_seed42,vae_reconstruction,2,1,2,41,0.48275862068965514,0.4756944444444444,0,259,29,288,22,1000,synthetic_vae_reconstruction,/home/jovyan/eeg-repro/high-gamma-data/data/processed/vae_repo_90_10_seed42/real_splits/S02_real_splits.npz,/home/jovyan/eeg-repro/high-gamma-data/data/generated/vae_repo_90_10_seed42/vae_reconstruction/S02_generator-seed1.npz,32.440187364816666,Hierarchical VAE reconstructions of central real training trials; validation and test remain real.,
success,vae_repo_90_10_seed42,vae_reconstruction,2,2,0,39,0.4482758620689655,0.4618055555555556,0,259,29,288,22,1000,synthetic_vae_reconstruction,/home/jovyan/eeg-repro/high-gamma-data/data/processed/vae_repo_90_10_seed42/real_splits/S02_real_splits.npz,/home/jovyan/eeg-repro/high-gamma-data/data/generated/vae_repo_90_10_seed42/vae_reconstruction/S02_generator-seed2.npz,38.7789174541831,Hierarchical VAE reconstructions of central real training trials; validation and test remain real.,
success,vae_repo_90_10_seed42,vae_reconstruction,2,2,1,38,0.4482758620689655,0.5208333333333333,0,259,29,288,22,1000,synthetic_vae_reconstruction,/home/jovyan/eeg-repro/high-gamma-data/data/processed/vae_repo_90_10_seed42/real_splits/S02_real_splits.npz,/home/jovyan/eeg-repro/high-gamma-data/data/generated/vae_repo_90_10_seed42/vae_reconstruction/S02_generator-seed2.npz,30.005809534341097,Hierarchical VAE reconstructions of central real training trials; validation and test remain real.,
success,vae_repo_90_10_seed42,vae_reconstruction,2,2,2,15,0.4137931034482759,0.6076388888888888,0,259,29,288,22,1000,synthetic_vae_reconstruction,/home/jovyan/eeg-repro/high-gamma-data/data/processed/vae_repo_90_10_seed42/real_splits/S02_real_splits.npz,/home/jovyan/eeg-repro/high-gamma-data/data/generated/vae_repo_90_10_seed42/vae_reconstruction/S02_generator-seed2.npz,28.966423761099577,Hierarchical VAE reconstructions of central real training trials; validation and test remain real.,
success,vae_repo_90_10_seed42,vae_reconstruction,3,0,0,64,0.03448275862068961,0.11805555555555558,0,259,29,288,22,1000,synthetic_vae_reconstruction,/home/jovyan/eeg-repro/high-gamma-data/data/processed/vae_repo_90_10_seed42/real_splits/S03_real_splits.npz,/home/jovyan/eeg-repro/high-gamma-data/data/generated/vae_repo_90_10_seed42/vae_reconstruction/S03_generator-seed0.npz,55.881037421524525,Hierarchical VAE reconstructions of central real training trials; validation and test remain real.,
success,vae_repo_90_10_seed42,vae_reconstruction,3,0,1,41,0.06896551724137934,0.12152777777777779,0,259,29,288,22,1000,synthetic_vae_reconstruction,/home/jovyan/eeg-repro/high-gamma-data/data/processed/vae_repo_90_10_seed42/real_splits/S03_real_splits.npz,/home/jovyan/eeg-repro/high-gamma-data/data/generated/vae_repo_90_10_seed42/vae_reconstruction/S03_generator-seed0.npz,46.333220448344946,Hierarchical VAE reconstructions of central real training trials; validation and test remain real.,
success,vae_repo_90_10_seed42,vae_reconstruction,3,0,2,64,0.06896551724137934,0.1597222222222222,0,259,29,288,22,1000,synthetic_vae_reconstruction,/home/jovyan/eeg-repro/high-gamma-data/data/processed/vae_repo_90_10_seed42/real_splits/S03_real_splits.npz,/home/jovyan/eeg-repro/high-gamma-data/data/generated/vae_repo_90_10_seed42/vae_reconstruction/S03_generator-seed0.npz,42.6350896731019,Hierarchical VAE reconstructions of central real training trials; validation and test remain real.,
success,vae_repo_90_10_seed42,vae_reconstruction,3,1,0,69,0.03448275862068961,0.10763888888888884,0,259,29,288,22,1000,synthetic_vae_reconstruction,/home/jovyan/eeg-repro/high-gamma-data/data/processed/vae_repo_90_10_seed42/real_splits/S03_real_splits.npz,/home/jovyan/eeg-repro/high-gamma-data/data/generated/vae_repo_90_10_seed42/vae_reconstruction/S03_generator-seed1.npz,48.96972731500864,Hierarchical VAE reconstructions of central real training trials; validation and test remain real.,
success,vae_repo_90_10_seed42,vae_reconstruction,3,1,1,67,0.06896551724137934,0.1597222222222222,0,259,29,288,22,1000,synthetic_vae_reconstruction,/home/jovyan/eeg-repro/high-gamma-data/data/processed/vae_repo_90_10_seed42/real_splits/S03_real_splits.npz,/home/jovyan/eeg-repro/high-gamma-data/data/generated/vae_repo_90_10_seed42/vae_reconstruction/S03_generator-seed1.npz,46.19954663515091,Hierarchical VAE reconstructions of central real training trials; validation and test remain real.,
success,vae_repo_90_10_seed42,vae_reconstruction,3,1,2,53,0.06896551724137934,0.1527777777777778,0,259,29,288,22,1000,synthetic_vae_reconstruction,/home/jovyan/eeg-repro/high-gamma-data/data/processed/vae_repo_90_10_seed42/real_splits/S03_real_splits.npz,/home/jovyan/eeg-repro/high-gamma-data/data/generated/vae_repo_90_10_seed42/vae_reconstruction/S03_generator-seed1.npz,36.41235875338316,Hierarchical VAE reconstructions of central real training trials; validation and test remain real.,
success,vae_repo_90_10_seed42,vae_reconstruction,3,2,0,50,0.06896551724137934,0.1284722222222222,0,259,29,288,22,1000,synthetic_vae_reconstruction,/home/jovyan/eeg-repro/high-gamma-data/data/processed/vae_repo_90_10_seed42/real_splits/S03_real_splits.npz,/home/jovyan/eeg-repro/high-gamma-data/data/generated/vae_repo_90_10_seed42/vae_reconstruction/S03_generator-seed2.npz,33.41989662870765,Hierarchical VAE reconstructions of central real training trials; validation and test remain real.,
success,vae_repo_90_10_seed42,vae_reconstruction,3,2,1,73,0.06896551724137934,0.11111111111111116,0,259,29,288,22,1000,synthetic_vae_reconstruction,/home/jovyan/eeg-repro/high-gamma-data/data/processed/vae_repo_90_10_seed42/real_splits/S03_real_splits.npz,/home/jovyan/eeg-repro/high-gamma-data/data/generated/vae_repo_90_10_seed42/vae_reconstruction/S03_generator-seed2.npz,51.08666384965181,Hierarchical VAE reconstructions of central real training trials; validation and test remain real.,
success,vae_repo_90_10_seed42,vae_reconstruction,3,2,2,53,0.06896551724137934,0.21180555555555558,0,259,29,288,22,1000,synthetic_vae_reconstruction,/home/jovyan/eeg-repro/high-gamma-data/data/processed/vae_repo_90_10_seed42/real_splits/S03_real_splits.npz,/home/jovyan/eeg-repro/high-gamma-data/data/generated/vae_repo_90_10_seed42/vae_reconstruction/S03_generator-seed2.npz,41.2478347197175,Hierarchical VAE reconstructions of central real training trials; validation and test remain real.,
success,vae_repo_90_10_seed42,vae_reconstruction,4,0,0,42,0.31034482758620685,0.34375,0,259,29,288,22,1000,synthetic_vae_reconstruction,/home/jovyan/eeg-repro/high-gamma-data/data/processed/vae_repo_90_10_seed42/real_splits/S04_real_splits.npz,/home/jovyan/eeg-repro/high-gamma-data/data/generated/vae_repo_90_10_seed42/vae_reconstruction/S04_generator-seed0.npz,28.112753074616194,Hierarchical VAE reconstructions of central real training trials; validation and test remain real.,
success,vae_repo_90_10_seed42,vae_reconstruction,4,0,1,64,0.24137931034482762,0.3125,0,259,29,288,22,1000,synthetic_vae_reconstruction,/home/jovyan/eeg-repro/high-gamma-data/data/processed/vae_repo_90_10_seed42/real_splits/S04_real_splits.npz,/home/jovyan/eeg-repro/high-gamma-data/data/generated/vae_repo_90_10_seed42/vae_reconstruction/S04_generator-seed0.npz,46.479352444410324,Hierarchical VAE reconstructions of central real training trials; validation and test remain real.,
success,vae_repo_90_10_seed42,vae_reconstruction,4,0,2,80,0.24137931034482762,0.28125,0,259,29,288,22,1000,synthetic_vae_reconstruction,/home/jovyan/eeg-repro/high-gamma-data/data/processed/vae_repo_90_10_seed42/real_splits/S04_real_splits.npz,/home/jovyan/eeg-repro/high-gamma-data/data/generated/vae_repo_90_10_seed42/vae_reconstruction/S04_generator-seed0.npz,56.57263099774718,Hierarchical VAE reconstructions of central real training trials; validation and test remain real.,
success,vae_repo_90_10_seed42,vae_reconstruction,4,1,0,69,0.31034482758620685,0.3402777777777778,0,259,29,288,22,1000,synthetic_vae_reconstruction,/home/jovyan/eeg-repro/high-gamma-data/data/processed/vae_repo_90_10_seed42/real_splits/S04_real_splits.npz,/home/jovyan/eeg-repro/high-gamma-data/data/generated/vae_repo_90_10_seed42/vae_reconstruction/S04_generator-seed1.npz,45.829432494938374,Hierarchical VAE reconstructions of central real training trials; validation and test remain real.,
success,vae_repo_90_10_seed42,vae_reconstruction,4,1,1,75,0.27586206896551724,0.36111111111111116,0,259,29,288,22,1000,synthetic_vae_reconstruction,/home/jovyan/eeg-repro/high-gamma-data/data/processed/vae_repo_90_10_seed42/real_splits/S04_real_splits.npz,/home/jovyan/eeg-repro/high-gamma-data/data/generated/vae_repo_90_10_seed42/vae_reconstruction/S04_generator-seed1.npz,56.665048491209745,Hierarchical VAE reconstructions of central real training trials; validation and test remain real.,
success,vae_repo_90_10_seed42,vae_reconstruction,4,1,2,74,0.31034482758620685,0.3368055555555556,0,259,29,288,22,1000,synthetic_vae_reconstruction,/home/jovyan/eeg-repro/high-gamma-data/data/processed/vae_repo_90_10_seed42/real_splits/S04_real_splits.npz,/home/jovyan/eeg-repro/high-gamma-data/data/generated/vae_repo_90_10_seed42/vae_reconstruction/S04_generator-seed1.npz,48.57469720765948,Hierarchical VAE reconstructions of central real training trials; validation and test remain real.,
success,vae_repo_90_10_seed42,vae_reconstruction,4,2,0,55,0.1724137931034483,0.33333333333333337,0,259,29,288,22,1000,synthetic_vae_reconstruction,/home/jovyan/eeg-repro/high-gamma-data/data/processed/vae_repo_90_10_seed42/real_splits/S04_real_splits.npz,/home/jovyan/eeg-repro/high-gamma-data/data/generated/vae_repo_90_10_seed42/vae_reconstruction/S04_generator-seed2.npz,55.570093501359224,Hierarchical VAE reconstructions of central real training trials; validation and test remain real.,
success,vae_repo_90_10_seed42,vae_reconstruction,4,2,1,48,0.24137931034482762,0.3402777777777778,0,259,29,288,22,1000,synthetic_vae_reconstruction,/home/jovyan/eeg-repro/high-gamma-data/data/processed/vae_repo_90_10_seed42/real_splits/S04_real_splits.npz,/home/jovyan/eeg-repro/high-gamma-data/data/generated/vae_repo_90_10_seed42/vae_reconstruction/S04_generator-seed2.npz,51.26770897582173,Hierarchical VAE reconstructions of central real training trials; validation and test remain real.,
success,vae_repo_90_10_seed42,vae_reconstruction,4,2,2,58,0.1724137931034483,0.3819444444444444,0,259,29,288,22,1000,synthetic_vae_reconstruction,/home/jovyan/eeg-repro/high-gamma-data/data/processed/vae_repo_90_10_seed42/real_splits/S04_real_splits.npz,/home/jovyan/eeg-repro/high-gamma-data/data/generated/vae_repo_90_10_seed42/vae_reconstruction/S04_generator-seed2.npz,56.605405140668154,Hierarchical VAE reconstructions of central real training trials; validation and test remain real.,
success,vae_repo_90_10_seed42,vae_reconstruction,5,0,0,81,0.1724137931034483,0.5972222222222222,0,259,29,288,22,1000,synthetic_vae_reconstruction,/home/jovyan/eeg-repro/high-gamma-data/data/processed/vae_repo_90_10_seed42/real_splits/S05_real_splits.npz,/home/jovyan/eeg-repro/high-gamma-data/data/generated/vae_repo_90_10_seed42/vae_reconstruction/S05_generator-seed0.npz,54.24626595526934,Hierarchical VAE reconstructions of central real training trials; validation and test remain real.,
success,vae_repo_90_10_seed42,vae_reconstruction,5,0,1,95,0.1724137931034483,0.5347222222222222,0,259,29,288,22,1000,synthetic_vae_reconstruction,/home/jovyan/eeg-repro/high-gamma-data/data/processed/vae_repo_90_10_seed42/real_splits/S05_real_splits.npz,/home/jovyan/eeg-repro/high-gamma-data/data/generated/vae_repo_90_10_seed42/vae_reconstruction/S05_generator-seed0.npz,62.59805604070425,Hierarchical VAE reconstructions of central real training trials; validation and test remain real.,
success,vae_repo_90_10_seed42,vae_reconstruction,5,0,2,51,0.1724137931034483,0.6493055555555556,0,259,29,288,22,1000,synthetic_vae_reconstruction,/home/jovyan/eeg-repro/high-gamma-data/data/processed/vae_repo_90_10_seed42/real_splits/S05_real_splits.npz,/home/jovyan/eeg-repro/high-gamma-data/data/generated/vae_repo_90_10_seed42/vae_reconstruction/S05_generator-seed0.npz,51.85046114772558,Hierarchical VAE reconstructions of central real training trials; validation and test remain real.,
success,vae_repo_90_10_seed42,vae_reconstruction,5,1,0,78,0.13793103448275867,0.5590277777777778,0,259,29,288,22,1000,synthetic_vae_reconstruction,/home/jovyan/eeg-repro/high-gamma-data/data/processed/vae_repo_90_10_seed42/real_splits/S05_real_splits.npz,/home/jovyan/eeg-repro/high-gamma-data/data/generated/vae_repo_90_10_seed42/vae_reconstruction/S05_generator-seed1.npz,51.06683551892638,Hierarchical VAE reconstructions of central real training trials; validation and test remain real.,
success,vae_repo_90_10_seed42,vae_reconstruction,5,1,1,81,0.1724137931034483,0.5486111111111112,0,259,29,288,22,1000,synthetic_vae_reconstruction,/home/jovyan/eeg-repro/high-gamma-data/data/processed/vae_repo_90_10_seed42/real_splits/S05_real_splits.npz,/home/jovyan/eeg-repro/high-gamma-data/data/generated/vae_repo_90_10_seed42/vae_reconstruction/S05_generator-seed1.npz,54.13052821159363,Hierarchical VAE reconstructions of central real training trials; validation and test remain real.,
success,vae_repo_90_10_seed42,vae_reconstruction,5,1,2,78,0.1724137931034483,0.5486111111111112,0,259,29,288,22,1000,synthetic_vae_reconstruction,/home/jovyan/eeg-repro/high-gamma-data/data/processed/vae_repo_90_10_seed42/real_splits/S05_real_splits.npz,/home/jovyan/eeg-repro/high-gamma-data/data/generated/vae_repo_90_10_seed42/vae_reconstruction/S05_generator-seed1.npz,49.9897824563086,Hierarchical VAE reconstructions of central real training trials; validation and test remain real.,
success,vae_repo_90_10_seed42,vae_reconstruction,5,2,0,79,0.10344827586206895,0.48958333333333337,0,259,29,288,22,1000,synthetic_vae_reconstruction,/home/jovyan/eeg-repro/high-gamma-data/data/processed/vae_repo_90_10_seed42/real_splits/S05_real_splits.npz,/home/jovyan/eeg-repro/high-gamma-data/data/generated/vae_repo_90_10_seed42/vae_reconstruction/S05_generator-seed2.npz,68.41150930896401,Hierarchical VAE reconstructions of central real training trials; validation and test remain real.,
success,vae_repo_90_10_seed42,vae_reconstruction,5,2,1,92,0.13793103448275867,0.6180555555555556,0,259,29,288,22,1000,synthetic_vae_reconstruction,/home/jovyan/eeg-repro/high-gamma-data/data/processed/vae_repo_90_10_seed42/real_splits/S05_real_splits.npz,/home/jovyan/eeg-repro/high-gamma-data/data/generated/vae_repo_90_10_seed42/vae_reconstruction/S05_generator-seed2.npz,76.47437733784318,Hierarchical VAE reconstructions of central real training trials; validation and test remain real.,
success,vae_repo_90_10_seed42,vae_reconstruction,5,2,2,115,0.10344827586206895,0.7465277777777778,0,259,29,288,22,1000,synthetic_vae_reconstruction,/home/jovyan/eeg-repro/high-gamma-data/data/processed/vae_repo_90_10_seed42/real_splits/S05_real_splits.npz,/home/jovyan/eeg-repro/high-gamma-data/data/generated/vae_repo_90_10_seed42/vae_reconstruction/S05_generator-seed2.npz,78.00115644931793,Hierarchical VAE reconstructions of central real training trials; validation and test remain real.,
success,vae_repo_90_10_seed42,vae_reconstruction,6,0,0,64,0.4137931034482759,0.4652777777777778,0,259,29,288,22,1000,synthetic_vae_reconstruction,/home/jovyan/eeg-repro/high-gamma-data/data/processed/vae_repo_90_10_seed42/real_splits/S06_real_splits.npz,/home/jovyan/eeg-repro/high-gamma-data/data/generated/vae_repo_90_10_seed42/vae_reconstruction/S06_generator-seed0.npz,44.74061034619808,Hierarchical VAE reconstructions of central real training trials; validation and test remain real.,
success,vae_repo_90_10_seed42,vae_reconstruction,6,0,1,55,0.4137931034482759,0.48263888888888884,0,259,29,288,22,1000,synthetic_vae_reconstruction,/home/jovyan/eeg-repro/high-gamma-data/data/processed/vae_repo_90_10_seed42/real_splits/S06_real_splits.npz,/home/jovyan/eeg-repro/high-gamma-data/data/generated/vae_repo_90_10_seed42/vae_reconstruction/S06_generator-seed0.npz,43.89298204705119,Hierarchical VAE reconstructions of central real training trials; validation and test remain real.,
success,vae_repo_90_10_seed42,vae_reconstruction,6,0,2,81,0.4137931034482759,0.4409722222222222,0,259,29,288,22,1000,synthetic_vae_reconstruction,/home/jovyan/eeg-repro/high-gamma-data/data/processed/vae_repo_90_10_seed42/real_splits/S06_real_splits.npz,/home/jovyan/eeg-repro/high-gamma-data/data/generated/vae_repo_90_10_seed42/vae_reconstruction/S06_generator-seed0.npz,58.02865305915475,Hierarchical VAE reconstructions of central real training trials; validation and test remain real.,
success,vae_repo_90_10_seed42,vae_reconstruction,6,1,0,40,0.4137931034482759,0.4756944444444444,0,259,29,288,22,1000,synthetic_vae_reconstruction,/home/jovyan/eeg-repro/high-gamma-data/data/processed/vae_repo_90_10_seed42/real_splits/S06_real_splits.npz,/home/jovyan/eeg-repro/high-gamma-data/data/generated/vae_repo_90_10_seed42/vae_reconstruction/S06_generator-seed1.npz,45.346328772604465,Hierarchical VAE reconstructions of central real training trials; validation and test remain real.,
success,vae_repo_90_10_seed42,vae_reconstruction,6,1,1,43,0.4482758620689655,0.4618055555555556,0,259,29,288,22,1000,synthetic_vae_reconstruction,/home/jovyan/eeg-repro/high-gamma-data/data/processed/vae_repo_90_10_seed42/real_splits/S06_real_splits.npz,/home/jovyan/eeg-repro/high-gamma-data/data/generated/vae_repo_90_10_seed42/vae_reconstruction/S06_generator-seed1.npz,27.59240183979273,Hierarchical VAE reconstructions of central real training trials; validation and test remain real.,
success,vae_repo_90_10_seed42,vae_reconstruction,6,1,2,40,0.4482758620689655,0.4340277777777778,0,259,29,288,22,1000,synthetic_vae_reconstruction,/home/jovyan/eeg-repro/high-gamma-data/data/processed/vae_repo_90_10_seed42/real_splits/S06_real_splits.npz,/home/jovyan/eeg-repro/high-gamma-data/data/generated/vae_repo_90_10_seed42/vae_reconstruction/S06_generator-seed1.npz,27.041815921664238,Hierarchical VAE reconstructions of central real training trials; validation and test remain real.,
success,vae_repo_90_10_seed42,vae_reconstruction,6,2,0,49,0.3793103448275862,0.4305555555555556,0,259,29,288,22,1000,synthetic_vae_reconstruction,/home/jovyan/eeg-repro/high-gamma-data/data/processed/vae_repo_90_10_seed42/real_splits/S06_real_splits.npz,/home/jovyan/eeg-repro/high-gamma-data/data/generated/vae_repo_90_10_seed42/vae_reconstruction/S06_generator-seed2.npz,50.012369602918625,Hierarchical VAE reconstructions of central real training trials; validation and test remain real.,
success,vae_repo_90_10_seed42,vae_reconstruction,6,2,1,43,0.4482758620689655,0.47916666666666663,0,259,29,288,22,1000,synthetic_vae_reconstruction,/home/jovyan/eeg-repro/high-gamma-data/data/processed/vae_repo_90_10_seed42/real_splits/S06_real_splits.npz,/home/jovyan/eeg-repro/high-gamma-data/data/generated/vae_repo_90_10_seed42/vae_reconstruction/S06_generator-seed2.npz,34.51225382089615,Hierarchical VAE reconstructions of central real training trials; validation and test remain real.,
success,vae_repo_90_10_seed42,vae_reconstruction,6,2,2,66,0.3448275862068966,0.4652777777777778,0,259,29,288,22,1000,synthetic_vae_reconstruction,/home/jovyan/eeg-repro/high-gamma-data/data/processed/vae_repo_90_10_seed42/real_splits/S06_real_splits.npz,/home/jovyan/eeg-repro/high-gamma-data/data/generated/vae_repo_90_10_seed42/vae_reconstruction/S06_generator-seed2.npz,61.4591243006289,Hierarchical VAE reconstructions of central real training trials; validation and test remain real.,
success,vae_repo_90_10_seed42,vae_reconstruction,7,0,0,54,0.03448275862068961,0.12152777777777779,0,259,29,288,22,1000,synthetic_vae_reconstruction,/home/jovyan/eeg-repro/high-gamma-data/data/processed/vae_repo_90_10_seed42/real_splits/S07_real_splits.npz,/home/jovyan/eeg-repro/high-gamma-data/data/generated/vae_repo_90_10_seed42/vae_reconstruction/S07_generator-seed0.npz,35.67733895406127,Hierarchical VAE reconstructions of central real training trials; validation and test remain real.,
success,vae_repo_90_10_seed42,vae_reconstruction,7,0,1,81,0.03448275862068961,0.12152777777777779,0,259,29,288,22,1000,synthetic_vae_reconstruction,/home/jovyan/eeg-repro/high-gamma-data/data/processed/vae_repo_90_10_seed42/real_splits/S07_real_splits.npz,/home/jovyan/eeg-repro/high-gamma-data/data/generated/vae_repo_90_10_seed42/vae_reconstruction/S07_generator-seed0.npz,52.4663909599185,Hierarchical VAE reconstructions of central real training trials; validation and test remain real.,
success,vae_repo_90_10_seed42,vae_reconstruction,7,0,2,73,0.03448275862068961,0.1527777777777778,0,259,29,288,22,1000,synthetic_vae_reconstruction,/home/jovyan/eeg-repro/high-gamma-data/data/processed/vae_repo_90_10_seed42/real_splits/S07_real_splits.npz,/home/jovyan/eeg-repro/high-gamma-data/data/generated/vae_repo_90_10_seed42/vae_reconstruction/S07_generator-seed0.npz,47.66492509096861,Hierarchical VAE reconstructions of central real training trials; validation and test remain real.,
success,vae_repo_90_10_seed42,vae_reconstruction,7,1,0,69,0.03448275862068961,0.1597222222222222,0,259,29,288,22,1000,synthetic_vae_reconstruction,/home/jovyan/eeg-repro/high-gamma-data/data/processed/vae_repo_90_10_seed42/real_splits/S07_real_splits.npz,/home/jovyan/eeg-repro/high-gamma-data/data/generated/vae_repo_90_10_seed42/vae_reconstruction/S07_generator-seed1.npz,45.755929592996836,Hierarchical VAE reconstructions of central real training trials; validation and test remain real.,
success,vae_repo_90_10_seed42,vae_reconstruction,7,1,1,76,0.03448275862068961,0.1840277777777778,0,259,29,288,22,1000,synthetic_vae_reconstruction,/home/jovyan/eeg-repro/high-gamma-data/data/processed/vae_repo_90_10_seed42/real_splits/S07_real_splits.npz,/home/jovyan/eeg-repro/high-gamma-data/data/generated/vae_repo_90_10_seed42/vae_reconstruction/S07_generator-seed1.npz,51.93457068875432,Hierarchical VAE reconstructions of central real training trials; validation and test remain real.,
success,vae_repo_90_10_seed42,vae_reconstruction,7,1,2,75,0.03448275862068961,0.14236111111111116,0,259,29,288,22,1000,synthetic_vae_reconstruction,/home/jovyan/eeg-repro/high-gamma-data/data/processed/vae_repo_90_10_seed42/real_splits/S07_real_splits.npz,/home/jovyan/eeg-repro/high-gamma-data/data/generated/vae_repo_90_10_seed42/vae_reconstruction/S07_generator-seed1.npz,47.72722639143467,Hierarchical VAE reconstructions of central real training trials; validation and test remain real.,
success,vae_repo_90_10_seed42,vae_reconstruction,7,2,0,71,0.03448275862068961,0.1527777777777778,0,259,29,288,22,1000,synthetic_vae_reconstruction,/home/jovyan/eeg-repro/high-gamma-data/data/processed/vae_repo_90_10_seed42/real_splits/S07_real_splits.npz,/home/jovyan/eeg-repro/high-gamma-data/data/generated/vae_repo_90_10_seed42/vae_reconstruction/S07_generator-seed2.npz,45.63174866884947,Hierarchical VAE reconstructions of central real training trials; validation and test remain real.,
success,vae_repo_90_10_seed42,vae_reconstruction,7,2,1,78,0.03448275862068961,0.19791666666666663,0,259,29,288,22,1000,synthetic_vae_reconstruction,/home/jovyan/eeg-repro/high-gamma-data/data/processed/vae_repo_90_10_seed42/real_splits/S07_real_splits.npz,/home/jovyan/eeg-repro/high-gamma-data/data/generated/vae_repo_90_10_seed42/vae_reconstruction/S07_generator-seed2.npz,50.29559941589832,Hierarchical VAE reconstructions of central real training trials; validation and test remain real.,
success,vae_repo_90_10_seed42,vae_reconstruction,7,2,2,79,0.03448275862068961,0.14583333333333337,0,259,29,288,22,1000,synthetic_vae_reconstruction,/home/jovyan/eeg-repro/high-gamma-data/data/processed/vae_repo_90_10_seed42/real_splits/S07_real_splits.npz,/home/jovyan/eeg-repro/high-gamma-data/data/generated/vae_repo_90_10_seed42/vae_reconstruction/S07_generator-seed2.npz,51.622987318784,Hierarchical VAE reconstructions of central real training trials; validation and test remain real.,
success,vae_repo_90_10_seed42,vae_reconstruction,8,0,0,57,0.13793103448275867,0.1875,0,259,29,288,22,1000,synthetic_vae_reconstruction,/home/jovyan/eeg-repro/high-gamma-data/data/processed/vae_repo_90_10_seed42/real_splits/S08_real_splits.npz,/home/jovyan/eeg-repro/high-gamma-data/data/generated/vae_repo_90_10_seed42/vae_reconstruction/S08_generator-seed0.npz,48.13079545646906,Hierarchical VAE reconstructions of central real training trials; validation and test remain real.,
success,vae_repo_90_10_seed42,vae_reconstruction,8,0,1,54,0.1724137931034483,0.21180555555555558,0,259,29,288,22,1000,synthetic_vae_reconstruction,/home/jovyan/eeg-repro/high-gamma-data/data/processed/vae_repo_90_10_seed42/real_splits/S08_real_splits.npz,/home/jovyan/eeg-repro/high-gamma-data/data/generated/vae_repo_90_10_seed42/vae_reconstruction/S08_generator-seed0.npz,34.85507581010461,Hierarchical VAE reconstructions of central real training trials; validation and test remain real.,
success,vae_repo_90_10_seed42,vae_reconstruction,8,0,2,47,0.2068965517241379,0.23263888888888884,0,259,29,288,22,1000,synthetic_vae_reconstruction,/home/jovyan/eeg-repro/high-gamma-data/data/processed/vae_repo_90_10_seed42/real_splits/S08_real_splits.npz,/home/jovyan/eeg-repro/high-gamma-data/data/generated/vae_repo_90_10_seed42/vae_reconstruction/S08_generator-seed0.npz,30.307474683970213,Hierarchical VAE reconstructions of central real training trials; validation and test remain real.,
success,vae_repo_90_10_seed42,vae_reconstruction,8,1,0,47,0.2068965517241379,0.19791666666666663,0,259,29,288,22,1000,synthetic_vae_reconstruction,/home/jovyan/eeg-repro/high-gamma-data/data/processed/vae_repo_90_10_seed42/real_splits/S08_real_splits.npz,/home/jovyan/eeg-repro/high-gamma-data/data/generated/vae_repo_90_10_seed42/vae_reconstruction/S08_generator-seed1.npz,30.92976503074169,Hierarchical VAE reconstructions of central real training trials; validation and test remain real.,
success,vae_repo_90_10_seed42,vae_reconstruction,8,1,1,34,0.1724137931034483,0.21875,0,259,29,288,22,1000,synthetic_vae_reconstruction,/home/jovyan/eeg-repro/high-gamma-data/data/processed/vae_repo_90_10_seed42/real_splits/S08_real_splits.npz,/home/jovyan/eeg-repro/high-gamma-data/data/generated/vae_repo_90_10_seed42/vae_reconstruction/S08_generator-seed1.npz,32.895402915775776,Hierarchical VAE reconstructions of central real training trials; validation and test remain real.,
success,vae_repo_90_10_seed42,vae_reconstruction,8,1,2,34,0.2068965517241379,0.2465277777777778,0,259,29,288,22,1000,synthetic_vae_reconstruction,/home/jovyan/eeg-repro/high-gamma-data/data/processed/vae_repo_90_10_seed42/real_splits/S08_real_splits.npz,/home/jovyan/eeg-repro/high-gamma-data/data/generated/vae_repo_90_10_seed42/vae_reconstruction/S08_generator-seed1.npz,30.477479618042707,Hierarchical VAE reconstructions of central real training trials; validation and test remain real.,
success,vae_repo_90_10_seed42,vae_reconstruction,8,2,0,67,0.13793103448275867,0.18055555555555558,0,259,29,288,22,1000,synthetic_vae_reconstruction,/home/jovyan/eeg-repro/high-gamma-data/data/processed/vae_repo_90_10_seed42/real_splits/S08_real_splits.npz,/home/jovyan/eeg-repro/high-gamma-data/data/generated/vae_repo_90_10_seed42/vae_reconstruction/S08_generator-seed2.npz,61.15434479340911,Hierarchical VAE reconstructions of central real training trials; validation and test remain real.,
success,vae_repo_90_10_seed42,vae_reconstruction,8,2,1,19,0.1724137931034483,0.2465277777777778,0,259,29,288,22,1000,synthetic_vae_reconstruction,/home/jovyan/eeg-repro/high-gamma-data/data/processed/vae_repo_90_10_seed42/real_splits/S08_real_splits.npz,/home/jovyan/eeg-repro/high-gamma-data/data/generated/vae_repo_90_10_seed42/vae_reconstruction/S08_generator-seed2.npz,32.00129698589444,Hierarchical VAE reconstructions of central real training trials; validation and test remain real.,
success,vae_repo_90_10_seed42,vae_reconstruction,8,2,2,17,0.1724137931034483,0.2569444444444444,0,259,29,288,22,1000,synthetic_vae_reconstruction,/home/jovyan/eeg-repro/high-gamma-data/data/processed/vae_repo_90_10_seed42/real_splits/S08_real_splits.npz,/home/jovyan/eeg-repro/high-gamma-data/data/generated/vae_repo_90_10_seed42/vae_reconstruction/S08_generator-seed2.npz,30.886303961277008,Hierarchical VAE reconstructions of central real training trials; validation and test remain real.,
success,vae_repo_90_10_seed42,vae_reconstruction,9,0,0,70,0.06896551724137934,0.2152777777777778,0,259,29,288,22,1000,synthetic_vae_reconstruction,/home/jovyan/eeg-repro/high-gamma-data/data/processed/vae_repo_90_10_seed42/real_splits/S09_real_splits.npz,/home/jovyan/eeg-repro/high-gamma-data/data/generated/vae_repo_90_10_seed42/vae_reconstruction/S09_generator-seed0.npz,45.248767383396626,Hierarchical VAE reconstructions of central real training trials; validation and test remain real.,
success,vae_repo_90_10_seed42,vae_reconstruction,9,0,1,60,0.10344827586206895,0.20486111111111116,0,259,29,288,22,1000,synthetic_vae_reconstruction,/home/jovyan/eeg-repro/high-gamma-data/data/processed/vae_repo_90_10_seed42/real_splits/S09_real_splits.npz,/home/jovyan/eeg-repro/high-gamma-data/data/generated/vae_repo_90_10_seed42/vae_reconstruction/S09_generator-seed0.npz,39.22507793456316,Hierarchical VAE reconstructions of central real training trials; validation and test remain real.,
success,vae_repo_90_10_seed42,vae_reconstruction,9,0,2,83,0.06896551724137934,0.2465277777777778,0,259,29,288,22,1000,synthetic_vae_reconstruction,/home/jovyan/eeg-repro/high-gamma-data/data/processed/vae_repo_90_10_seed42/real_splits/S09_real_splits.npz,/home/jovyan/eeg-repro/high-gamma-data/data/generated/vae_repo_90_10_seed42/vae_reconstruction/S09_generator-seed0.npz,53.8939750790596,Hierarchical VAE reconstructions of central real training trials; validation and test remain real.,
success,vae_repo_90_10_seed42,vae_reconstruction,9,1,0,77,0.03448275862068961,0.22569444444444442,0,259,29,288,22,1000,synthetic_vae_reconstruction,/home/jovyan/eeg-repro/high-gamma-data/data/processed/vae_repo_90_10_seed42/real_splits/S09_real_splits.npz,/home/jovyan/eeg-repro/high-gamma-data/data/generated/vae_repo_90_10_seed42/vae_reconstruction/S09_generator-seed1.npz,50.36120844259858,Hierarchical VAE reconstructions of central real training trials; validation and test remain real.,
success,vae_repo_90_10_seed42,vae_reconstruction,9,1,1,49,0.03448275862068961,0.2847222222222222,0,259,29,288,22,1000,synthetic_vae_reconstruction,/home/jovyan/eeg-repro/high-gamma-data/data/processed/vae_repo_90_10_seed42/real_splits/S09_real_splits.npz,/home/jovyan/eeg-repro/high-gamma-data/data/generated/vae_repo_90_10_seed42/vae_reconstruction/S09_generator-seed1.npz,50.698409985750914,Hierarchical VAE reconstructions of central real training trials; validation and test remain real.,
success,vae_repo_90_10_seed42,vae_reconstruction,9,1,2,91,0.06896551724137934,0.21875,0,259,29,288,22,1000,synthetic_vae_reconstruction,/home/jovyan/eeg-repro/high-gamma-data/data/processed/vae_repo_90_10_seed42/real_splits/S09_real_splits.npz,/home/jovyan/eeg-repro/high-gamma-data/data/generated/vae_repo_90_10_seed42/vae_reconstruction/S09_generator-seed1.npz,61.6157377846539,Hierarchical VAE reconstructions of central real training trials; validation and test remain real.,
success,vae_repo_90_10_seed42,vae_reconstruction,9,2,0,83,0.03448275862068961,0.2465277777777778,0,259,29,288,22,1000,synthetic_vae_reconstruction,/home/jovyan/eeg-repro/high-gamma-data/data/processed/vae_repo_90_10_seed42/real_splits/S09_real_splits.npz,/home/jovyan/eeg-repro/high-gamma-data/data/generated/vae_repo_90_10_seed42/vae_reconstruction/S09_generator-seed2.npz,62.854208033531904,Hierarchical VAE reconstructions of central real training trials; validation and test remain real.,
success,vae_repo_90_10_seed42,vae_reconstruction,9,2,1,54,0.10344827586206895,0.2465277777777778,0,259,29,288,22,1000,synthetic_vae_reconstruction,/home/jovyan/eeg-repro/high-gamma-data/data/processed/vae_repo_90_10_seed42/real_splits/S09_real_splits.npz,/home/jovyan/eeg-repro/high-gamma-data/data/generated/vae_repo_90_10_seed42/vae_reconstruction/S09_generator-seed2.npz,37.28748758509755,Hierarchical VAE reconstructions of central real training trials; validation and test remain real.,
success,vae_repo_90_10_seed42,vae_reconstruction,9,2,2,66,0.06896551724137934,0.2534722222222222,0,259,29,288,22,1000,synthetic_vae_reconstruction,/home/jovyan/eeg-repro/high-gamma-data/data/processed/vae_repo_90_10_seed42/real_splits/S09_real_splits.npz,/home/jovyan/eeg-repro/high-gamma-data/data/generated/vae_repo_90_10_seed42/vae_reconstruction/S09_generator-seed2.npz,49.512574419379234,Hierarchical VAE reconstructions of central real training trials; validation and test remain real.,
success,vae_repo_90_10_seed42,conditional_vae_generation,1,0,0,0,0.6551724137931034,0.7256944444444444,0,259,29,288,22,1000,synthetic_conditional_vae,/home/jovyan/eeg-repro/high-gamma-data/data/processed/vae_repo_90_10_seed42/real_splits/S01_real_splits.npz,/home/jovyan/eeg-repro/high-gamma-data/data/generated/vae_repo_90_10_seed42/conditional_vae/S01_generator-seed0.npz,19.638371467590332,Class-conditioned VAE samples generated from the latent prior using central training labels; validation and test remain real.,
success,vae_repo_90_10_seed42,conditional_vae_generation,1,0,1,31,0.6896551724137931,0.75,0,259,29,288,22,1000,synthetic_conditional_vae,/home/jovyan/eeg-repro/high-gamma-data/data/processed/vae_repo_90_10_seed42/real_splits/S01_real_splits.npz,/home/jovyan/eeg-repro/high-gamma-data/data/generated/vae_repo_90_10_seed42/conditional_vae/S01_generator-seed0.npz,20.611147083342075,Class-conditioned VAE samples generated from the latent prior using central training labels; validation and test remain real.,
success,vae_repo_90_10_seed42,conditional_vae_generation,1,0,2,30,0.6896551724137931,0.75,0,259,29,288,22,1000,synthetic_conditional_vae,/home/jovyan/eeg-repro/high-gamma-data/data/processed/vae_repo_90_10_seed42/real_splits/S01_real_splits.npz,/home/jovyan/eeg-repro/high-gamma-data/data/generated/vae_repo_90_10_seed42/conditional_vae/S01_generator-seed0.npz,19.906259782612324,Class-conditioned VAE samples generated from the latent prior using central training labels; validation and test remain real.,
success,vae_repo_90_10_seed42,conditional_vae_generation,1,1,0,0,0.6551724137931034,0.7256944444444444,0,259,29,288,22,1000,synthetic_conditional_vae,/home/jovyan/eeg-repro/high-gamma-data/data/processed/vae_repo_90_10_seed42/real_splits/S01_real_splits.npz,/home/jovyan/eeg-repro/high-gamma-data/data/generated/vae_repo_90_10_seed42/conditional_vae/S01_generator-seed1.npz,19.999780923128128,Class-conditioned VAE samples generated from the latent prior using central training labels; validation and test remain real.,
success,vae_repo_90_10_seed42,conditional_vae_generation,1,1,1,19,0.6551724137931034,0.7465277777777778,0,259,29,288,22,1000,synthetic_conditional_vae,/home/jovyan/eeg-repro/high-gamma-data/data/processed/vae_repo_90_10_seed42/real_splits/S01_real_splits.npz,/home/jovyan/eeg-repro/high-gamma-data/data/generated/vae_repo_90_10_seed42/conditional_vae/S01_generator-seed1.npz,31.736006435006857,Class-conditioned VAE samples generated from the latent prior using central training labels; validation and test remain real.,
success,vae_repo_90_10_seed42,conditional_vae_generation,1,1,2,0,0.6896551724137931,0.7465277777777778,0,259,29,288,22,1000,synthetic_conditional_vae,/home/jovyan/eeg-repro/high-gamma-data/data/processed/vae_repo_90_10_seed42/real_splits/S01_real_splits.npz,/home/jovyan/eeg-repro/high-gamma-data/data/generated/vae_repo_90_10_seed42/conditional_vae/S01_generator-seed1.npz,19.489278849214315,Class-conditioned VAE samples generated from the latent prior using central training labels; validation and test remain real.,
success,vae_repo_90_10_seed42,conditional_vae_generation,1,2,0,0,0.6551724137931034,0.7256944444444444,0,259,29,288,22,1000,synthetic_conditional_vae,/home/jovyan/eeg-repro/high-gamma-data/data/processed/vae_repo_90_10_seed42/real_splits/S01_real_splits.npz,/home/jovyan/eeg-repro/high-gamma-data/data/generated/vae_repo_90_10_seed42/conditional_vae/S01_generator-seed2.npz,19.95099913701415,Class-conditioned VAE samples generated from the latent prior using central training labels; validation and test remain real.,
success,vae_repo_90_10_seed42,conditional_vae_generation,1,2,1,0,0.7586206896551724,0.75,0,259,29,288,22,1000,synthetic_conditional_vae,/home/jovyan/eeg-repro/high-gamma-data/data/processed/vae_repo_90_10_seed42/real_splits/S01_real_splits.npz,/home/jovyan/eeg-repro/high-gamma-data/data/generated/vae_repo_90_10_seed42/conditional_vae/S01_generator-seed2.npz,19.476783201098442,Class-conditioned VAE samples generated from the latent prior using central training labels; validation and test remain real.,
success,vae_repo_90_10_seed42,conditional_vae_generation,1,2,2,2,0.6896551724137931,0.7430555555555556,0,259,29,288,22,1000,synthetic_conditional_vae,/home/jovyan/eeg-repro/high-gamma-data/data/processed/vae_repo_90_10_seed42/real_splits/S01_real_splits.npz,/home/jovyan/eeg-repro/high-gamma-data/data/generated/vae_repo_90_10_seed42/conditional_vae/S01_generator-seed2.npz,19.703891079872847,Class-conditioned VAE samples generated from the latent prior using central training labels; validation and test remain real.,
success,vae_repo_90_10_seed42,conditional_vae_generation,2,0,0,37,0.6551724137931034,0.7534722222222222,0,259,29,288,22,1000,synthetic_conditional_vae,/home/jovyan/eeg-repro/high-gamma-data/data/processed/vae_repo_90_10_seed42/real_splits/S02_real_splits.npz,/home/jovyan/eeg-repro/high-gamma-data/data/generated/vae_repo_90_10_seed42/conditional_vae/S02_generator-seed0.npz,36.4972328543663,Class-conditioned VAE samples generated from the latent prior using central training labels; validation and test remain real.,
success,vae_repo_90_10_seed42,conditional_vae_generation,2,0,1,8,0.5862068965517242,0.7256944444444444,0,259,29,288,22,1000,synthetic_conditional_vae,/home/jovyan/eeg-repro/high-gamma-data/data/processed/vae_repo_90_10_seed42/real_splits/S02_real_splits.npz,/home/jovyan/eeg-repro/high-gamma-data/data/generated/vae_repo_90_10_seed42/conditional_vae/S02_generator-seed0.npz,24.89340689778328,Class-conditioned VAE samples generated from the latent prior using central training labels; validation and test remain real.,
success,vae_repo_90_10_seed42,conditional_vae_generation,2,0,2,30,0.6206896551724138,0.7083333333333333,0,259,29,288,22,1000,synthetic_conditional_vae,/home/jovyan/eeg-repro/high-gamma-data/data/processed/vae_repo_90_10_seed42/real_splits/S02_real_splits.npz,/home/jovyan/eeg-repro/high-gamma-data/data/generated/vae_repo_90_10_seed42/conditional_vae/S02_generator-seed0.npz,31.083032466471195,Class-conditioned VAE samples generated from the latent prior using central training labels; validation and test remain real.,
success,vae_repo_90_10_seed42,conditional_vae_generation,2,1,0,29,0.5517241379310345,0.7152777777777778,0,259,29,288,22,1000,synthetic_conditional_vae,/home/jovyan/eeg-repro/high-gamma-data/data/processed/vae_repo_90_10_seed42/real_splits/S02_real_splits.npz,/home/jovyan/eeg-repro/high-gamma-data/data/generated/vae_repo_90_10_seed42/conditional_vae/S02_generator-seed1.npz,21.47704455628991,Class-conditioned VAE samples generated from the latent prior using central training labels; validation and test remain real.,
success,vae_repo_90_10_seed42,conditional_vae_generation,2,1,1,8,0.5172413793103448,0.7534722222222222,0,259,29,288,22,1000,synthetic_conditional_vae,/home/jovyan/eeg-repro/high-gamma-data/data/processed/vae_repo_90_10_seed42/real_splits/S02_real_splits.npz,/home/jovyan/eeg-repro/high-gamma-data/data/generated/vae_repo_90_10_seed42/conditional_vae/S02_generator-seed1.npz,24.522928591817617,Class-conditioned VAE samples generated from the latent prior using central training labels; validation and test remain real.,
success,vae_repo_90_10_seed42,conditional_vae_generation,2,1,2,5,0.5172413793103448,0.7604166666666666,0,259,29,288,22,1000,synthetic_conditional_vae,/home/jovyan/eeg-repro/high-gamma-data/data/processed/vae_repo_90_10_seed42/real_splits/S02_real_splits.npz,/home/jovyan/eeg-repro/high-gamma-data/data/generated/vae_repo_90_10_seed42/conditional_vae/S02_generator-seed1.npz,23.293615113943815,Class-conditioned VAE samples generated from the latent prior using central training labels; validation and test remain real.,
success,vae_repo_90_10_seed42,conditional_vae_generation,2,2,0,25,0.6551724137931034,0.7534722222222222,0,259,29,288,22,1000,synthetic_conditional_vae,/home/jovyan/eeg-repro/high-gamma-data/data/processed/vae_repo_90_10_seed42/real_splits/S02_real_splits.npz,/home/jovyan/eeg-repro/high-gamma-data/data/generated/vae_repo_90_10_seed42/conditional_vae/S02_generator-seed2.npz,35.825995430350304,Class-conditioned VAE samples generated from the latent prior using central training labels; validation and test remain real.,
success,vae_repo_90_10_seed42,conditional_vae_generation,2,2,1,7,0.5862068965517242,0.7534722222222222,0,259,29,288,22,1000,synthetic_conditional_vae,/home/jovyan/eeg-repro/high-gamma-data/data/processed/vae_repo_90_10_seed42/real_splits/S02_real_splits.npz,/home/jovyan/eeg-repro/high-gamma-data/data/generated/vae_repo_90_10_seed42/conditional_vae/S02_generator-seed2.npz,24.331187531352043,Class-conditioned VAE samples generated from the latent prior using central training labels; validation and test remain real.,
success,vae_repo_90_10_seed42,conditional_vae_generation,2,2,2,7,0.6206896551724138,0.75,0,259,29,288,22,1000,synthetic_conditional_vae,/home/jovyan/eeg-repro/high-gamma-data/data/processed/vae_repo_90_10_seed42/real_splits/S02_real_splits.npz,/home/jovyan/eeg-repro/high-gamma-data/data/generated/vae_repo_90_10_seed42/conditional_vae/S02_generator-seed2.npz,24.27019887045026,Class-conditioned VAE samples generated from the latent prior using central training labels; validation and test remain real.,
success,vae_repo_90_10_seed42,conditional_vae_generation,3,0,0,28,0.6206896551724138,0.75,0,259,29,288,22,1000,synthetic_conditional_vae,/home/jovyan/eeg-repro/high-gamma-data/data/processed/vae_repo_90_10_seed42/real_splits/S03_real_splits.npz,/home/jovyan/eeg-repro/high-gamma-data/data/generated/vae_repo_90_10_seed42/conditional_vae/S03_generator-seed0.npz,37.42290656641126,Class-conditioned VAE samples generated from the latent prior using central training labels; validation and test remain real.,
success,vae_repo_90_10_seed42,conditional_vae_generation,3,0,1,38,0.6551724137931034,0.75,0,259,29,288,22,1000,synthetic_conditional_vae,/home/jovyan/eeg-repro/high-gamma-data/data/processed/vae_repo_90_10_seed42/real_splits/S03_real_splits.npz,/home/jovyan/eeg-repro/high-gamma-data/data/generated/vae_repo_90_10_seed42/conditional_vae/S03_generator-seed0.npz,37.51485105603933,Class-conditioned VAE samples generated from the latent prior using central training labels; validation and test remain real.,
success,vae_repo_90_10_seed42,conditional_vae_generation,3,0,2,52,0.6206896551724138,0.7395833333333333,0,259,29,288,22,1000,synthetic_conditional_vae,/home/jovyan/eeg-repro/high-gamma-data/data/processed/vae_repo_90_10_seed42/real_splits/S03_real_splits.npz,/home/jovyan/eeg-repro/high-gamma-data/data/generated/vae_repo_90_10_seed42/conditional_vae/S03_generator-seed0.npz,53.405204128474,Class-conditioned VAE samples generated from the latent prior using central training labels; validation and test remain real.,
success,vae_repo_90_10_seed42,conditional_vae_generation,3,1,0,55,0.5862068965517242,0.7951388888888888,0,259,29,288,22,1000,synthetic_conditional_vae,/home/jovyan/eeg-repro/high-gamma-data/data/processed/vae_repo_90_10_seed42/real_splits/S03_real_splits.npz,/home/jovyan/eeg-repro/high-gamma-data/data/generated/vae_repo_90_10_seed42/conditional_vae/S03_generator-seed1.npz,38.49430791288614,Class-conditioned VAE samples generated from the latent prior using central training labels; validation and test remain real.,
success,vae_repo_90_10_seed42,conditional_vae_generation,3,1,1,65,0.5517241379310345,0.7569444444444444,0,259,29,288,22,1000,synthetic_conditional_vae,/home/jovyan/eeg-repro/high-gamma-data/data/processed/vae_repo_90_10_seed42/real_splits/S03_real_splits.npz,/home/jovyan/eeg-repro/high-gamma-data/data/generated/vae_repo_90_10_seed42/conditional_vae/S03_generator-seed1.npz,61.87437495216727,Class-conditioned VAE samples generated from the latent prior using central training labels; validation and test remain real.,
success,vae_repo_90_10_seed42,conditional_vae_generation,3,1,2,35,0.6896551724137931,0.7708333333333334,0,259,29,288,22,1000,synthetic_conditional_vae,/home/jovyan/eeg-repro/high-gamma-data/data/processed/vae_repo_90_10_seed42/real_splits/S03_real_splits.npz,/home/jovyan/eeg-repro/high-gamma-data/data/generated/vae_repo_90_10_seed42/conditional_vae/S03_generator-seed1.npz,23.71176176890731,Class-conditioned VAE samples generated from the latent prior using central training labels; validation and test remain real.,
success,vae_repo_90_10_seed42,conditional_vae_generation,3,2,0,1,0.7931034482758621,0.75,0,259,29,288,22,1000,synthetic_conditional_vae,/home/jovyan/eeg-repro/high-gamma-data/data/processed/vae_repo_90_10_seed42/real_splits/S03_real_splits.npz,/home/jovyan/eeg-repro/high-gamma-data/data/generated/vae_repo_90_10_seed42/conditional_vae/S03_generator-seed2.npz,20.580252725631,Class-conditioned VAE samples generated from the latent prior using central training labels; validation and test remain real.,
success,vae_repo_90_10_seed42,conditional_vae_generation,3,2,1,0,0.6896551724137931,0.75,0,259,29,288,22,1000,synthetic_conditional_vae,/home/jovyan/eeg-repro/high-gamma-data/data/processed/vae_repo_90_10_seed42/real_splits/S03_real_splits.npz,/home/jovyan/eeg-repro/high-gamma-data/data/generated/vae_repo_90_10_seed42/conditional_vae/S03_generator-seed2.npz,19.59077074378729,Class-conditioned VAE samples generated from the latent prior using central training labels; validation and test remain real.,
success,vae_repo_90_10_seed42,conditional_vae_generation,3,2,2,30,0.8275862068965517,0.75,0,259,29,288,22,1000,synthetic_conditional_vae,/home/jovyan/eeg-repro/high-gamma-data/data/processed/vae_repo_90_10_seed42/real_splits/S03_real_splits.npz,/home/jovyan/eeg-repro/high-gamma-data/data/generated/vae_repo_90_10_seed42/conditional_vae/S03_generator-seed2.npz,19.94463373348117,Class-conditioned VAE samples generated from the latent prior using central training labels; validation and test remain real.,
success,vae_repo_90_10_seed42,conditional_vae_generation,4,0,0,31,0.6896551724137931,0.7048611111111112,0,259,29,288,22,1000,synthetic_conditional_vae,/home/jovyan/eeg-repro/high-gamma-data/data/processed/vae_repo_90_10_seed42/real_splits/S04_real_splits.npz,/home/jovyan/eeg-repro/high-gamma-data/data/generated/vae_repo_90_10_seed42/conditional_vae/S04_generator-seed0.npz,20.092639736831188,Class-conditioned VAE samples generated from the latent prior using central training labels; validation and test remain real.,
success,vae_repo_90_10_seed42,conditional_vae_generation,4,0,1,58,0.6206896551724138,0.6805555555555556,0,259,29,288,22,1000,synthetic_conditional_vae,/home/jovyan/eeg-repro/high-gamma-data/data/processed/vae_repo_90_10_seed42/real_splits/S04_real_splits.npz,/home/jovyan/eeg-repro/high-gamma-data/data/generated/vae_repo_90_10_seed42/conditional_vae/S04_generator-seed0.npz,53.39013804867864,Class-conditioned VAE samples generated from the latent prior using central training labels; validation and test remain real.,
success,vae_repo_90_10_seed42,conditional_vae_generation,4,0,2,30,0.6896551724137931,0.7465277777777778,0,259,29,288,22,1000,synthetic_conditional_vae,/home/jovyan/eeg-repro/high-gamma-data/data/processed/vae_repo_90_10_seed42/real_splits/S04_real_splits.npz,/home/jovyan/eeg-repro/high-gamma-data/data/generated/vae_repo_90_10_seed42/conditional_vae/S04_generator-seed0.npz,20.38768033310771,Class-conditioned VAE samples generated from the latent prior using central training labels; validation and test remain real.,
success,vae_repo_90_10_seed42,conditional_vae_generation,4,1,0,0,0.7241379310344828,0.7708333333333334,0,259,29,288,22,1000,synthetic_conditional_vae,/home/jovyan/eeg-repro/high-gamma-data/data/processed/vae_repo_90_10_seed42/real_splits/S04_real_splits.npz,/home/jovyan/eeg-repro/high-gamma-data/data/generated/vae_repo_90_10_seed42/conditional_vae/S04_generator-seed1.npz,19.352893505245447,Class-conditioned VAE samples generated from the latent prior using central training labels; validation and test remain real.,
success,vae_repo_90_10_seed42,conditional_vae_generation,4,1,1,0,0.6896551724137931,0.75,0,259,29,288,22,1000,synthetic_conditional_vae,/home/jovyan/eeg-repro/high-gamma-data/data/processed/vae_repo_90_10_seed42/real_splits/S04_real_splits.npz,/home/jovyan/eeg-repro/high-gamma-data/data/generated/vae_repo_90_10_seed42/conditional_vae/S04_generator-seed1.npz,19.228255081921816,Class-conditioned VAE samples generated from the latent prior using central training labels; validation and test remain real.,
success,vae_repo_90_10_seed42,conditional_vae_generation,4,1,2,31,0.7586206896551724,0.75,0,259,29,288,22,1000,synthetic_conditional_vae,/home/jovyan/eeg-repro/high-gamma-data/data/processed/vae_repo_90_10_seed42/real_splits/S04_real_splits.npz,/home/jovyan/eeg-repro/high-gamma-data/data/generated/vae_repo_90_10_seed42/conditional_vae/S04_generator-seed1.npz,20.295232605189085,Class-conditioned VAE samples generated from the latent prior using central training labels; validation and test remain real.,
success,vae_repo_90_10_seed42,conditional_vae_generation,4,2,0,41,0.6206896551724138,0.6284722222222222,0,259,29,288,22,1000,synthetic_conditional_vae,/home/jovyan/eeg-repro/high-gamma-data/data/processed/vae_repo_90_10_seed42/real_splits/S04_real_splits.npz,/home/jovyan/eeg-repro/high-gamma-data/data/generated/vae_repo_90_10_seed42/conditional_vae/S04_generator-seed2.npz,35.51056627929211,Class-conditioned VAE samples generated from the latent prior using central training labels; validation and test remain real.,
success,vae_repo_90_10_seed42,conditional_vae_generation,4,2,1,29,0.6206896551724138,0.6701388888888888,0,259,29,288,22,1000,synthetic_conditional_vae,/home/jovyan/eeg-repro/high-gamma-data/data/processed/vae_repo_90_10_seed42/real_splits/S04_real_splits.npz,/home/jovyan/eeg-repro/high-gamma-data/data/generated/vae_repo_90_10_seed42/conditional_vae/S04_generator-seed2.npz,38.349352706223726,Class-conditioned VAE samples generated from the latent prior using central training labels; validation and test remain real.,
success,vae_repo_90_10_seed42,conditional_vae_generation,4,2,2,26,0.6206896551724138,0.6736111111111112,0,259,29,288,22,1000,synthetic_conditional_vae,/home/jovyan/eeg-repro/high-gamma-data/data/processed/vae_repo_90_10_seed42/real_splits/S04_real_splits.npz,/home/jovyan/eeg-repro/high-gamma-data/data/generated/vae_repo_90_10_seed42/conditional_vae/S04_generator-seed2.npz,35.94518433883786,Class-conditioned VAE samples generated from the latent prior using central training labels; validation and test remain real.,
success,vae_repo_90_10_seed42,conditional_vae_generation,5,0,0,25,0.6551724137931034,0.71875,0,259,29,288,22,1000,synthetic_conditional_vae,/home/jovyan/eeg-repro/high-gamma-data/data/processed/vae_repo_90_10_seed42/real_splits/S05_real_splits.npz,/home/jovyan/eeg-repro/high-gamma-data/data/generated/vae_repo_90_10_seed42/conditional_vae/S05_generator-seed0.npz,21.691251408308744,Class-conditioned VAE samples generated from the latent prior using central training labels; validation and test remain real.,
success,vae_repo_90_10_seed42,conditional_vae_generation,5,0,1,26,0.6896551724137931,0.75,0,259,29,288,22,1000,synthetic_conditional_vae,/home/jovyan/eeg-repro/high-gamma-data/data/processed/vae_repo_90_10_seed42/real_splits/S05_real_splits.npz,/home/jovyan/eeg-repro/high-gamma-data/data/generated/vae_repo_90_10_seed42/conditional_vae/S05_generator-seed0.npz,19.527117256075144,Class-conditioned VAE samples generated from the latent prior using central training labels; validation and test remain real.,
success,vae_repo_90_10_seed42,conditional_vae_generation,5,0,2,25,0.6896551724137931,0.75,0,259,29,288,22,1000,synthetic_conditional_vae,/home/jovyan/eeg-repro/high-gamma-data/data/processed/vae_repo_90_10_seed42/real_splits/S05_real_splits.npz,/home/jovyan/eeg-repro/high-gamma-data/data/generated/vae_repo_90_10_seed42/conditional_vae/S05_generator-seed0.npz,22.672175623476505,Class-conditioned VAE samples generated from the latent prior using central training labels; validation and test remain real.,
success,vae_repo_90_10_seed42,conditional_vae_generation,5,1,0,7,0.6551724137931034,0.75,0,259,29,288,22,1000,synthetic_conditional_vae,/home/jovyan/eeg-repro/high-gamma-data/data/processed/vae_repo_90_10_seed42/real_splits/S05_real_splits.npz,/home/jovyan/eeg-repro/high-gamma-data/data/generated/vae_repo_90_10_seed42/conditional_vae/S05_generator-seed1.npz,22.778331492096186,Class-conditioned VAE samples generated from the latent prior using central training labels; validation and test remain real.,
success,vae_repo_90_10_seed42,conditional_vae_generation,5,1,1,18,0.6206896551724138,0.7569444444444444,0,259,29,288,22,1000,synthetic_conditional_vae,/home/jovyan/eeg-repro/high-gamma-data/data/processed/vae_repo_90_10_seed42/real_splits/S05_real_splits.npz,/home/jovyan/eeg-repro/high-gamma-data/data/generated/vae_repo_90_10_seed42/conditional_vae/S05_generator-seed1.npz,30.792838130146265,Class-conditioned VAE samples generated from the latent prior using central training labels; validation and test remain real.,
success,vae_repo_90_10_seed42,conditional_vae_generation,5,1,2,13,0.5862068965517242,0.7604166666666666,0,259,29,288,22,1000,synthetic_conditional_vae,/home/jovyan/eeg-repro/high-gamma-data/data/processed/vae_repo_90_10_seed42/real_splits/S05_real_splits.npz,/home/jovyan/eeg-repro/high-gamma-data/data/generated/vae_repo_90_10_seed42/conditional_vae/S05_generator-seed1.npz,27.912365339696407,Class-conditioned VAE samples generated from the latent prior using central training labels; validation and test remain real.,
success,vae_repo_90_10_seed42,conditional_vae_generation,5,2,0,52,0.6896551724137931,0.75,0,259,29,288,22,1000,synthetic_conditional_vae,/home/jovyan/eeg-repro/high-gamma-data/data/processed/vae_repo_90_10_seed42/real_splits/S05_real_splits.npz,/home/jovyan/eeg-repro/high-gamma-data/data/generated/vae_repo_90_10_seed42/conditional_vae/S05_generator-seed2.npz,34.52492471784353,Class-conditioned VAE samples generated from the latent prior using central training labels; validation and test remain real.,
success,vae_repo_90_10_seed42,conditional_vae_generation,5,2,1,0,0.6896551724137931,0.75,0,259,29,288,22,1000,synthetic_conditional_vae,/home/jovyan/eeg-repro/high-gamma-data/data/processed/vae_repo_90_10_seed42/real_splits/S05_real_splits.npz,/home/jovyan/eeg-repro/high-gamma-data/data/generated/vae_repo_90_10_seed42/conditional_vae/S05_generator-seed2.npz,19.68827462568879,Class-conditioned VAE samples generated from the latent prior using central training labels; validation and test remain real.,
success,vae_repo_90_10_seed42,conditional_vae_generation,5,2,2,46,0.6551724137931034,0.7916666666666666,0,259,29,288,22,1000,synthetic_conditional_vae,/home/jovyan/eeg-repro/high-gamma-data/data/processed/vae_repo_90_10_seed42/real_splits/S05_real_splits.npz,/home/jovyan/eeg-repro/high-gamma-data/data/generated/vae_repo_90_10_seed42/conditional_vae/S05_generator-seed2.npz,49.41624363139272,Class-conditioned VAE samples generated from the latent prior using central training labels; validation and test remain real.,
success,vae_repo_90_10_seed42,conditional_vae_generation,6,0,0,4,0.6896551724137931,0.7534722222222222,0,259,29,288,22,1000,synthetic_conditional_vae,/home/jovyan/eeg-repro/high-gamma-data/data/processed/vae_repo_90_10_seed42/real_splits/S06_real_splits.npz,/home/jovyan/eeg-repro/high-gamma-data/data/generated/vae_repo_90_10_seed42/conditional_vae/S06_generator-seed0.npz,20.051487062126398,Class-conditioned VAE samples generated from the latent prior using central training labels; validation and test remain real.,
success,vae_repo_90_10_seed42,conditional_vae_generation,6,0,1,6,0.6896551724137931,0.75,0,259,29,288,22,1000,synthetic_conditional_vae,/home/jovyan/eeg-repro/high-gamma-data/data/processed/vae_repo_90_10_seed42/real_splits/S06_real_splits.npz,/home/jovyan/eeg-repro/high-gamma-data/data/generated/vae_repo_90_10_seed42/conditional_vae/S06_generator-seed0.npz,20.657724488526583,Class-conditioned VAE samples generated from the latent prior using central training labels; validation and test remain real.,
success,vae_repo_90_10_seed42,conditional_vae_generation,6,0,2,5,0.6896551724137931,0.75,0,259,29,288,22,1000,synthetic_conditional_vae,/home/jovyan/eeg-repro/high-gamma-data/data/processed/vae_repo_90_10_seed42/real_splits/S06_real_splits.npz,/home/jovyan/eeg-repro/high-gamma-data/data/generated/vae_repo_90_10_seed42/conditional_vae/S06_generator-seed0.npz,20.94848531112075,Class-conditioned VAE samples generated from the latent prior using central training labels; validation and test remain real.,
success,vae_repo_90_10_seed42,conditional_vae_generation,6,1,0,31,0.6896551724137931,0.75,0,259,29,288,22,1000,synthetic_conditional_vae,/home/jovyan/eeg-repro/high-gamma-data/data/processed/vae_repo_90_10_seed42/real_splits/S06_real_splits.npz,/home/jovyan/eeg-repro/high-gamma-data/data/generated/vae_repo_90_10_seed42/conditional_vae/S06_generator-seed1.npz,20.46255449578166,Class-conditioned VAE samples generated from the latent prior using central training labels; validation and test remain real.,
success,vae_repo_90_10_seed42,conditional_vae_generation,6,1,1,31,0.6896551724137931,0.75,0,259,29,288,22,1000,synthetic_conditional_vae,/home/jovyan/eeg-repro/high-gamma-data/data/processed/vae_repo_90_10_seed42/real_splits/S06_real_splits.npz,/home/jovyan/eeg-repro/high-gamma-data/data/generated/vae_repo_90_10_seed42/conditional_vae/S06_generator-seed1.npz,20.409997332841158,Class-conditioned VAE samples generated from the latent prior using central training labels; validation and test remain real.,
success,vae_repo_90_10_seed42,conditional_vae_generation,6,1,2,3,0.6206896551724138,0.7395833333333333,0,259,29,288,22,1000,synthetic_conditional_vae,/home/jovyan/eeg-repro/high-gamma-data/data/processed/vae_repo_90_10_seed42/real_splits/S06_real_splits.npz,/home/jovyan/eeg-repro/high-gamma-data/data/generated/vae_repo_90_10_seed42/conditional_vae/S06_generator-seed1.npz,21.932998154312372,Class-conditioned VAE samples generated from the latent prior using central training labels; validation and test remain real.,
success,vae_repo_90_10_seed42,conditional_vae_generation,6,2,0,31,0.6896551724137931,0.75,0,259,29,288,22,1000,synthetic_conditional_vae,/home/jovyan/eeg-repro/high-gamma-data/data/processed/vae_repo_90_10_seed42/real_splits/S06_real_splits.npz,/home/jovyan/eeg-repro/high-gamma-data/data/generated/vae_repo_90_10_seed42/conditional_vae/S06_generator-seed2.npz,20.424924045801163,Class-conditioned VAE samples generated from the latent prior using central training labels; validation and test remain real.,
success,vae_repo_90_10_seed42,conditional_vae_generation,6,2,1,31,0.6896551724137931,0.75,0,259,29,288,22,1000,synthetic_conditional_vae,/home/jovyan/eeg-repro/high-gamma-data/data/processed/vae_repo_90_10_seed42/real_splits/S06_real_splits.npz,/home/jovyan/eeg-repro/high-gamma-data/data/generated/vae_repo_90_10_seed42/conditional_vae/S06_generator-seed2.npz,21.079292729496956,Class-conditioned VAE samples generated from the latent prior using central training labels; validation and test remain real.,
success,vae_repo_90_10_seed42,conditional_vae_generation,6,2,2,31,0.6896551724137931,0.75,0,259,29,288,22,1000,synthetic_conditional_vae,/home/jovyan/eeg-repro/high-gamma-data/data/processed/vae_repo_90_10_seed42/real_splits/S06_real_splits.npz,/home/jovyan/eeg-repro/high-gamma-data/data/generated/vae_repo_90_10_seed42/conditional_vae/S06_generator-seed2.npz,20.5942270308733,Class-conditioned VAE samples generated from the latent prior using central training labels; validation and test remain real.,
success,vae_repo_90_10_seed42,conditional_vae_generation,7,0,0,28,0.7241379310344828,0.7847222222222222,0,259,29,288,22,1000,synthetic_conditional_vae,/home/jovyan/eeg-repro/high-gamma-data/data/processed/vae_repo_90_10_seed42/real_splits/S07_real_splits.npz,/home/jovyan/eeg-repro/high-gamma-data/data/generated/vae_repo_90_10_seed42/conditional_vae/S07_generator-seed0.npz,19.73493018373847,Class-conditioned VAE samples generated from the latent prior using central training labels; validation and test remain real.,
success,vae_repo_90_10_seed42,conditional_vae_generation,7,0,1,1,0.6896551724137931,0.7673611111111112,0,259,29,288,22,1000,synthetic_conditional_vae,/home/jovyan/eeg-repro/high-gamma-data/data/processed/vae_repo_90_10_seed42/real_splits/S07_real_splits.npz,/home/jovyan/eeg-repro/high-gamma-data/data/generated/vae_repo_90_10_seed42/conditional_vae/S07_generator-seed0.npz,19.75464804843068,Class-conditioned VAE samples generated from the latent prior using central training labels; validation and test remain real.,
success,vae_repo_90_10_seed42,conditional_vae_generation,7,0,2,29,0.7931034482758621,0.75,0,259,29,288,22,1000,synthetic_conditional_vae,/home/jovyan/eeg-repro/high-gamma-data/data/processed/vae_repo_90_10_seed42/real_splits/S07_real_splits.npz,/home/jovyan/eeg-repro/high-gamma-data/data/generated/vae_repo_90_10_seed42/conditional_vae/S07_generator-seed0.npz,19.44312582910061,Class-conditioned VAE samples generated from the latent prior using central training labels; validation and test remain real.,
success,vae_repo_90_10_seed42,conditional_vae_generation,7,1,0,1,0.6896551724137931,0.75,0,259,29,288,22,1000,synthetic_conditional_vae,/home/jovyan/eeg-repro/high-gamma-data/data/processed/vae_repo_90_10_seed42/real_splits/S07_real_splits.npz,/home/jovyan/eeg-repro/high-gamma-data/data/generated/vae_repo_90_10_seed42/conditional_vae/S07_generator-seed1.npz,20.20280995592475,Class-conditioned VAE samples generated from the latent prior using central training labels; validation and test remain real.,
success,vae_repo_90_10_seed42,conditional_vae_generation,7,1,1,2,0.6896551724137931,0.75,0,259,29,288,22,1000,synthetic_conditional_vae,/home/jovyan/eeg-repro/high-gamma-data/data/processed/vae_repo_90_10_seed42/real_splits/S07_real_splits.npz,/home/jovyan/eeg-repro/high-gamma-data/data/generated/vae_repo_90_10_seed42/conditional_vae/S07_generator-seed1.npz,19.405213702470064,Class-conditioned VAE samples generated from the latent prior using central training labels; validation and test remain real.,
success,vae_repo_90_10_seed42,conditional_vae_generation,7,1,2,38,0.7586206896551724,0.75,0,259,29,288,22,1000,synthetic_conditional_vae,/home/jovyan/eeg-repro/high-gamma-data/data/processed/vae_repo_90_10_seed42/real_splits/S07_real_splits.npz,/home/jovyan/eeg-repro/high-gamma-data/data/generated/vae_repo_90_10_seed42/conditional_vae/S07_generator-seed1.npz,35.09261704236269,Class-conditioned VAE samples generated from the latent prior using central training labels; validation and test remain real.,
success,vae_repo_90_10_seed42,conditional_vae_generation,7,2,0,0,0.7241379310344828,0.65625,0,259,29,288,22,1000,synthetic_conditional_vae,/home/jovyan/eeg-repro/high-gamma-data/data/processed/vae_repo_90_10_seed42/real_splits/S07_real_splits.npz,/home/jovyan/eeg-repro/high-gamma-data/data/generated/vae_repo_90_10_seed42/conditional_vae/S07_generator-seed2.npz,19.90504625067115,Class-conditioned VAE samples generated from the latent prior using central training labels; validation and test remain real.,
success,vae_repo_90_10_seed42,conditional_vae_generation,7,2,1,0,0.6896551724137931,0.75,0,259,29,288,22,1000,synthetic_conditional_vae,/home/jovyan/eeg-repro/high-gamma-data/data/processed/vae_repo_90_10_seed42/real_splits/S07_real_splits.npz,/home/jovyan/eeg-repro/high-gamma-data/data/generated/vae_repo_90_10_seed42/conditional_vae/S07_generator-seed2.npz,19.802835512906313,Class-conditioned VAE samples generated from the latent prior using central training labels; validation and test remain real.,
success,vae_repo_90_10_seed42,conditional_vae_generation,7,2,2,5,0.7586206896551724,0.7743055555555556,0,259,29,288,22,1000,synthetic_conditional_vae,/home/jovyan/eeg-repro/high-gamma-data/data/processed/vae_repo_90_10_seed42/real_splits/S07_real_splits.npz,/home/jovyan/eeg-repro/high-gamma-data/data/generated/vae_repo_90_10_seed42/conditional_vae/S07_generator-seed2.npz,22.706784706562757,Class-conditioned VAE samples generated from the latent prior using central training labels; validation and test remain real.,
success,vae_repo_90_10_seed42,conditional_vae_generation,8,0,0,9,0.7931034482758621,0.75,0,259,29,288,22,1000,synthetic_conditional_vae,/home/jovyan/eeg-repro/high-gamma-data/data/processed/vae_repo_90_10_seed42/real_splits/S08_real_splits.npz,/home/jovyan/eeg-repro/high-gamma-data/data/generated/vae_repo_90_10_seed42/conditional_vae/S08_generator-seed0.npz,20.42981554195285,Class-conditioned VAE samples generated from the latent prior using central training labels; validation and test remain real.,
success,vae_repo_90_10_seed42,conditional_vae_generation,8,0,1,0,0.6896551724137931,0.75,0,259,29,288,22,1000,synthetic_conditional_vae,/home/jovyan/eeg-repro/high-gamma-data/data/processed/vae_repo_90_10_seed42/real_splits/S08_real_splits.npz,/home/jovyan/eeg-repro/high-gamma-data/data/generated/vae_repo_90_10_seed42/conditional_vae/S08_generator-seed0.npz,19.67239459976554,Class-conditioned VAE samples generated from the latent prior using central training labels; validation and test remain real.,
success,vae_repo_90_10_seed42,conditional_vae_generation,8,0,2,13,0.7586206896551724,0.7986111111111112,0,259,29,288,22,1000,synthetic_conditional_vae,/home/jovyan/eeg-repro/high-gamma-data/data/processed/vae_repo_90_10_seed42/real_splits/S08_real_splits.npz,/home/jovyan/eeg-repro/high-gamma-data/data/generated/vae_repo_90_10_seed42/conditional_vae/S08_generator-seed0.npz,27.844190686941147,Class-conditioned VAE samples generated from the latent prior using central training labels; validation and test remain real.,
success,vae_repo_90_10_seed42,conditional_vae_generation,8,1,0,14,0.6896551724137931,0.75,0,259,29,288,22,1000,synthetic_conditional_vae,/home/jovyan/eeg-repro/high-gamma-data/data/processed/vae_repo_90_10_seed42/real_splits/S08_real_splits.npz,/home/jovyan/eeg-repro/high-gamma-data/data/generated/vae_repo_90_10_seed42/conditional_vae/S08_generator-seed1.npz,20.48149710148573,Class-conditioned VAE samples generated from the latent prior using central training labels; validation and test remain real.,
success,vae_repo_90_10_seed42,conditional_vae_generation,8,1,1,23,0.6896551724137931,0.7673611111111112,0,259,29,288,22,1000,synthetic_conditional_vae,/home/jovyan/eeg-repro/high-gamma-data/data/processed/vae_repo_90_10_seed42/real_splits/S08_real_splits.npz,/home/jovyan/eeg-repro/high-gamma-data/data/generated/vae_repo_90_10_seed42/conditional_vae/S08_generator-seed1.npz,20.10104076936841,Class-conditioned VAE samples generated from the latent prior using central training labels; validation and test remain real.,
success,vae_repo_90_10_seed42,conditional_vae_generation,8,1,2,6,0.6896551724137931,0.75,0,259,29,288,22,1000,synthetic_conditional_vae,/home/jovyan/eeg-repro/high-gamma-data/data/processed/vae_repo_90_10_seed42/real_splits/S08_real_splits.npz,/home/jovyan/eeg-repro/high-gamma-data/data/generated/vae_repo_90_10_seed42/conditional_vae/S08_generator-seed1.npz,21.242278661578894,Class-conditioned VAE samples generated from the latent prior using central training labels; validation and test remain real.,
success,vae_repo_90_10_seed42,conditional_vae_generation,8,2,0,31,0.7931034482758621,0.75,0,259,29,288,22,1000,synthetic_conditional_vae,/home/jovyan/eeg-repro/high-gamma-data/data/processed/vae_repo_90_10_seed42/real_splits/S08_real_splits.npz,/home/jovyan/eeg-repro/high-gamma-data/data/generated/vae_repo_90_10_seed42/conditional_vae/S08_generator-seed2.npz,20.47346319258213,Class-conditioned VAE samples generated from the latent prior using central training labels; validation and test remain real.,
success,vae_repo_90_10_seed42,conditional_vae_generation,8,2,1,0,0.6896551724137931,0.75,0,259,29,288,22,1000,synthetic_conditional_vae,/home/jovyan/eeg-repro/high-gamma-data/data/processed/vae_repo_90_10_seed42/real_splits/S08_real_splits.npz,/home/jovyan/eeg-repro/high-gamma-data/data/generated/vae_repo_90_10_seed42/conditional_vae/S08_generator-seed2.npz,19.652505662292242,Class-conditioned VAE samples generated from the latent prior using central training labels; validation and test remain real.,
success,vae_repo_90_10_seed42,conditional_vae_generation,8,2,2,32,0.7931034482758621,0.75,0,259,29,288,22,1000,synthetic_conditional_vae,/home/jovyan/eeg-repro/high-gamma-data/data/processed/vae_repo_90_10_seed42/real_splits/S08_real_splits.npz,/home/jovyan/eeg-repro/high-gamma-data/data/generated/vae_repo_90_10_seed42/conditional_vae/S08_generator-seed2.npz,21.279799710959196,Class-conditioned VAE samples generated from the latent prior using central training labels; validation and test remain real.,
success,vae_repo_90_10_seed42,conditional_vae_generation,9,0,0,28,0.6551724137931034,0.7222222222222222,0,259,29,288,22,1000,synthetic_conditional_vae,/home/jovyan/eeg-repro/high-gamma-data/data/processed/vae_repo_90_10_seed42/real_splits/S09_real_splits.npz,/home/jovyan/eeg-repro/high-gamma-data/data/generated/vae_repo_90_10_seed42/conditional_vae/S09_generator-seed0.npz,34.49001455307007,Class-conditioned VAE samples generated from the latent prior using central training labels; validation and test remain real.,
success,vae_repo_90_10_seed42,conditional_vae_generation,9,0,1,1,0.6551724137931034,0.7222222222222222,0,259,29,288,22,1000,synthetic_conditional_vae,/home/jovyan/eeg-repro/high-gamma-data/data/processed/vae_repo_90_10_seed42/real_splits/S09_real_splits.npz,/home/jovyan/eeg-repro/high-gamma-data/data/generated/vae_repo_90_10_seed42/conditional_vae/S09_generator-seed0.npz,20.487468596547842,Class-conditioned VAE samples generated from the latent prior using central training labels; validation and test remain real.,
success,vae_repo_90_10_seed42,conditional_vae_generation,9,0,2,26,0.6896551724137931,0.7222222222222222,0,259,29,288,22,1000,synthetic_conditional_vae,/home/jovyan/eeg-repro/high-gamma-data/data/processed/vae_repo_90_10_seed42/real_splits/S09_real_splits.npz,/home/jovyan/eeg-repro/high-gamma-data/data/generated/vae_repo_90_10_seed42/conditional_vae/S09_generator-seed0.npz,20.391772117465734,Class-conditioned VAE samples generated from the latent prior using central training labels; validation and test remain real.,
success,vae_repo_90_10_seed42,conditional_vae_generation,9,1,0,2,0.7241379310344828,0.75,0,259,29,288,22,1000,synthetic_conditional_vae,/home/jovyan/eeg-repro/high-gamma-data/data/processed/vae_repo_90_10_seed42/real_splits/S09_real_splits.npz,/home/jovyan/eeg-repro/high-gamma-data/data/generated/vae_repo_90_10_seed42/conditional_vae/S09_generator-seed1.npz,19.67252489924431,Class-conditioned VAE samples generated from the latent prior using central training labels; validation and test remain real.,
success,vae_repo_90_10_seed42,conditional_vae_generation,9,1,1,2,0.7241379310344828,0.75,0,259,29,288,22,1000,synthetic_conditional_vae,/home/jovyan/eeg-repro/high-gamma-data/data/processed/vae_repo_90_10_seed42/real_splits/S09_real_splits.npz,/home/jovyan/eeg-repro/high-gamma-data/data/generated/vae_repo_90_10_seed42/conditional_vae/S09_generator-seed1.npz,20.093533117324114,Class-conditioned VAE samples generated from the latent prior using central training labels; validation and test remain real.,
success,vae_repo_90_10_seed42,conditional_vae_generation,9,1,2,7,0.7241379310344828,0.7256944444444444,0,259,29,288,22,1000,synthetic_conditional_vae,/home/jovyan/eeg-repro/high-gamma-data/data/processed/vae_repo_90_10_seed42/real_splits/S09_real_splits.npz,/home/jovyan/eeg-repro/high-gamma-data/data/generated/vae_repo_90_10_seed42/conditional_vae/S09_generator-seed1.npz,19.750871654599905,Class-conditioned VAE samples generated from the latent prior using central training labels; validation and test remain real.,
success,vae_repo_90_10_seed42,conditional_vae_generation,9,2,0,0,0.7241379310344828,0.7465277777777778,0,259,29,288,22,1000,synthetic_conditional_vae,/home/jovyan/eeg-repro/high-gamma-data/data/processed/vae_repo_90_10_seed42/real_splits/S09_real_splits.npz,/home/jovyan/eeg-repro/high-gamma-data/data/generated/vae_repo_90_10_seed42/conditional_vae/S09_generator-seed2.npz,19.67130672559142,Class-conditioned VAE samples generated from the latent prior using central training labels; validation and test remain real.,
success,vae_repo_90_10_seed42,conditional_vae_generation,9,2,1,65,0.5172413793103448,0.75,0,259,29,288,22,1000,synthetic_conditional_vae,/home/jovyan/eeg-repro/high-gamma-data/data/processed/vae_repo_90_10_seed42/real_splits/S09_real_splits.npz,/home/jovyan/eeg-repro/high-gamma-data/data/generated/vae_repo_90_10_seed42/conditional_vae/S09_generator-seed2.npz,61.63898526504636,Class-conditioned VAE samples generated from the latent prior using central training labels; validation and test remain real.,
success,vae_repo_90_10_seed42,conditional_vae_generation,9,2,2,3,0.6551724137931034,0.6736111111111112,0,259,29,288,22,1000,synthetic_conditional_vae,/home/jovyan/eeg-repro/high-gamma-data/data/processed/vae_repo_90_10_seed42/real_splits/S09_real_splits.npz,/home/jovyan/eeg-repro/high-gamma-data/data/generated/vae_repo_90_10_seed42/conditional_vae/S09_generator-seed2.npz,21.676930390298367,Class-conditioned VAE samples generated from the latent prior using central training labels; validation and test remain real.,
success,vae_repo_90_10_seed42,class_specific_vae_generation,1,0,0,0,0.6551724137931034,0.7256944444444444,0,259,29,288,22,1000,synthetic_class_specific_vae,/home/jovyan/eeg-repro/high-gamma-data/data/processed/vae_repo_90_10_seed42/real_splits/S01_real_splits.npz,/home/jovyan/eeg-repro/high-gamma-data/data/generated/vae_repo_90_10_seed42/class_specific_vae/S01_generator-seed0.npz,20.6302625015378,Four independent class-specific hierarchical hvEEGNet VAEs; genuine prior generation; validation and test remain real.,
success,vae_repo_90_10_seed42,class_specific_vae_generation,1,0,1,31,0.6896551724137931,0.75,0,259,29,288,22,1000,synthetic_class_specific_vae,/home/jovyan/eeg-repro/high-gamma-data/data/processed/vae_repo_90_10_seed42/real_splits/S01_real_splits.npz,/home/jovyan/eeg-repro/high-gamma-data/data/generated/vae_repo_90_10_seed42/class_specific_vae/S01_generator-seed0.npz,20.50552896782756,Four independent class-specific hierarchical hvEEGNet VAEs; genuine prior generation; validation and test remain real.,
success,vae_repo_90_10_seed42,class_specific_vae_generation,1,0,2,30,0.6896551724137931,0.75,0,259,29,288,22,1000,synthetic_class_specific_vae,/home/jovyan/eeg-repro/high-gamma-data/data/processed/vae_repo_90_10_seed42/real_splits/S01_real_splits.npz,/home/jovyan/eeg-repro/high-gamma-data/data/generated/vae_repo_90_10_seed42/class_specific_vae/S01_generator-seed0.npz,19.78876256942749,Four independent class-specific hierarchical hvEEGNet VAEs; genuine prior generation; validation and test remain real.,
success,vae_repo_90_10_seed42,class_specific_vae_generation,1,1,0,7,0.6206896551724138,0.78125,0,259,29,288,22,1000,synthetic_class_specific_vae,/home/jovyan/eeg-repro/high-gamma-data/data/processed/vae_repo_90_10_seed42/real_splits/S01_real_splits.npz,/home/jovyan/eeg-repro/high-gamma-data/data/generated/vae_repo_90_10_seed42/class_specific_vae/S01_generator-seed1.npz,23.67621123045683,Four independent class-specific hierarchical hvEEGNet VAEs; genuine prior generation; validation and test remain real.,
success,vae_repo_90_10_seed42,class_specific_vae_generation,1,1,1,31,0.6551724137931034,0.75,0,259,29,288,22,1000,synthetic_class_specific_vae,/home/jovyan/eeg-repro/high-gamma-data/data/processed/vae_repo_90_10_seed42/real_splits/S01_real_splits.npz,/home/jovyan/eeg-repro/high-gamma-data/data/generated/vae_repo_90_10_seed42/class_specific_vae/S01_generator-seed1.npz,20.17511758580804,Four independent class-specific hierarchical hvEEGNet VAEs; genuine prior generation; validation and test remain real.,
success,vae_repo_90_10_seed42,class_specific_vae_generation,1,1,2,31,0.6551724137931034,0.75,0,259,29,288,22,1000,synthetic_class_specific_vae,/home/jovyan/eeg-repro/high-gamma-data/data/processed/vae_repo_90_10_seed42/real_splits/S01_real_splits.npz,/home/jovyan/eeg-repro/high-gamma-data/data/generated/vae_repo_90_10_seed42/class_specific_vae/S01_generator-seed1.npz,20.314607929438353,Four independent class-specific hierarchical hvEEGNet VAEs; genuine prior generation; validation and test remain real.,
success,vae_repo_90_10_seed42,class_specific_vae_generation,1,2,0,0,0.6551724137931034,0.7256944444444444,0,259,29,288,22,1000,synthetic_class_specific_vae,/home/jovyan/eeg-repro/high-gamma-data/data/processed/vae_repo_90_10_seed42/real_splits/S01_real_splits.npz,/home/jovyan/eeg-repro/high-gamma-data/data/generated/vae_repo_90_10_seed42/class_specific_vae/S01_generator-seed2.npz,19.502926610410213,Four independent class-specific hierarchical hvEEGNet VAEs; genuine prior generation; validation and test remain real.,
success,vae_repo_90_10_seed42,class_specific_vae_generation,1,2,1,1,0.7586206896551724,0.75,0,259,29,288,22,1000,synthetic_class_specific_vae,/home/jovyan/eeg-repro/high-gamma-data/data/processed/vae_repo_90_10_seed42/real_splits/S01_real_splits.npz,/home/jovyan/eeg-repro/high-gamma-data/data/generated/vae_repo_90_10_seed42/class_specific_vae/S01_generator-seed2.npz,19.510670077055693,Four independent class-specific hierarchical hvEEGNet VAEs; genuine prior generation; validation and test remain real.,
success,vae_repo_90_10_seed42,class_specific_vae_generation,1,2,2,0,0.6896551724137931,0.7465277777777778,0,259,29,288,22,1000,synthetic_class_specific_vae,/home/jovyan/eeg-repro/high-gamma-data/data/processed/vae_repo_90_10_seed42/real_splits/S01_real_splits.npz,/home/jovyan/eeg-repro/high-gamma-data/data/generated/vae_repo_90_10_seed42/class_specific_vae/S01_generator-seed2.npz,19.381766937673092,Four independent class-specific hierarchical hvEEGNet VAEs; genuine prior generation; validation and test remain real.,
success,vae_repo_90_10_seed42,class_specific_vae_generation,2,0,0,55,0.6551724137931034,0.7361111111111112,0,259,29,288,22,1000,synthetic_class_specific_vae,/home/jovyan/eeg-repro/high-gamma-data/data/processed/vae_repo_90_10_seed42/real_splits/S02_real_splits.npz,/home/jovyan/eeg-repro/high-gamma-data/data/generated/vae_repo_90_10_seed42/class_specific_vae/S02_generator-seed0.npz,38.944557920098305,Four independent class-specific hierarchical hvEEGNet VAEs; genuine prior generation; validation and test remain real.,
success,vae_repo_90_10_seed42,class_specific_vae_generation,2,0,1,30,0.6896551724137931,0.75,0,259,29,288,22,1000,synthetic_class_specific_vae,/home/jovyan/eeg-repro/high-gamma-data/data/processed/vae_repo_90_10_seed42/real_splits/S02_real_splits.npz,/home/jovyan/eeg-repro/high-gamma-data/data/generated/vae_repo_90_10_seed42/class_specific_vae/S02_generator-seed0.npz,19.600456949323416,Four independent class-specific hierarchical hvEEGNet VAEs; genuine prior generation; validation and test remain real.,
success,vae_repo_90_10_seed42,class_specific_vae_generation,2,0,2,31,0.6896551724137931,0.75,0,259,29,288,22,1000,synthetic_class_specific_vae,/home/jovyan/eeg-repro/high-gamma-data/data/processed/vae_repo_90_10_seed42/real_splits/S02_real_splits.npz,/home/jovyan/eeg-repro/high-gamma-data/data/generated/vae_repo_90_10_seed42/class_specific_vae/S02_generator-seed0.npz,20.19825780019164,Four independent class-specific hierarchical hvEEGNet VAEs; genuine prior generation; validation and test remain real.,
success,vae_repo_90_10_seed42,class_specific_vae_generation,2,1,0,31,0.6896551724137931,0.75,0,259,29,288,22,1000,synthetic_class_specific_vae,/home/jovyan/eeg-repro/high-gamma-data/data/processed/vae_repo_90_10_seed42/real_splits/S02_real_splits.npz,/home/jovyan/eeg-repro/high-gamma-data/data/generated/vae_repo_90_10_seed42/class_specific_vae/S02_generator-seed1.npz,20.06961329653859,Four independent class-specific hierarchical hvEEGNet VAEs; genuine prior generation; validation and test remain real.,
success,vae_repo_90_10_seed42,class_specific_vae_generation,2,1,1,30,0.6896551724137931,0.75,0,259,29,288,22,1000,synthetic_class_specific_vae,/home/jovyan/eeg-repro/high-gamma-data/data/processed/vae_repo_90_10_seed42/real_splits/S02_real_splits.npz,/home/jovyan/eeg-repro/high-gamma-data/data/generated/vae_repo_90_10_seed42/class_specific_vae/S02_generator-seed1.npz,19.75534088164568,Four independent class-specific hierarchical hvEEGNet VAEs; genuine prior generation; validation and test remain real.,
success,vae_repo_90_10_seed42,class_specific_vae_generation,2,1,2,31,0.6896551724137931,0.75,0,259,29,288,22,1000,synthetic_class_specific_vae,/home/jovyan/eeg-repro/high-gamma-data/data/processed/vae_repo_90_10_seed42/real_splits/S02_real_splits.npz,/home/jovyan/eeg-repro/high-gamma-data/data/generated/vae_repo_90_10_seed42/class_specific_vae/S02_generator-seed1.npz,20.412906743586063,Four independent class-specific hierarchical hvEEGNet VAEs; genuine prior generation; validation and test remain real.,
success,vae_repo_90_10_seed42,class_specific_vae_generation,2,2,0,49,0.6896551724137931,0.7326388888888888,0,259,29,288,22,1000,synthetic_class_specific_vae,/home/jovyan/eeg-repro/high-gamma-data/data/processed/vae_repo_90_10_seed42/real_splits/S02_real_splits.npz,/home/jovyan/eeg-repro/high-gamma-data/data/generated/vae_repo_90_10_seed42/class_specific_vae/S02_generator-seed2.npz,31.213932417333126,Four independent class-specific hierarchical hvEEGNet VAEs; genuine prior generation; validation and test remain real.,
success,vae_repo_90_10_seed42,class_specific_vae_generation,2,2,1,18,0.6551724137931034,0.7395833333333333,0,259,29,288,22,1000,synthetic_class_specific_vae,/home/jovyan/eeg-repro/high-gamma-data/data/processed/vae_repo_90_10_seed42/real_splits/S02_real_splits.npz,/home/jovyan/eeg-repro/high-gamma-data/data/generated/vae_repo_90_10_seed42/class_specific_vae/S02_generator-seed2.npz,29.808878041803837,Four independent class-specific hierarchical hvEEGNet VAEs; genuine prior generation; validation and test remain real.,
success,vae_repo_90_10_seed42,class_specific_vae_generation,2,2,2,34,0.6896551724137931,0.7604166666666666,0,259,29,288,22,1000,synthetic_class_specific_vae,/home/jovyan/eeg-repro/high-gamma-data/data/processed/vae_repo_90_10_seed42/real_splits/S02_real_splits.npz,/home/jovyan/eeg-repro/high-gamma-data/data/generated/vae_repo_90_10_seed42/class_specific_vae/S02_generator-seed2.npz,21.510998647660017,Four independent class-specific hierarchical hvEEGNet VAEs; genuine prior generation; validation and test remain real.,
success,vae_repo_90_10_seed42,class_specific_vae_generation,3,0,0,40,0.6551724137931034,0.7361111111111112,0,259,29,288,22,1000,synthetic_class_specific_vae,/home/jovyan/eeg-repro/high-gamma-data/data/processed/vae_repo_90_10_seed42/real_splits/S03_real_splits.npz,/home/jovyan/eeg-repro/high-gamma-data/data/generated/vae_repo_90_10_seed42/class_specific_vae/S03_generator-seed0.npz,25.497782792896032,Four independent class-specific hierarchical hvEEGNet VAEs; genuine prior generation; validation and test remain real.,
success,vae_repo_90_10_seed42,class_specific_vae_generation,3,0,1,10,0.6551724137931034,0.7604166666666666,0,259,29,288,22,1000,synthetic_class_specific_vae,/home/jovyan/eeg-repro/high-gamma-data/data/processed/vae_repo_90_10_seed42/real_splits/S03_real_splits.npz,/home/jovyan/eeg-repro/high-gamma-data/data/generated/vae_repo_90_10_seed42/class_specific_vae/S03_generator-seed0.npz,25.226976666599512,Four independent class-specific hierarchical hvEEGNet VAEs; genuine prior generation; validation and test remain real.,
success,vae_repo_90_10_seed42,class_specific_vae_generation,3,0,2,10,0.6551724137931034,0.7465277777777778,0,259,29,288,22,1000,synthetic_class_specific_vae,/home/jovyan/eeg-repro/high-gamma-data/data/processed/vae_repo_90_10_seed42/real_splits/S03_real_splits.npz,/home/jovyan/eeg-repro/high-gamma-data/data/generated/vae_repo_90_10_seed42/class_specific_vae/S03_generator-seed0.npz,25.608015198260546,Four independent class-specific hierarchical hvEEGNet VAEs; genuine prior generation; validation and test remain real.,
success,vae_repo_90_10_seed42,class_specific_vae_generation,3,1,0,30,0.8275862068965517,0.75,0,259,29,288,22,1000,synthetic_class_specific_vae,/home/jovyan/eeg-repro/high-gamma-data/data/processed/vae_repo_90_10_seed42/real_splits/S03_real_splits.npz,/home/jovyan/eeg-repro/high-gamma-data/data/generated/vae_repo_90_10_seed42/class_specific_vae/S03_generator-seed1.npz,19.589590813964605,Four independent class-specific hierarchical hvEEGNet VAEs; genuine prior generation; validation and test remain real.,
success,vae_repo_90_10_seed42,class_specific_vae_generation,3,1,1,1,0.6896551724137931,0.7708333333333334,0,259,29,288,22,1000,synthetic_class_specific_vae,/home/jovyan/eeg-repro/high-gamma-data/data/processed/vae_repo_90_10_seed42/real_splits/S03_real_splits.npz,/home/jovyan/eeg-repro/high-gamma-data/data/generated/vae_repo_90_10_seed42/class_specific_vae/S03_generator-seed1.npz,19.6111568659544,Four independent class-specific hierarchical hvEEGNet VAEs; genuine prior generation; validation and test remain real.,
success,vae_repo_90_10_seed42,class_specific_vae_generation,3,1,2,30,0.8275862068965517,0.75,0,259,29,288,22,1000,synthetic_class_specific_vae,/home/jovyan/eeg-repro/high-gamma-data/data/processed/vae_repo_90_10_seed42/real_splits/S03_real_splits.npz,/home/jovyan/eeg-repro/high-gamma-data/data/generated/vae_repo_90_10_seed42/class_specific_vae/S03_generator-seed1.npz,19.808915004134178,Four independent class-specific hierarchical hvEEGNet VAEs; genuine prior generation; validation and test remain real.,
success,vae_repo_90_10_seed42,class_specific_vae_generation,3,2,0,11,0.6896551724137931,0.7534722222222222,0,259,29,288,22,1000,synthetic_class_specific_vae,/home/jovyan/eeg-repro/high-gamma-data/data/processed/vae_repo_90_10_seed42/real_splits/S03_real_splits.npz,/home/jovyan/eeg-repro/high-gamma-data/data/generated/vae_repo_90_10_seed42/class_specific_vae/S03_generator-seed2.npz,20.10471946001053,Four independent class-specific hierarchical hvEEGNet VAEs; genuine prior generation; validation and test remain real.,
success,vae_repo_90_10_seed42,class_specific_vae_generation,3,2,1,9,0.6896551724137931,0.7638888888888888,0,259,29,288,22,1000,synthetic_class_specific_vae,/home/jovyan/eeg-repro/high-gamma-data/data/processed/vae_repo_90_10_seed42/real_splits/S03_real_splits.npz,/home/jovyan/eeg-repro/high-gamma-data/data/generated/vae_repo_90_10_seed42/class_specific_vae/S03_generator-seed2.npz,19.834017477929592,Four independent class-specific hierarchical hvEEGNet VAEs; genuine prior generation; validation and test remain real.,
success,vae_repo_90_10_seed42,class_specific_vae_generation,3,2,2,1,0.6206896551724138,0.7326388888888888,0,259,29,288,22,1000,synthetic_class_specific_vae,/home/jovyan/eeg-repro/high-gamma-data/data/processed/vae_repo_90_10_seed42/real_splits/S03_real_splits.npz,/home/jovyan/eeg-repro/high-gamma-data/data/generated/vae_repo_90_10_seed42/class_specific_vae/S03_generator-seed2.npz,19.899236854165792,Four independent class-specific hierarchical hvEEGNet VAEs; genuine prior generation; validation and test remain real.,
success,vae_repo_90_10_seed42,class_specific_vae_generation,4,0,0,0,0.7241379310344828,0.7708333333333334,0,259,29,288,22,1000,synthetic_class_specific_vae,/home/jovyan/eeg-repro/high-gamma-data/data/processed/vae_repo_90_10_seed42/real_splits/S04_real_splits.npz,/home/jovyan/eeg-repro/high-gamma-data/data/generated/vae_repo_90_10_seed42/class_specific_vae/S04_generator-seed0.npz,18.996602226048708,Four independent class-specific hierarchical hvEEGNet VAEs; genuine prior generation; validation and test remain real.,
success,vae_repo_90_10_seed42,class_specific_vae_generation,4,0,1,0,0.6896551724137931,0.75,0,259,29,288,22,1000,synthetic_class_specific_vae,/home/jovyan/eeg-repro/high-gamma-data/data/processed/vae_repo_90_10_seed42/real_splits/S04_real_splits.npz,/home/jovyan/eeg-repro/high-gamma-data/data/generated/vae_repo_90_10_seed42/class_specific_vae/S04_generator-seed0.npz,19.46951013803482,Four independent class-specific hierarchical hvEEGNet VAEs; genuine prior generation; validation and test remain real.,
success,vae_repo_90_10_seed42,class_specific_vae_generation,4,0,2,31,0.7586206896551724,0.75,0,259,29,288,22,1000,synthetic_class_specific_vae,/home/jovyan/eeg-repro/high-gamma-data/data/processed/vae_repo_90_10_seed42/real_splits/S04_real_splits.npz,/home/jovyan/eeg-repro/high-gamma-data/data/generated/vae_repo_90_10_seed42/class_specific_vae/S04_generator-seed0.npz,20.142548829317093,Four independent class-specific hierarchical hvEEGNet VAEs; genuine prior generation; validation and test remain real.,
success,vae_repo_90_10_seed42,class_specific_vae_generation,4,1,0,2,0.6896551724137931,0.75,0,259,29,288,22,1000,synthetic_class_specific_vae,/home/jovyan/eeg-repro/high-gamma-data/data/processed/vae_repo_90_10_seed42/real_splits/S04_real_splits.npz,/home/jovyan/eeg-repro/high-gamma-data/data/generated/vae_repo_90_10_seed42/class_specific_vae/S04_generator-seed1.npz,19.83303052559495,Four independent class-specific hierarchical hvEEGNet VAEs; genuine prior generation; validation and test remain real.,
success,vae_repo_90_10_seed42,class_specific_vae_generation,4,1,1,0,0.6896551724137931,0.75,0,259,29,288,22,1000,synthetic_class_specific_vae,/home/jovyan/eeg-repro/high-gamma-data/data/processed/vae_repo_90_10_seed42/real_splits/S04_real_splits.npz,/home/jovyan/eeg-repro/high-gamma-data/data/generated/vae_repo_90_10_seed42/class_specific_vae/S04_generator-seed1.npz,19.805507980287075,Four independent class-specific hierarchical hvEEGNet VAEs; genuine prior generation; validation and test remain real.,
success,vae_repo_90_10_seed42,class_specific_vae_generation,4,1,2,40,0.7241379310344828,0.7291666666666667,0,259,29,288,22,1000,synthetic_class_specific_vae,/home/jovyan/eeg-repro/high-gamma-data/data/processed/vae_repo_90_10_seed42/real_splits/S04_real_splits.npz,/home/jovyan/eeg-repro/high-gamma-data/data/generated/vae_repo_90_10_seed42/class_specific_vae/S04_generator-seed1.npz,28.89690952003002,Four independent class-specific hierarchical hvEEGNet VAEs; genuine prior generation; validation and test remain real.,
success,vae_repo_90_10_seed42,class_specific_vae_generation,4,2,0,1,0.6896551724137931,0.7708333333333334,0,259,29,288,22,1000,synthetic_class_specific_vae,/home/jovyan/eeg-repro/high-gamma-data/data/processed/vae_repo_90_10_seed42/real_splits/S04_real_splits.npz,/home/jovyan/eeg-repro/high-gamma-data/data/generated/vae_repo_90_10_seed42/class_specific_vae/S04_generator-seed2.npz,20.0153551325202,Four independent class-specific hierarchical hvEEGNet VAEs; genuine prior generation; validation and test remain real.,
success,vae_repo_90_10_seed42,class_specific_vae_generation,4,2,1,0,0.6896551724137931,0.75,0,259,29,288,22,1000,synthetic_class_specific_vae,/home/jovyan/eeg-repro/high-gamma-data/data/processed/vae_repo_90_10_seed42/real_splits/S04_real_splits.npz,/home/jovyan/eeg-repro/high-gamma-data/data/generated/vae_repo_90_10_seed42/class_specific_vae/S04_generator-seed2.npz,19.314703434705734,Four independent class-specific hierarchical hvEEGNet VAEs; genuine prior generation; validation and test remain real.,
success,vae_repo_90_10_seed42,class_specific_vae_generation,4,2,2,31,0.7586206896551724,0.75,0,259,29,288,22,1000,synthetic_class_specific_vae,/home/jovyan/eeg-repro/high-gamma-data/data/processed/vae_repo_90_10_seed42/real_splits/S04_real_splits.npz,/home/jovyan/eeg-repro/high-gamma-data/data/generated/vae_repo_90_10_seed42/class_specific_vae/S04_generator-seed2.npz,19.930808309465647,Four independent class-specific hierarchical hvEEGNet VAEs; genuine prior generation; validation and test remain real.,
success,vae_repo_90_10_seed42,class_specific_vae_generation,5,0,0,30,0.6206896551724138,0.7604166666666666,0,259,29,288,22,1000,synthetic_class_specific_vae,/home/jovyan/eeg-repro/high-gamma-data/data/processed/vae_repo_90_10_seed42/real_splits/S05_real_splits.npz,/home/jovyan/eeg-repro/high-gamma-data/data/generated/vae_repo_90_10_seed42/class_specific_vae/S05_generator-seed0.npz,27.87682305276394,Four independent class-specific hierarchical hvEEGNet VAEs; genuine prior generation; validation and test remain real.,
success,vae_repo_90_10_seed42,class_specific_vae_generation,5,0,1,9,0.6206896551724138,0.75,0,259,29,288,22,1000,synthetic_class_specific_vae,/home/jovyan/eeg-repro/high-gamma-data/data/processed/vae_repo_90_10_seed42/real_splits/S05_real_splits.npz,/home/jovyan/eeg-repro/high-gamma-data/data/generated/vae_repo_90_10_seed42/class_specific_vae/S05_generator-seed0.npz,25.356150645762682,Four independent class-specific hierarchical hvEEGNet VAEs; genuine prior generation; validation and test remain real.,
success,vae_repo_90_10_seed42,class_specific_vae_generation,5,0,2,30,0.6551724137931034,0.7361111111111112,0,259,29,288,22,1000,synthetic_class_specific_vae,/home/jovyan/eeg-repro/high-gamma-data/data/processed/vae_repo_90_10_seed42/real_splits/S05_real_splits.npz,/home/jovyan/eeg-repro/high-gamma-data/data/generated/vae_repo_90_10_seed42/class_specific_vae/S05_generator-seed0.npz,24.02272891253233,Four independent class-specific hierarchical hvEEGNet VAEs; genuine prior generation; validation and test remain real.,
success,vae_repo_90_10_seed42,class_specific_vae_generation,5,1,0,1,0.6896551724137931,0.75,0,259,29,288,22,1000,synthetic_class_specific_vae,/home/jovyan/eeg-repro/high-gamma-data/data/processed/vae_repo_90_10_seed42/real_splits/S05_real_splits.npz,/home/jovyan/eeg-repro/high-gamma-data/data/generated/vae_repo_90_10_seed42/class_specific_vae/S05_generator-seed1.npz,19.890505082905293,Four independent class-specific hierarchical hvEEGNet VAEs; genuine prior generation; validation and test remain real.,
success,vae_repo_90_10_seed42,class_specific_vae_generation,5,1,1,0,0.6896551724137931,0.75,0,259,29,288,22,1000,synthetic_class_specific_vae,/home/jovyan/eeg-repro/high-gamma-data/data/processed/vae_repo_90_10_seed42/real_splits/S05_real_splits.npz,/home/jovyan/eeg-repro/high-gamma-data/data/generated/vae_repo_90_10_seed42/class_specific_vae/S05_generator-seed1.npz,19.603315841406584,Four independent class-specific hierarchical hvEEGNet VAEs; genuine prior generation; validation and test remain real.,
success,vae_repo_90_10_seed42,class_specific_vae_generation,5,1,2,31,0.7931034482758621,0.75,0,259,29,288,22,1000,synthetic_class_specific_vae,/home/jovyan/eeg-repro/high-gamma-data/data/processed/vae_repo_90_10_seed42/real_splits/S05_real_splits.npz,/home/jovyan/eeg-repro/high-gamma-data/data/generated/vae_repo_90_10_seed42/class_specific_vae/S05_generator-seed1.npz,19.97976651787758,Four independent class-specific hierarchical hvEEGNet VAEs; genuine prior generation; validation and test remain real.,
success,vae_repo_90_10_seed42,class_specific_vae_generation,5,2,0,31,0.7931034482758621,0.75,0,259,29,288,22,1000,synthetic_class_specific_vae,/home/jovyan/eeg-repro/high-gamma-data/data/processed/vae_repo_90_10_seed42/real_splits/S05_real_splits.npz,/home/jovyan/eeg-repro/high-gamma-data/data/generated/vae_repo_90_10_seed42/class_specific_vae/S05_generator-seed2.npz,20.172683235257864,Four independent class-specific hierarchical hvEEGNet VAEs; genuine prior generation; validation and test remain real.,
success,vae_repo_90_10_seed42,class_specific_vae_generation,5,2,1,0,0.6896551724137931,0.75,0,259,29,288,22,1000,synthetic_class_specific_vae,/home/jovyan/eeg-repro/high-gamma-data/data/processed/vae_repo_90_10_seed42/real_splits/S05_real_splits.npz,/home/jovyan/eeg-repro/high-gamma-data/data/generated/vae_repo_90_10_seed42/class_specific_vae/S05_generator-seed2.npz,19.733062591403723,Four independent class-specific hierarchical hvEEGNet VAEs; genuine prior generation; validation and test remain real.,
success,vae_repo_90_10_seed42,class_specific_vae_generation,5,2,2,31,0.7931034482758621,0.75,0,259,29,288,22,1000,synthetic_class_specific_vae,/home/jovyan/eeg-repro/high-gamma-data/data/processed/vae_repo_90_10_seed42/real_splits/S05_real_splits.npz,/home/jovyan/eeg-repro/high-gamma-data/data/generated/vae_repo_90_10_seed42/class_specific_vae/S05_generator-seed2.npz,20.10786371678114,Four independent class-specific hierarchical hvEEGNet VAEs; genuine prior generation; validation and test remain real.,
success,vae_repo_90_10_seed42,class_specific_vae_generation,6,0,0,30,0.7241379310344828,0.75,0,259,29,288,22,1000,synthetic_class_specific_vae,/home/jovyan/eeg-repro/high-gamma-data/data/processed/vae_repo_90_10_seed42/real_splits/S06_real_splits.npz,/home/jovyan/eeg-repro/high-gamma-data/data/generated/vae_repo_90_10_seed42/class_specific_vae/S06_generator-seed0.npz,19.67704724892974,Four independent class-specific hierarchical hvEEGNet VAEs; genuine prior generation; validation and test remain real.,
success,vae_repo_90_10_seed42,class_specific_vae_generation,6,0,1,31,0.7241379310344828,0.75,0,259,29,288,22,1000,synthetic_class_specific_vae,/home/jovyan/eeg-repro/high-gamma-data/data/processed/vae_repo_90_10_seed42/real_splits/S06_real_splits.npz,/home/jovyan/eeg-repro/high-gamma-data/data/generated/vae_repo_90_10_seed42/class_specific_vae/S06_generator-seed0.npz,19.809970870614052,Four independent class-specific hierarchical hvEEGNet VAEs; genuine prior generation; validation and test remain real.,
success,vae_repo_90_10_seed42,class_specific_vae_generation,6,0,2,31,0.7241379310344828,0.75,0,259,29,288,22,1000,synthetic_class_specific_vae,/home/jovyan/eeg-repro/high-gamma-data/data/processed/vae_repo_90_10_seed42/real_splits/S06_real_splits.npz,/home/jovyan/eeg-repro/high-gamma-data/data/generated/vae_repo_90_10_seed42/class_specific_vae/S06_generator-seed0.npz,20.81006782501936,Four independent class-specific hierarchical hvEEGNet VAEs; genuine prior generation; validation and test remain real.,
success,vae_repo_90_10_seed42,class_specific_vae_generation,6,1,0,0,0.7241379310344828,0.7534722222222222,0,259,29,288,22,1000,synthetic_class_specific_vae,/home/jovyan/eeg-repro/high-gamma-data/data/processed/vae_repo_90_10_seed42/real_splits/S06_real_splits.npz,/home/jovyan/eeg-repro/high-gamma-data/data/generated/vae_repo_90_10_seed42/class_specific_vae/S06_generator-seed1.npz,19.70038927718997,Four independent class-specific hierarchical hvEEGNet VAEs; genuine prior generation; validation and test remain real.,
success,vae_repo_90_10_seed42,class_specific_vae_generation,6,1,1,30,0.7931034482758621,0.75,0,259,29,288,22,1000,synthetic_class_specific_vae,/home/jovyan/eeg-repro/high-gamma-data/data/processed/vae_repo_90_10_seed42/real_splits/S06_real_splits.npz,/home/jovyan/eeg-repro/high-gamma-data/data/generated/vae_repo_90_10_seed42/class_specific_vae/S06_generator-seed1.npz,19.60250136628747,Four independent class-specific hierarchical hvEEGNet VAEs; genuine prior generation; validation and test remain real.,
success,vae_repo_90_10_seed42,class_specific_vae_generation,6,1,2,0,0.7586206896551724,0.75,0,259,29,288,22,1000,synthetic_class_specific_vae,/home/jovyan/eeg-repro/high-gamma-data/data/processed/vae_repo_90_10_seed42/real_splits/S06_real_splits.npz,/home/jovyan/eeg-repro/high-gamma-data/data/generated/vae_repo_90_10_seed42/class_specific_vae/S06_generator-seed1.npz,19.632646583020687,Four independent class-specific hierarchical hvEEGNet VAEs; genuine prior generation; validation and test remain real.,
success,vae_repo_90_10_seed42,class_specific_vae_generation,6,2,0,0,0.7241379310344828,0.7534722222222222,0,259,29,288,22,1000,synthetic_class_specific_vae,/home/jovyan/eeg-repro/high-gamma-data/data/processed/vae_repo_90_10_seed42/real_splits/S06_real_splits.npz,/home/jovyan/eeg-repro/high-gamma-data/data/generated/vae_repo_90_10_seed42/class_specific_vae/S06_generator-seed2.npz,19.893593065440655,Four independent class-specific hierarchical hvEEGNet VAEs; genuine prior generation; validation and test remain real.,
success,vae_repo_90_10_seed42,class_specific_vae_generation,6,2,1,30,0.7931034482758621,0.75,0,259,29,288,22,1000,synthetic_class_specific_vae,/home/jovyan/eeg-repro/high-gamma-data/data/processed/vae_repo_90_10_seed42/real_splits/S06_real_splits.npz,/home/jovyan/eeg-repro/high-gamma-data/data/generated/vae_repo_90_10_seed42/class_specific_vae/S06_generator-seed2.npz,19.697838373482227,Four independent class-specific hierarchical hvEEGNet VAEs; genuine prior generation; validation and test remain real.,
success,vae_repo_90_10_seed42,class_specific_vae_generation,6,2,2,0,0.7586206896551724,0.75,0,259,29,288,22,1000,synthetic_class_specific_vae,/home/jovyan/eeg-repro/high-gamma-data/data/processed/vae_repo_90_10_seed42/real_splits/S06_real_splits.npz,/home/jovyan/eeg-repro/high-gamma-data/data/generated/vae_repo_90_10_seed42/class_specific_vae/S06_generator-seed2.npz,19.306035842746496,Four independent class-specific hierarchical hvEEGNet VAEs; genuine prior generation; validation and test remain real.,
success,vae_repo_90_10_seed42,class_specific_vae_generation,7,0,0,0,0.7241379310344828,0.65625,0,259,29,288,22,1000,synthetic_class_specific_vae,/home/jovyan/eeg-repro/high-gamma-data/data/processed/vae_repo_90_10_seed42/real_splits/S07_real_splits.npz,/home/jovyan/eeg-repro/high-gamma-data/data/generated/vae_repo_90_10_seed42/class_specific_vae/S07_generator-seed0.npz,19.894082739949226,Four independent class-specific hierarchical hvEEGNet VAEs; genuine prior generation; validation and test remain real.,
success,vae_repo_90_10_seed42,class_specific_vae_generation,7,0,1,0,0.6896551724137931,0.75,0,259,29,288,22,1000,synthetic_class_specific_vae,/home/jovyan/eeg-repro/high-gamma-data/data/processed/vae_repo_90_10_seed42/real_splits/S07_real_splits.npz,/home/jovyan/eeg-repro/high-gamma-data/data/generated/vae_repo_90_10_seed42/class_specific_vae/S07_generator-seed0.npz,20.096617355942726,Four independent class-specific hierarchical hvEEGNet VAEs; genuine prior generation; validation and test remain real.,
success,vae_repo_90_10_seed42,class_specific_vae_generation,7,0,2,0,0.7931034482758621,0.7465277777777778,0,259,29,288,22,1000,synthetic_class_specific_vae,/home/jovyan/eeg-repro/high-gamma-data/data/processed/vae_repo_90_10_seed42/real_splits/S07_real_splits.npz,/home/jovyan/eeg-repro/high-gamma-data/data/generated/vae_repo_90_10_seed42/class_specific_vae/S07_generator-seed0.npz,19.715138744562864,Four independent class-specific hierarchical hvEEGNet VAEs; genuine prior generation; validation and test remain real.,
success,vae_repo_90_10_seed42,class_specific_vae_generation,7,1,0,0,0.7241379310344828,0.65625,0,259,29,288,22,1000,synthetic_class_specific_vae,/home/jovyan/eeg-repro/high-gamma-data/data/processed/vae_repo_90_10_seed42/real_splits/S07_real_splits.npz,/home/jovyan/eeg-repro/high-gamma-data/data/generated/vae_repo_90_10_seed42/class_specific_vae/S07_generator-seed1.npz,19.43818986415863,Four independent class-specific hierarchical hvEEGNet VAEs; genuine prior generation; validation and test remain real.,
success,vae_repo_90_10_seed42,class_specific_vae_generation,7,1,1,0,0.6896551724137931,0.75,0,259,29,288,22,1000,synthetic_class_specific_vae,/home/jovyan/eeg-repro/high-gamma-data/data/processed/vae_repo_90_10_seed42/real_splits/S07_real_splits.npz,/home/jovyan/eeg-repro/high-gamma-data/data/generated/vae_repo_90_10_seed42/class_specific_vae/S07_generator-seed1.npz,19.879523441195488,Four independent class-specific hierarchical hvEEGNet VAEs; genuine prior generation; validation and test remain real.,
success,vae_repo_90_10_seed42,class_specific_vae_generation,7,1,2,0,0.7931034482758621,0.7465277777777778,0,259,29,288,22,1000,synthetic_class_specific_vae,/home/jovyan/eeg-repro/high-gamma-data/data/processed/vae_repo_90_10_seed42/real_splits/S07_real_splits.npz,/home/jovyan/eeg-repro/high-gamma-data/data/generated/vae_repo_90_10_seed42/class_specific_vae/S07_generator-seed1.npz,19.79732822999358,Four independent class-specific hierarchical hvEEGNet VAEs; genuine prior generation; validation and test remain real.,
success,vae_repo_90_10_seed42,class_specific_vae_generation,7,2,0,31,0.6896551724137931,0.7847222222222222,0,259,29,288,22,1000,synthetic_class_specific_vae,/home/jovyan/eeg-repro/high-gamma-data/data/processed/vae_repo_90_10_seed42/real_splits/S07_real_splits.npz,/home/jovyan/eeg-repro/high-gamma-data/data/generated/vae_repo_90_10_seed42/class_specific_vae/S07_generator-seed2.npz,20.69001303240657,Four independent class-specific hierarchical hvEEGNet VAEs; genuine prior generation; validation and test remain real.,
success,vae_repo_90_10_seed42,class_specific_vae_generation,7,2,1,28,0.6206896551724138,0.7569444444444444,0,259,29,288,22,1000,synthetic_class_specific_vae,/home/jovyan/eeg-repro/high-gamma-data/data/processed/vae_repo_90_10_seed42/real_splits/S07_real_splits.npz,/home/jovyan/eeg-repro/high-gamma-data/data/generated/vae_repo_90_10_seed42/class_specific_vae/S07_generator-seed2.npz,29.524113778024912,Four independent class-specific hierarchical hvEEGNet VAEs; genuine prior generation; validation and test remain real.,
success,vae_repo_90_10_seed42,class_specific_vae_generation,7,2,2,48,0.6551724137931034,0.7534722222222222,0,259,29,288,22,1000,synthetic_class_specific_vae,/home/jovyan/eeg-repro/high-gamma-data/data/processed/vae_repo_90_10_seed42/real_splits/S07_real_splits.npz,/home/jovyan/eeg-repro/high-gamma-data/data/generated/vae_repo_90_10_seed42/class_specific_vae/S07_generator-seed2.npz,38.96944857761264,Four independent class-specific hierarchical hvEEGNet VAEs; genuine prior generation; validation and test remain real.,
success,vae_repo_90_10_seed42,class_specific_vae_generation,8,0,0,7,0.6551724137931034,0.7395833333333333,0,259,29,288,22,1000,synthetic_class_specific_vae,/home/jovyan/eeg-repro/high-gamma-data/data/processed/vae_repo_90_10_seed42/real_splits/S08_real_splits.npz,/home/jovyan/eeg-repro/high-gamma-data/data/generated/vae_repo_90_10_seed42/class_specific_vae/S08_generator-seed0.npz,24.249863766133785,Four independent class-specific hierarchical hvEEGNet VAEs; genuine prior generation; validation and test remain real.,
success,vae_repo_90_10_seed42,class_specific_vae_generation,8,0,1,30,0.6896551724137931,0.75,0,259,29,288,22,1000,synthetic_class_specific_vae,/home/jovyan/eeg-repro/high-gamma-data/data/processed/vae_repo_90_10_seed42/real_splits/S08_real_splits.npz,/home/jovyan/eeg-repro/high-gamma-data/data/generated/vae_repo_90_10_seed42/class_specific_vae/S08_generator-seed0.npz,19.76892900466919,Four independent class-specific hierarchical hvEEGNet VAEs; genuine prior generation; validation and test remain real.,
success,vae_repo_90_10_seed42,class_specific_vae_generation,8,0,2,31,0.6896551724137931,0.75,0,259,29,288,22,1000,synthetic_class_specific_vae,/home/jovyan/eeg-repro/high-gamma-data/data/processed/vae_repo_90_10_seed42/real_splits/S08_real_splits.npz,/home/jovyan/eeg-repro/high-gamma-data/data/generated/vae_repo_90_10_seed42/class_specific_vae/S08_generator-seed0.npz,20.190827950835228,Four independent class-specific hierarchical hvEEGNet VAEs; genuine prior generation; validation and test remain real.,
success,vae_repo_90_10_seed42,class_specific_vae_generation,8,1,0,11,0.6896551724137931,0.75,0,259,29,288,22,1000,synthetic_class_specific_vae,/home/jovyan/eeg-repro/high-gamma-data/data/processed/vae_repo_90_10_seed42/real_splits/S08_real_splits.npz,/home/jovyan/eeg-repro/high-gamma-data/data/generated/vae_repo_90_10_seed42/class_specific_vae/S08_generator-seed1.npz,19.69483707845211,Four independent class-specific hierarchical hvEEGNet VAEs; genuine prior generation; validation and test remain real.,
success,vae_repo_90_10_seed42,class_specific_vae_generation,8,1,1,2,0.6206896551724138,0.7569444444444444,0,259,29,288,22,1000,synthetic_class_specific_vae,/home/jovyan/eeg-repro/high-gamma-data/data/processed/vae_repo_90_10_seed42/real_splits/S08_real_splits.npz,/home/jovyan/eeg-repro/high-gamma-data/data/generated/vae_repo_90_10_seed42/class_specific_vae/S08_generator-seed1.npz,20.478224996477365,Four independent class-specific hierarchical hvEEGNet VAEs; genuine prior generation; validation and test remain real.,
success,vae_repo_90_10_seed42,class_specific_vae_generation,8,1,2,14,0.5862068965517242,0.7534722222222222,0,259,29,288,22,1000,synthetic_class_specific_vae,/home/jovyan/eeg-repro/high-gamma-data/data/processed/vae_repo_90_10_seed42/real_splits/S08_real_splits.npz,/home/jovyan/eeg-repro/high-gamma-data/data/generated/vae_repo_90_10_seed42/class_specific_vae/S08_generator-seed1.npz,27.185104127973318,Four independent class-specific hierarchical hvEEGNet VAEs; genuine prior generation; validation and test remain real.,
success,vae_repo_90_10_seed42,class_specific_vae_generation,8,2,0,31,0.6896551724137931,0.75,0,259,29,288,22,1000,synthetic_class_specific_vae,/home/jovyan/eeg-repro/high-gamma-data/data/processed/vae_repo_90_10_seed42/real_splits/S08_real_splits.npz,/home/jovyan/eeg-repro/high-gamma-data/data/generated/vae_repo_90_10_seed42/class_specific_vae/S08_generator-seed2.npz,20.273888766765594,Four independent class-specific hierarchical hvEEGNet VAEs; genuine prior generation; validation and test remain real.,
success,vae_repo_90_10_seed42,class_specific_vae_generation,8,2,1,30,0.6896551724137931,0.75,0,259,29,288,22,1000,synthetic_class_specific_vae,/home/jovyan/eeg-repro/high-gamma-data/data/processed/vae_repo_90_10_seed42/real_splits/S08_real_splits.npz,/home/jovyan/eeg-repro/high-gamma-data/data/generated/vae_repo_90_10_seed42/class_specific_vae/S08_generator-seed2.npz,19.372266687452793,Four independent class-specific hierarchical hvEEGNet VAEs; genuine prior generation; validation and test remain real.,
success,vae_repo_90_10_seed42,class_specific_vae_generation,8,2,2,31,0.6896551724137931,0.75,0,259,29,288,22,1000,synthetic_class_specific_vae,/home/jovyan/eeg-repro/high-gamma-data/data/processed/vae_repo_90_10_seed42/real_splits/S08_real_splits.npz,/home/jovyan/eeg-repro/high-gamma-data/data/generated/vae_repo_90_10_seed42/class_specific_vae/S08_generator-seed2.npz,20.274271097034216,Four independent class-specific hierarchical hvEEGNet VAEs; genuine prior generation; validation and test remain real.,
success,vae_repo_90_10_seed42,class_specific_vae_generation,9,0,0,0,0.7241379310344828,0.7465277777777778,0,259,29,288,22,1000,synthetic_class_specific_vae,/home/jovyan/eeg-repro/high-gamma-data/data/processed/vae_repo_90_10_seed42/real_splits/S09_real_splits.npz,/home/jovyan/eeg-repro/high-gamma-data/data/generated/vae_repo_90_10_seed42/class_specific_vae/S09_generator-seed0.npz,19.61090987920761,Four independent class-specific hierarchical hvEEGNet VAEs; genuine prior generation; validation and test remain real.,
success,vae_repo_90_10_seed42,class_specific_vae_generation,9,0,1,30,0.7931034482758621,0.75,0,259,29,288,22,1000,synthetic_class_specific_vae,/home/jovyan/eeg-repro/high-gamma-data/data/processed/vae_repo_90_10_seed42/real_splits/S09_real_splits.npz,/home/jovyan/eeg-repro/high-gamma-data/data/generated/vae_repo_90_10_seed42/class_specific_vae/S09_generator-seed0.npz,19.750805284827948,Four independent class-specific hierarchical hvEEGNet VAEs; genuine prior generation; validation and test remain real.,
success,vae_repo_90_10_seed42,class_specific_vae_generation,9,0,2,0,0.7241379310344828,0.7395833333333333,0,259,29,288,22,1000,synthetic_class_specific_vae,/home/jovyan/eeg-repro/high-gamma-data/data/processed/vae_repo_90_10_seed42/real_splits/S09_real_splits.npz,/home/jovyan/eeg-repro/high-gamma-data/data/generated/vae_repo_90_10_seed42/class_specific_vae/S09_generator-seed0.npz,19.776428911834955,Four independent class-specific hierarchical hvEEGNet VAEs; genuine prior generation; validation and test remain real.,
success,vae_repo_90_10_seed42,class_specific_vae_generation,9,1,0,3,0.5862068965517242,0.6875,0,259,29,288,22,1000,synthetic_class_specific_vae,/home/jovyan/eeg-repro/high-gamma-data/data/processed/vae_repo_90_10_seed42/real_splits/S09_real_splits.npz,/home/jovyan/eeg-repro/high-gamma-data/data/generated/vae_repo_90_10_seed42/class_specific_vae/S09_generator-seed1.npz,21.299650169909,Four independent class-specific hierarchical hvEEGNet VAEs; genuine prior generation; validation and test remain real.,
success,vae_repo_90_10_seed42,class_specific_vae_generation,9,1,1,2,0.7586206896551724,0.7326388888888888,0,259,29,288,22,1000,synthetic_class_specific_vae,/home/jovyan/eeg-repro/high-gamma-data/data/processed/vae_repo_90_10_seed42/real_splits/S09_real_splits.npz,/home/jovyan/eeg-repro/high-gamma-data/data/generated/vae_repo_90_10_seed42/class_specific_vae/S09_generator-seed1.npz,21.384081605821848,Four independent class-specific hierarchical hvEEGNet VAEs; genuine prior generation; validation and test remain real.,
success,vae_repo_90_10_seed42,class_specific_vae_generation,9,1,2,2,0.6206896551724138,0.6875,0,259,29,288,22,1000,synthetic_class_specific_vae,/home/jovyan/eeg-repro/high-gamma-data/data/processed/vae_repo_90_10_seed42/real_splits/S09_real_splits.npz,/home/jovyan/eeg-repro/high-gamma-data/data/generated/vae_repo_90_10_seed42/class_specific_vae/S09_generator-seed1.npz,20.893809594213963,Four independent class-specific hierarchical hvEEGNet VAEs; genuine prior generation; validation and test remain real.,
success,vae_repo_90_10_seed42,class_specific_vae_generation,9,2,0,22,0.5517241379310345,0.6527777777777778,0,259,29,288,22,1000,synthetic_class_specific_vae,/home/jovyan/eeg-repro/high-gamma-data/data/processed/vae_repo_90_10_seed42/real_splits/S09_real_splits.npz,/home/jovyan/eeg-repro/high-gamma-data/data/generated/vae_repo_90_10_seed42/class_specific_vae/S09_generator-seed2.npz,31.393402744084597,Four independent class-specific hierarchical hvEEGNet VAEs; genuine prior generation; validation and test remain real.,
success,vae_repo_90_10_seed42,class_specific_vae_generation,9,2,1,1,0.7586206896551724,0.7465277777777778,0,259,29,288,22,1000,synthetic_class_specific_vae,/home/jovyan/eeg-repro/high-gamma-data/data/processed/vae_repo_90_10_seed42/real_splits/S09_real_splits.npz,/home/jovyan/eeg-repro/high-gamma-data/data/generated/vae_repo_90_10_seed42/class_specific_vae/S09_generator-seed2.npz,20.508532792329788,Four independent class-specific hierarchical hvEEGNet VAEs; genuine prior generation; validation and test remain real.,
success,vae_repo_90_10_seed42,class_specific_vae_generation,9,2,2,1,0.6896551724137931,0.7465277777777778,0,259,29,288,22,1000,synthetic_class_specific_vae,/home/jovyan/eeg-repro/high-gamma-data/data/processed/vae_repo_90_10_seed42/real_splits/S09_real_splits.npz,/home/jovyan/eeg-repro/high-gamma-data/data/generated/vae_repo_90_10_seed42/class_specific_vae/S09_generator-seed2.npz,20.05127490311861,Four independent class-specific hierarchical hvEEGNet VAEs; genuine prior generation; validation and test remain real.,
success,vae_repo_90_10_seed42,hierarchical_conditional_vae_generation,1,0,0,3,0.6551724137931034,0.75,0,259,29,288,22,1000,synthetic_hierarchical_conditional_vae,/home/jovyan/eeg-repro/high-gamma-data/data/processed/vae_repo_90_10_seed42/real_splits/S01_real_splits.npz,/home/jovyan/eeg-repro/high-gamma-data/data/generated/vae_repo_90_10_seed42/hierarchical_conditional_vae/S01_generator-seed0.npz,19.45676986500621,Shared hierarchical class-conditioned VAE samples generated from learned class-dependent two-level priors; validation and test remain real.,
success,vae_repo_90_10_seed42,hierarchical_conditional_vae_generation,1,0,1,4,0.6206896551724138,0.7743055555555556,0,259,29,288,22,1000,synthetic_hierarchical_conditional_vae,/home/jovyan/eeg-repro/high-gamma-data/data/processed/vae_repo_90_10_seed42/real_splits/S01_real_splits.npz,/home/jovyan/eeg-repro/high-gamma-data/data/generated/vae_repo_90_10_seed42/hierarchical_conditional_vae/S01_generator-seed0.npz,22.379208728671074,Shared hierarchical class-conditioned VAE samples generated from learned class-dependent two-level priors; validation and test remain real.,
success,vae_repo_90_10_seed42,hierarchical_conditional_vae_generation,1,0,2,1,0.6551724137931034,0.75,0,259,29,288,22,1000,synthetic_hierarchical_conditional_vae,/home/jovyan/eeg-repro/high-gamma-data/data/processed/vae_repo_90_10_seed42/real_splits/S01_real_splits.npz,/home/jovyan/eeg-repro/high-gamma-data/data/generated/vae_repo_90_10_seed42/hierarchical_conditional_vae/S01_generator-seed0.npz,20.261158611625433,Shared hierarchical class-conditioned VAE samples generated from learned class-dependent two-level priors; validation and test remain real.,
success,vae_repo_90_10_seed42,hierarchical_conditional_vae_generation,1,1,0,0,0.6551724137931034,0.7256944444444444,0,259,29,288,22,1000,synthetic_hierarchical_conditional_vae,/home/jovyan/eeg-repro/high-gamma-data/data/processed/vae_repo_90_10_seed42/real_splits/S01_real_splits.npz,/home/jovyan/eeg-repro/high-gamma-data/data/generated/vae_repo_90_10_seed42/hierarchical_conditional_vae/S01_generator-seed1.npz,20.06460113823414,Shared hierarchical class-conditioned VAE samples generated from learned class-dependent two-level priors; validation and test remain real.,
success,vae_repo_90_10_seed42,hierarchical_conditional_vae_generation,1,1,1,0,0.7586206896551724,0.75,0,259,29,288,22,1000,synthetic_hierarchical_conditional_vae,/home/jovyan/eeg-repro/high-gamma-data/data/processed/vae_repo_90_10_seed42/real_splits/S01_real_splits.npz,/home/jovyan/eeg-repro/high-gamma-data/data/generated/vae_repo_90_10_seed42/hierarchical_conditional_vae/S01_generator-seed1.npz,19.86527832224965,Shared hierarchical class-conditioned VAE samples generated from learned class-dependent two-level priors; validation and test remain real.,
success,vae_repo_90_10_seed42,hierarchical_conditional_vae_generation,1,1,2,17,0.6896551724137931,0.7048611111111112,0,259,29,288,22,1000,synthetic_hierarchical_conditional_vae,/home/jovyan/eeg-repro/high-gamma-data/data/processed/vae_repo_90_10_seed42/real_splits/S01_real_splits.npz,/home/jovyan/eeg-repro/high-gamma-data/data/generated/vae_repo_90_10_seed42/hierarchical_conditional_vae/S01_generator-seed1.npz,19.666257217526436,Shared hierarchical class-conditioned VAE samples generated from learned class-dependent two-level priors; validation and test remain real.,
success,vae_repo_90_10_seed42,hierarchical_conditional_vae_generation,1,2,0,0,0.6551724137931034,0.7256944444444444,0,259,29,288,22,1000,synthetic_hierarchical_conditional_vae,/home/jovyan/eeg-repro/high-gamma-data/data/processed/vae_repo_90_10_seed42/real_splits/S01_real_splits.npz,/home/jovyan/eeg-repro/high-gamma-data/data/generated/vae_repo_90_10_seed42/hierarchical_conditional_vae/S01_generator-seed2.npz,19.631396882236004,Shared hierarchical class-conditioned VAE samples generated from learned class-dependent two-level priors; validation and test remain real.,
success,vae_repo_90_10_seed42,hierarchical_conditional_vae_generation,1,2,1,4,0.5517241379310345,0.6631944444444444,0,259,29,288,22,1000,synthetic_hierarchical_conditional_vae,/home/jovyan/eeg-repro/high-gamma-data/data/processed/vae_repo_90_10_seed42/real_splits/S01_real_splits.npz,/home/jovyan/eeg-repro/high-gamma-data/data/generated/vae_repo_90_10_seed42/hierarchical_conditional_vae/S01_generator-seed2.npz,22.266834381967783,Shared hierarchical class-conditioned VAE samples generated from learned class-dependent two-level priors; validation and test remain real.,
success,vae_repo_90_10_seed42,hierarchical_conditional_vae_generation,1,2,2,0,0.6896551724137931,0.7465277777777778,0,259,29,288,22,1000,synthetic_hierarchical_conditional_vae,/home/jovyan/eeg-repro/high-gamma-data/data/processed/vae_repo_90_10_seed42/real_splits/S01_real_splits.npz,/home/jovyan/eeg-repro/high-gamma-data/data/generated/vae_repo_90_10_seed42/hierarchical_conditional_vae/S01_generator-seed2.npz,19.472888827323914,Shared hierarchical class-conditioned VAE samples generated from learned class-dependent two-level priors; validation and test remain real.,
success,vae_repo_90_10_seed42,hierarchical_conditional_vae_generation,2,0,0,40,0.6551724137931034,0.75,0,259,29,288,22,1000,synthetic_hierarchical_conditional_vae,/home/jovyan/eeg-repro/high-gamma-data/data/processed/vae_repo_90_10_seed42/real_splits/S02_real_splits.npz,/home/jovyan/eeg-repro/high-gamma-data/data/generated/vae_repo_90_10_seed42/hierarchical_conditional_vae/S02_generator-seed0.npz,28.904196865856647,Shared hierarchical class-conditioned VAE samples generated from learned class-dependent two-level priors; validation and test remain real.,
success,vae_repo_90_10_seed42,hierarchical_conditional_vae_generation,2,0,1,30,0.6896551724137931,0.75,0,259,29,288,22,1000,synthetic_hierarchical_conditional_vae,/home/jovyan/eeg-repro/high-gamma-data/data/processed/vae_repo_90_10_seed42/real_splits/S02_real_splits.npz,/home/jovyan/eeg-repro/high-gamma-data/data/generated/vae_repo_90_10_seed42/hierarchical_conditional_vae/S02_generator-seed0.npz,20.072390012443066,Shared hierarchical class-conditioned VAE samples generated from learned class-dependent two-level priors; validation and test remain real.,
success,vae_repo_90_10_seed42,hierarchical_conditional_vae_generation,2,0,2,31,0.6896551724137931,0.75,0,259,29,288,22,1000,synthetic_hierarchical_conditional_vae,/home/jovyan/eeg-repro/high-gamma-data/data/processed/vae_repo_90_10_seed42/real_splits/S02_real_splits.npz,/home/jovyan/eeg-repro/high-gamma-data/data/generated/vae_repo_90_10_seed42/hierarchical_conditional_vae/S02_generator-seed0.npz,19.801496617496014,Shared hierarchical class-conditioned VAE samples generated from learned class-dependent two-level priors; validation and test remain real.,
success,vae_repo_90_10_seed42,hierarchical_conditional_vae_generation,2,1,0,4,0.6551724137931034,0.7534722222222222,0,259,29,288,22,1000,synthetic_hierarchical_conditional_vae,/home/jovyan/eeg-repro/high-gamma-data/data/processed/vae_repo_90_10_seed42/real_splits/S02_real_splits.npz,/home/jovyan/eeg-repro/high-gamma-data/data/generated/vae_repo_90_10_seed42/hierarchical_conditional_vae/S02_generator-seed1.npz,21.876047495752573,Shared hierarchical class-conditioned VAE samples generated from learned class-dependent two-level priors; validation and test remain real.,
success,vae_repo_90_10_seed42,hierarchical_conditional_vae_generation,2,1,1,22,0.6896551724137931,0.7534722222222222,0,259,29,288,22,1000,synthetic_hierarchical_conditional_vae,/home/jovyan/eeg-repro/high-gamma-data/data/processed/vae_repo_90_10_seed42/real_splits/S02_real_splits.npz,/home/jovyan/eeg-repro/high-gamma-data/data/generated/vae_repo_90_10_seed42/hierarchical_conditional_vae/S02_generator-seed1.npz,19.755265202373266,Shared hierarchical class-conditioned VAE samples generated from learned class-dependent two-level priors; validation and test remain real.,
success,vae_repo_90_10_seed42,hierarchical_conditional_vae_generation,2,1,2,23,0.5517241379310345,0.75,0,259,29,288,22,1000,synthetic_hierarchical_conditional_vae,/home/jovyan/eeg-repro/high-gamma-data/data/processed/vae_repo_90_10_seed42/real_splits/S02_real_splits.npz,/home/jovyan/eeg-repro/high-gamma-data/data/generated/vae_repo_90_10_seed42/hierarchical_conditional_vae/S02_generator-seed1.npz,34.19114987179637,Shared hierarchical class-conditioned VAE samples generated from learned class-dependent two-level priors; validation and test remain real.,
success,vae_repo_90_10_seed42,hierarchical_conditional_vae_generation,2,2,0,4,0.6896551724137931,0.7361111111111112,0,259,29,288,22,1000,synthetic_hierarchical_conditional_vae,/home/jovyan/eeg-repro/high-gamma-data/data/processed/vae_repo_90_10_seed42/real_splits/S02_real_splits.npz,/home/jovyan/eeg-repro/high-gamma-data/data/generated/vae_repo_90_10_seed42/hierarchical_conditional_vae/S02_generator-seed2.npz,21.20631854236126,Shared hierarchical class-conditioned VAE samples generated from learned class-dependent two-level priors; validation and test remain real.,
success,vae_repo_90_10_seed42,hierarchical_conditional_vae_generation,2,2,1,5,0.6896551724137931,0.7291666666666667,0,259,29,288,22,1000,synthetic_hierarchical_conditional_vae,/home/jovyan/eeg-repro/high-gamma-data/data/processed/vae_repo_90_10_seed42/real_splits/S02_real_splits.npz,/home/jovyan/eeg-repro/high-gamma-data/data/generated/vae_repo_90_10_seed42/hierarchical_conditional_vae/S02_generator-seed2.npz,19.212318763136864,Shared hierarchical class-conditioned VAE samples generated from learned class-dependent two-level priors; validation and test remain real.,
success,vae_repo_90_10_seed42,hierarchical_conditional_vae_generation,2,2,2,5,0.7586206896551724,0.75,0,259,29,288,22,1000,synthetic_hierarchical_conditional_vae,/home/jovyan/eeg-repro/high-gamma-data/data/processed/vae_repo_90_10_seed42/real_splits/S02_real_splits.npz,/home/jovyan/eeg-repro/high-gamma-data/data/generated/vae_repo_90_10_seed42/hierarchical_conditional_vae/S02_generator-seed2.npz,20.36294663697481,Shared hierarchical class-conditioned VAE samples generated from learned class-dependent two-level priors; validation and test remain real.,
success,vae_repo_90_10_seed42,hierarchical_conditional_vae_generation,3,0,0,30,0.8275862068965517,0.75,0,259,29,288,22,1000,synthetic_hierarchical_conditional_vae,/home/jovyan/eeg-repro/high-gamma-data/data/processed/vae_repo_90_10_seed42/real_splits/S03_real_splits.npz,/home/jovyan/eeg-repro/high-gamma-data/data/generated/vae_repo_90_10_seed42/hierarchical_conditional_vae/S03_generator-seed0.npz,19.54663271084428,Shared hierarchical class-conditioned VAE samples generated from learned class-dependent two-level priors; validation and test remain real.,
success,vae_repo_90_10_seed42,hierarchical_conditional_vae_generation,3,0,1,0,0.6896551724137931,0.75,0,259,29,288,22,1000,synthetic_hierarchical_conditional_vae,/home/jovyan/eeg-repro/high-gamma-data/data/processed/vae_repo_90_10_seed42/real_splits/S03_real_splits.npz,/home/jovyan/eeg-repro/high-gamma-data/data/generated/vae_repo_90_10_seed42/hierarchical_conditional_vae/S03_generator-seed0.npz,19.902184188365936,Shared hierarchical class-conditioned VAE samples generated from learned class-dependent two-level priors; validation and test remain real.,
success,vae_repo_90_10_seed42,hierarchical_conditional_vae_generation,3,0,2,30,0.8275862068965517,0.75,0,259,29,288,22,1000,synthetic_hierarchical_conditional_vae,/home/jovyan/eeg-repro/high-gamma-data/data/processed/vae_repo_90_10_seed42/real_splits/S03_real_splits.npz,/home/jovyan/eeg-repro/high-gamma-data/data/generated/vae_repo_90_10_seed42/hierarchical_conditional_vae/S03_generator-seed0.npz,19.092538438737392,Shared hierarchical class-conditioned VAE samples generated from learned class-dependent two-level priors; validation and test remain real.,
success,vae_repo_90_10_seed42,hierarchical_conditional_vae_generation,3,1,0,30,0.8275862068965517,0.75,0,259,29,288,22,1000,synthetic_hierarchical_conditional_vae,/home/jovyan/eeg-repro/high-gamma-data/data/processed/vae_repo_90_10_seed42/real_splits/S03_real_splits.npz,/home/jovyan/eeg-repro/high-gamma-data/data/generated/vae_repo_90_10_seed42/hierarchical_conditional_vae/S03_generator-seed1.npz,19.64990868791938,Shared hierarchical class-conditioned VAE samples generated from learned class-dependent two-level priors; validation and test remain real.,
success,vae_repo_90_10_seed42,hierarchical_conditional_vae_generation,3,1,1,0,0.6896551724137931,0.75,0,259,29,288,22,1000,synthetic_hierarchical_conditional_vae,/home/jovyan/eeg-repro/high-gamma-data/data/processed/vae_repo_90_10_seed42/real_splits/S03_real_splits.npz,/home/jovyan/eeg-repro/high-gamma-data/data/generated/vae_repo_90_10_seed42/hierarchical_conditional_vae/S03_generator-seed1.npz,19.932453650981188,Shared hierarchical class-conditioned VAE samples generated from learned class-dependent two-level priors; validation and test remain real.,
success,vae_repo_90_10_seed42,hierarchical_conditional_vae_generation,3,1,2,30,0.8275862068965517,0.75,0,259,29,288,22,1000,synthetic_hierarchical_conditional_vae,/home/jovyan/eeg-repro/high-gamma-data/data/processed/vae_repo_90_10_seed42/real_splits/S03_real_splits.npz,/home/jovyan/eeg-repro/high-gamma-data/data/generated/vae_repo_90_10_seed42/hierarchical_conditional_vae/S03_generator-seed1.npz,19.635891523212194,Shared hierarchical class-conditioned VAE samples generated from learned class-dependent two-level priors; validation and test remain real.,
success,vae_repo_90_10_seed42,hierarchical_conditional_vae_generation,3,2,0,11,0.7931034482758621,0.7465277777777778,0,259,29,288,22,1000,synthetic_hierarchical_conditional_vae,/home/jovyan/eeg-repro/high-gamma-data/data/processed/vae_repo_90_10_seed42/real_splits/S03_real_splits.npz,/home/jovyan/eeg-repro/high-gamma-data/data/generated/vae_repo_90_10_seed42/hierarchical_conditional_vae/S03_generator-seed2.npz,20.151447221636772,Shared hierarchical class-conditioned VAE samples generated from learned class-dependent two-level priors; validation and test remain real.,
success,vae_repo_90_10_seed42,hierarchical_conditional_vae_generation,3,2,1,0,0.6896551724137931,0.75,0,259,29,288,22,1000,synthetic_hierarchical_conditional_vae,/home/jovyan/eeg-repro/high-gamma-data/data/processed/vae_repo_90_10_seed42/real_splits/S03_real_splits.npz,/home/jovyan/eeg-repro/high-gamma-data/data/generated/vae_repo_90_10_seed42/hierarchical_conditional_vae/S03_generator-seed2.npz,19.425445280969143,Shared hierarchical class-conditioned VAE samples generated from learned class-dependent two-level priors; validation and test remain real.,
success,vae_repo_90_10_seed42,hierarchical_conditional_vae_generation,3,2,2,3,0.7241379310344828,0.71875,0,259,29,288,22,1000,synthetic_hierarchical_conditional_vae,/home/jovyan/eeg-repro/high-gamma-data/data/processed/vae_repo_90_10_seed42/real_splits/S03_real_splits.npz,/home/jovyan/eeg-repro/high-gamma-data/data/generated/vae_repo_90_10_seed42/hierarchical_conditional_vae/S03_generator-seed2.npz,21.385656028985977,Shared hierarchical class-conditioned VAE samples generated from learned class-dependent two-level priors; validation and test remain real.,
success,vae_repo_90_10_seed42,hierarchical_conditional_vae_generation,4,0,0,14,0.6896551724137931,0.7256944444444444,0,259,29,288,22,1000,synthetic_hierarchical_conditional_vae,/home/jovyan/eeg-repro/high-gamma-data/data/processed/vae_repo_90_10_seed42/real_splits/S04_real_splits.npz,/home/jovyan/eeg-repro/high-gamma-data/data/generated/vae_repo_90_10_seed42/hierarchical_conditional_vae/S04_generator-seed0.npz,27.948683753609657,Shared hierarchical class-conditioned VAE samples generated from learned class-dependent two-level priors; validation and test remain real.,
success,vae_repo_90_10_seed42,hierarchical_conditional_vae_generation,4,0,1,0,0.6896551724137931,0.75,0,259,29,288,22,1000,synthetic_hierarchical_conditional_vae,/home/jovyan/eeg-repro/high-gamma-data/data/processed/vae_repo_90_10_seed42/real_splits/S04_real_splits.npz,/home/jovyan/eeg-repro/high-gamma-data/data/generated/vae_repo_90_10_seed42/hierarchical_conditional_vae/S04_generator-seed0.npz,19.41326379403472,Shared hierarchical class-conditioned VAE samples generated from learned class-dependent two-level priors; validation and test remain real.,
success,vae_repo_90_10_seed42,hierarchical_conditional_vae_generation,4,0,2,30,0.7241379310344828,0.7291666666666667,0,259,29,288,22,1000,synthetic_hierarchical_conditional_vae,/home/jovyan/eeg-repro/high-gamma-data/data/processed/vae_repo_90_10_seed42/real_splits/S04_real_splits.npz,/home/jovyan/eeg-repro/high-gamma-data/data/generated/vae_repo_90_10_seed42/hierarchical_conditional_vae/S04_generator-seed0.npz,20.155239656567574,Shared hierarchical class-conditioned VAE samples generated from learned class-dependent two-level priors; validation and test remain real.,
success,vae_repo_90_10_seed42,hierarchical_conditional_vae_generation,4,1,0,0,0.7241379310344828,0.7708333333333334,0,259,29,288,22,1000,synthetic_hierarchical_conditional_vae,/home/jovyan/eeg-repro/high-gamma-data/data/processed/vae_repo_90_10_seed42/real_splits/S04_real_splits.npz,/home/jovyan/eeg-repro/high-gamma-data/data/generated/vae_repo_90_10_seed42/hierarchical_conditional_vae/S04_generator-seed1.npz,19.420952707529068,Shared hierarchical class-conditioned VAE samples generated from learned class-dependent two-level priors; validation and test remain real.,
success,vae_repo_90_10_seed42,hierarchical_conditional_vae_generation,4,1,1,0,0.6896551724137931,0.75,0,259,29,288,22,1000,synthetic_hierarchical_conditional_vae,/home/jovyan/eeg-repro/high-gamma-data/data/processed/vae_repo_90_10_seed42/real_splits/S04_real_splits.npz,/home/jovyan/eeg-repro/high-gamma-data/data/generated/vae_repo_90_10_seed42/hierarchical_conditional_vae/S04_generator-seed1.npz,19.190479386597872,Shared hierarchical class-conditioned VAE samples generated from learned class-dependent two-level priors; validation and test remain real.,
success,vae_repo_90_10_seed42,hierarchical_conditional_vae_generation,4,1,2,1,0.7586206896551724,0.7430555555555556,0,259,29,288,22,1000,synthetic_hierarchical_conditional_vae,/home/jovyan/eeg-repro/high-gamma-data/data/processed/vae_repo_90_10_seed42/real_splits/S04_real_splits.npz,/home/jovyan/eeg-repro/high-gamma-data/data/generated/vae_repo_90_10_seed42/hierarchical_conditional_vae/S04_generator-seed1.npz,20.243094615638256,Shared hierarchical class-conditioned VAE samples generated from learned class-dependent two-level priors; validation and test remain real.,
success,vae_repo_90_10_seed42,hierarchical_conditional_vae_generation,4,2,0,0,0.7241379310344828,0.7708333333333334,0,259,29,288,22,1000,synthetic_hierarchical_conditional_vae,/home/jovyan/eeg-repro/high-gamma-data/data/processed/vae_repo_90_10_seed42/real_splits/S04_real_splits.npz,/home/jovyan/eeg-repro/high-gamma-data/data/generated/vae_repo_90_10_seed42/hierarchical_conditional_vae/S04_generator-seed2.npz,19.21811645105481,Shared hierarchical class-conditioned VAE samples generated from learned class-dependent two-level priors; validation and test remain real.,
success,vae_repo_90_10_seed42,hierarchical_conditional_vae_generation,4,2,1,0,0.6896551724137931,0.75,0,259,29,288,22,1000,synthetic_hierarchical_conditional_vae,/home/jovyan/eeg-repro/high-gamma-data/data/processed/vae_repo_90_10_seed42/real_splits/S04_real_splits.npz,/home/jovyan/eeg-repro/high-gamma-data/data/generated/vae_repo_90_10_seed42/hierarchical_conditional_vae/S04_generator-seed2.npz,19.528549872338772,Shared hierarchical class-conditioned VAE samples generated from learned class-dependent two-level priors; validation and test remain real.,
success,vae_repo_90_10_seed42,hierarchical_conditional_vae_generation,4,2,2,2,0.7586206896551724,0.7604166666666666,0,259,29,288,22,1000,synthetic_hierarchical_conditional_vae,/home/jovyan/eeg-repro/high-gamma-data/data/processed/vae_repo_90_10_seed42/real_splits/S04_real_splits.npz,/home/jovyan/eeg-repro/high-gamma-data/data/generated/vae_repo_90_10_seed42/hierarchical_conditional_vae/S04_generator-seed2.npz,20.854301627725363,Shared hierarchical class-conditioned VAE samples generated from learned class-dependent two-level priors; validation and test remain real.,
success,vae_repo_90_10_seed42,hierarchical_conditional_vae_generation,5,0,0,23,0.6551724137931034,0.7569444444444444,0,259,29,288,22,1000,synthetic_hierarchical_conditional_vae,/home/jovyan/eeg-repro/high-gamma-data/data/processed/vae_repo_90_10_seed42/real_splits/S05_real_splits.npz,/home/jovyan/eeg-repro/high-gamma-data/data/generated/vae_repo_90_10_seed42/hierarchical_conditional_vae/S05_generator-seed0.npz,28.148523651063442,Shared hierarchical class-conditioned VAE samples generated from learned class-dependent two-level priors; validation and test remain real.,
success,vae_repo_90_10_seed42,hierarchical_conditional_vae_generation,5,0,1,34,0.6551724137931034,0.75,0,259,29,288,22,1000,synthetic_hierarchical_conditional_vae,/home/jovyan/eeg-repro/high-gamma-data/data/processed/vae_repo_90_10_seed42/real_splits/S05_real_splits.npz,/home/jovyan/eeg-repro/high-gamma-data/data/generated/vae_repo_90_10_seed42/hierarchical_conditional_vae/S05_generator-seed0.npz,25.028086192905903,Shared hierarchical class-conditioned VAE samples generated from learned class-dependent two-level priors; validation and test remain real.,
success,vae_repo_90_10_seed42,hierarchical_conditional_vae_generation,5,0,2,10,0.6206896551724138,0.7534722222222222,0,259,29,288,22,1000,synthetic_hierarchical_conditional_vae,/home/jovyan/eeg-repro/high-gamma-data/data/processed/vae_repo_90_10_seed42/real_splits/S05_real_splits.npz,/home/jovyan/eeg-repro/high-gamma-data/data/generated/vae_repo_90_10_seed42/hierarchical_conditional_vae/S05_generator-seed0.npz,26.08602385222912,Shared hierarchical class-conditioned VAE samples generated from learned class-dependent two-level priors; validation and test remain real.,
success,vae_repo_90_10_seed42,hierarchical_conditional_vae_generation,5,1,0,7,0.6551724137931034,0.7534722222222222,0,259,29,288,22,1000,synthetic_hierarchical_conditional_vae,/home/jovyan/eeg-repro/high-gamma-data/data/processed/vae_repo_90_10_seed42/real_splits/S05_real_splits.npz,/home/jovyan/eeg-repro/high-gamma-data/data/generated/vae_repo_90_10_seed42/hierarchical_conditional_vae/S05_generator-seed1.npz,24.172019232064486,Shared hierarchical class-conditioned VAE samples generated from learned class-dependent two-level priors; validation and test remain real.,
success,vae_repo_90_10_seed42,hierarchical_conditional_vae_generation,5,1,1,31,0.6206896551724138,0.7569444444444444,0,259,29,288,22,1000,synthetic_hierarchical_conditional_vae,/home/jovyan/eeg-repro/high-gamma-data/data/processed/vae_repo_90_10_seed42/real_splits/S05_real_splits.npz,/home/jovyan/eeg-repro/high-gamma-data/data/generated/vae_repo_90_10_seed42/hierarchical_conditional_vae/S05_generator-seed1.npz,39.06244811788201,Shared hierarchical class-conditioned VAE samples generated from learned class-dependent two-level priors; validation and test remain real.,
success,vae_repo_90_10_seed42,hierarchical_conditional_vae_generation,5,1,2,20,0.6206896551724138,0.7777777777777778,0,259,29,288,22,1000,synthetic_hierarchical_conditional_vae,/home/jovyan/eeg-repro/high-gamma-data/data/processed/vae_repo_90_10_seed42/real_splits/S05_real_splits.npz,/home/jovyan/eeg-repro/high-gamma-data/data/generated/vae_repo_90_10_seed42/hierarchical_conditional_vae/S05_generator-seed1.npz,31.98711359128356,Shared hierarchical class-conditioned VAE samples generated from learned class-dependent two-level priors; validation and test remain real.,
success,vae_repo_90_10_seed42,hierarchical_conditional_vae_generation,5,2,0,11,0.6206896551724138,0.7638888888888888,0,259,29,288,22,1000,synthetic_hierarchical_conditional_vae,/home/jovyan/eeg-repro/high-gamma-data/data/processed/vae_repo_90_10_seed42/real_splits/S05_real_splits.npz,/home/jovyan/eeg-repro/high-gamma-data/data/generated/vae_repo_90_10_seed42/hierarchical_conditional_vae/S05_generator-seed2.npz,26.776179160922766,Shared hierarchical class-conditioned VAE samples generated from learned class-dependent two-level priors; validation and test remain real.,
success,vae_repo_90_10_seed42,hierarchical_conditional_vae_generation,5,2,1,21,0.6206896551724138,0.7465277777777778,0,259,29,288,22,1000,synthetic_hierarchical_conditional_vae,/home/jovyan/eeg-repro/high-gamma-data/data/processed/vae_repo_90_10_seed42/real_splits/S05_real_splits.npz,/home/jovyan/eeg-repro/high-gamma-data/data/generated/vae_repo_90_10_seed42/hierarchical_conditional_vae/S05_generator-seed2.npz,25.484491501003504,Shared hierarchical class-conditioned VAE samples generated from learned class-dependent two-level priors; validation and test remain real.,
success,vae_repo_90_10_seed42,hierarchical_conditional_vae_generation,5,2,2,53,0.5517241379310345,0.7569444444444444,0,259,29,288,22,1000,synthetic_hierarchical_conditional_vae,/home/jovyan/eeg-repro/high-gamma-data/data/processed/vae_repo_90_10_seed42/real_splits/S05_real_splits.npz,/home/jovyan/eeg-repro/high-gamma-data/data/generated/vae_repo_90_10_seed42/hierarchical_conditional_vae/S05_generator-seed2.npz,53.600765097886324,Shared hierarchical class-conditioned VAE samples generated from learned class-dependent two-level priors; validation and test remain real.,
success,vae_repo_90_10_seed42,hierarchical_conditional_vae_generation,6,0,0,12,0.6896551724137931,0.7569444444444444,0,259,29,288,22,1000,synthetic_hierarchical_conditional_vae,/home/jovyan/eeg-repro/high-gamma-data/data/processed/vae_repo_90_10_seed42/real_splits/S06_real_splits.npz,/home/jovyan/eeg-repro/high-gamma-data/data/generated/vae_repo_90_10_seed42/hierarchical_conditional_vae/S06_generator-seed0.npz,20.015935756266117,Shared hierarchical class-conditioned VAE samples generated from learned class-dependent two-level priors; validation and test remain real.,
success,vae_repo_90_10_seed42,hierarchical_conditional_vae_generation,6,0,1,14,0.6896551724137931,0.7534722222222222,0,259,29,288,22,1000,synthetic_hierarchical_conditional_vae,/home/jovyan/eeg-repro/high-gamma-data/data/processed/vae_repo_90_10_seed42/real_splits/S06_real_splits.npz,/home/jovyan/eeg-repro/high-gamma-data/data/generated/vae_repo_90_10_seed42/hierarchical_conditional_vae/S06_generator-seed0.npz,20.355785559862852,Shared hierarchical class-conditioned VAE samples generated from learned class-dependent two-level priors; validation and test remain real.,
success,vae_repo_90_10_seed42,hierarchical_conditional_vae_generation,6,0,2,3,0.6551724137931034,0.7534722222222222,0,259,29,288,22,1000,synthetic_hierarchical_conditional_vae,/home/jovyan/eeg-repro/high-gamma-data/data/processed/vae_repo_90_10_seed42/real_splits/S06_real_splits.npz,/home/jovyan/eeg-repro/high-gamma-data/data/generated/vae_repo_90_10_seed42/hierarchical_conditional_vae/S06_generator-seed0.npz,21.297830302268267,Shared hierarchical class-conditioned VAE samples generated from learned class-dependent two-level priors; validation and test remain real.,
success,vae_repo_90_10_seed42,hierarchical_conditional_vae_generation,6,1,0,18,0.6206896551724138,0.7152777777777778,0,259,29,288,22,1000,synthetic_hierarchical_conditional_vae,/home/jovyan/eeg-repro/high-gamma-data/data/processed/vae_repo_90_10_seed42/real_splits/S06_real_splits.npz,/home/jovyan/eeg-repro/high-gamma-data/data/generated/vae_repo_90_10_seed42/hierarchical_conditional_vae/S06_generator-seed1.npz,31.26071799173951,Shared hierarchical class-conditioned VAE samples generated from learned class-dependent two-level priors; validation and test remain real.,
success,vae_repo_90_10_seed42,hierarchical_conditional_vae_generation,6,1,1,15,0.6206896551724138,0.7013888888888888,0,259,29,288,22,1000,synthetic_hierarchical_conditional_vae,/home/jovyan/eeg-repro/high-gamma-data/data/processed/vae_repo_90_10_seed42/real_splits/S06_real_splits.npz,/home/jovyan/eeg-repro/high-gamma-data/data/generated/vae_repo_90_10_seed42/hierarchical_conditional_vae/S06_generator-seed1.npz,29.501165471971035,Shared hierarchical class-conditioned VAE samples generated from learned class-dependent two-level priors; validation and test remain real.,
success,vae_repo_90_10_seed42,hierarchical_conditional_vae_generation,6,1,2,23,0.6896551724137931,0.7013888888888888,0,259,29,288,22,1000,synthetic_hierarchical_conditional_vae,/home/jovyan/eeg-repro/high-gamma-data/data/processed/vae_repo_90_10_seed42/real_splits/S06_real_splits.npz,/home/jovyan/eeg-repro/high-gamma-data/data/generated/vae_repo_90_10_seed42/hierarchical_conditional_vae/S06_generator-seed1.npz,20.177255138754845,Shared hierarchical class-conditioned VAE samples generated from learned class-dependent two-level priors; validation and test remain real.,
success,vae_repo_90_10_seed42,hierarchical_conditional_vae_generation,6,2,0,31,0.6896551724137931,0.75,0,259,29,288,22,1000,synthetic_hierarchical_conditional_vae,/home/jovyan/eeg-repro/high-gamma-data/data/processed/vae_repo_90_10_seed42/real_splits/S06_real_splits.npz,/home/jovyan/eeg-repro/high-gamma-data/data/generated/vae_repo_90_10_seed42/hierarchical_conditional_vae/S06_generator-seed2.npz,19.99309352040291,Shared hierarchical class-conditioned VAE samples generated from learned class-dependent two-level priors; validation and test remain real.,
success,vae_repo_90_10_seed42,hierarchical_conditional_vae_generation,6,2,1,31,0.6896551724137931,0.75,0,259,29,288,22,1000,synthetic_hierarchical_conditional_vae,/home/jovyan/eeg-repro/high-gamma-data/data/processed/vae_repo_90_10_seed42/real_splits/S06_real_splits.npz,/home/jovyan/eeg-repro/high-gamma-data/data/generated/vae_repo_90_10_seed42/hierarchical_conditional_vae/S06_generator-seed2.npz,20.38081582635641,Shared hierarchical class-conditioned VAE samples generated from learned class-dependent two-level priors; validation and test remain real.,
success,vae_repo_90_10_seed42,hierarchical_conditional_vae_generation,6,2,2,31,0.6896551724137931,0.7430555555555556,0,259,29,288,22,1000,synthetic_hierarchical_conditional_vae,/home/jovyan/eeg-repro/high-gamma-data/data/processed/vae_repo_90_10_seed42/real_splits/S06_real_splits.npz,/home/jovyan/eeg-repro/high-gamma-data/data/generated/vae_repo_90_10_seed42/hierarchical_conditional_vae/S06_generator-seed2.npz,20.473842423409224,Shared hierarchical class-conditioned VAE samples generated from learned class-dependent two-level priors; validation and test remain real.,
success,vae_repo_90_10_seed42,hierarchical_conditional_vae_generation,7,0,0,33,0.6206896551724138,0.6840277777777778,0,259,29,288,22,1000,synthetic_hierarchical_conditional_vae,/home/jovyan/eeg-repro/high-gamma-data/data/processed/vae_repo_90_10_seed42/real_splits/S07_real_splits.npz,/home/jovyan/eeg-repro/high-gamma-data/data/generated/vae_repo_90_10_seed42/hierarchical_conditional_vae/S07_generator-seed0.npz,34.0142726264894,Shared hierarchical class-conditioned VAE samples generated from learned class-dependent two-level priors; validation and test remain real.,
success,vae_repo_90_10_seed42,hierarchical_conditional_vae_generation,7,0,1,34,0.6206896551724138,0.6909722222222222,0,259,29,288,22,1000,synthetic_hierarchical_conditional_vae,/home/jovyan/eeg-repro/high-gamma-data/data/processed/vae_repo_90_10_seed42/real_splits/S07_real_splits.npz,/home/jovyan/eeg-repro/high-gamma-data/data/generated/vae_repo_90_10_seed42/hierarchical_conditional_vae/S07_generator-seed0.npz,34.670530911535025,Shared hierarchical class-conditioned VAE samples generated from learned class-dependent two-level priors; validation and test remain real.,
success,vae_repo_90_10_seed42,hierarchical_conditional_vae_generation,7,0,2,41,0.5862068965517242,0.65625,0,259,29,288,22,1000,synthetic_hierarchical_conditional_vae,/home/jovyan/eeg-repro/high-gamma-data/data/processed/vae_repo_90_10_seed42/real_splits/S07_real_splits.npz,/home/jovyan/eeg-repro/high-gamma-data/data/generated/vae_repo_90_10_seed42/hierarchical_conditional_vae/S07_generator-seed0.npz,44.89202270656824,Shared hierarchical class-conditioned VAE samples generated from learned class-dependent two-level priors; validation and test remain real.,
success,vae_repo_90_10_seed42,hierarchical_conditional_vae_generation,7,1,0,0,0.7241379310344828,0.65625,0,259,29,288,22,1000,synthetic_hierarchical_conditional_vae,/home/jovyan/eeg-repro/high-gamma-data/data/processed/vae_repo_90_10_seed42/real_splits/S07_real_splits.npz,/home/jovyan/eeg-repro/high-gamma-data/data/generated/vae_repo_90_10_seed42/hierarchical_conditional_vae/S07_generator-seed1.npz,19.481222175061703,Shared hierarchical class-conditioned VAE samples generated from learned class-dependent two-level priors; validation and test remain real.,
success,vae_repo_90_10_seed42,hierarchical_conditional_vae_generation,7,1,1,0,0.6896551724137931,0.75,0,259,29,288,22,1000,synthetic_hierarchical_conditional_vae,/home/jovyan/eeg-repro/high-gamma-data/data/processed/vae_repo_90_10_seed42/real_splits/S07_real_splits.npz,/home/jovyan/eeg-repro/high-gamma-data/data/generated/vae_repo_90_10_seed42/hierarchical_conditional_vae/S07_generator-seed1.npz,19.628276452422142,Shared hierarchical class-conditioned VAE samples generated from learned class-dependent two-level priors; validation and test remain real.,
success,vae_repo_90_10_seed42,hierarchical_conditional_vae_generation,7,1,2,1,0.7586206896551724,0.6701388888888888,0,259,29,288,22,1000,synthetic_hierarchical_conditional_vae,/home/jovyan/eeg-repro/high-gamma-data/data/processed/vae_repo_90_10_seed42/real_splits/S07_real_splits.npz,/home/jovyan/eeg-repro/high-gamma-data/data/generated/vae_repo_90_10_seed42/hierarchical_conditional_vae/S07_generator-seed1.npz,20.196913048624992,Shared hierarchical class-conditioned VAE samples generated from learned class-dependent two-level priors; validation and test remain real.,
success,vae_repo_90_10_seed42,hierarchical_conditional_vae_generation,7,2,0,0,0.7241379310344828,0.65625,0,259,29,288,22,1000,synthetic_hierarchical_conditional_vae,/home/jovyan/eeg-repro/high-gamma-data/data/processed/vae_repo_90_10_seed42/real_splits/S07_real_splits.npz,/home/jovyan/eeg-repro/high-gamma-data/data/generated/vae_repo_90_10_seed42/hierarchical_conditional_vae/S07_generator-seed2.npz,20.17030030116439,Shared hierarchical class-conditioned VAE samples generated from learned class-dependent two-level priors; validation and test remain real.,
success,vae_repo_90_10_seed42,hierarchical_conditional_vae_generation,7,2,1,0,0.6896551724137931,0.75,0,259,29,288,22,1000,synthetic_hierarchical_conditional_vae,/home/jovyan/eeg-repro/high-gamma-data/data/processed/vae_repo_90_10_seed42/real_splits/S07_real_splits.npz,/home/jovyan/eeg-repro/high-gamma-data/data/generated/vae_repo_90_10_seed42/hierarchical_conditional_vae/S07_generator-seed2.npz,19.6453836299479,Shared hierarchical class-conditioned VAE samples generated from learned class-dependent two-level priors; validation and test remain real.,
success,vae_repo_90_10_seed42,hierarchical_conditional_vae_generation,7,2,2,0,0.7931034482758621,0.7465277777777778,0,259,29,288,22,1000,synthetic_hierarchical_conditional_vae,/home/jovyan/eeg-repro/high-gamma-data/data/processed/vae_repo_90_10_seed42/real_splits/S07_real_splits.npz,/home/jovyan/eeg-repro/high-gamma-data/data/generated/vae_repo_90_10_seed42/hierarchical_conditional_vae/S07_generator-seed2.npz,19.51450989022851,Shared hierarchical class-conditioned VAE samples generated from learned class-dependent two-level priors; validation and test remain real.,
success,vae_repo_90_10_seed42,hierarchical_conditional_vae_generation,8,0,0,1,0.6896551724137931,0.75,0,259,29,288,22,1000,synthetic_hierarchical_conditional_vae,/home/jovyan/eeg-repro/high-gamma-data/data/processed/vae_repo_90_10_seed42/real_splits/S08_real_splits.npz,/home/jovyan/eeg-repro/high-gamma-data/data/generated/vae_repo_90_10_seed42/hierarchical_conditional_vae/S08_generator-seed0.npz,20.325317312031984,Shared hierarchical class-conditioned VAE samples generated from learned class-dependent two-level priors; validation and test remain real.,
success,vae_repo_90_10_seed42,hierarchical_conditional_vae_generation,8,0,1,0,0.6896551724137931,0.75,0,259,29,288,22,1000,synthetic_hierarchical_conditional_vae,/home/jovyan/eeg-repro/high-gamma-data/data/processed/vae_repo_90_10_seed42/real_splits/S08_real_splits.npz,/home/jovyan/eeg-repro/high-gamma-data/data/generated/vae_repo_90_10_seed42/hierarchical_conditional_vae/S08_generator-seed0.npz,19.644883453845978,Shared hierarchical class-conditioned VAE samples generated from learned class-dependent two-level priors; validation and test remain real.,
success,vae_repo_90_10_seed42,hierarchical_conditional_vae_generation,8,0,2,30,0.8275862068965517,0.75,0,259,29,288,22,1000,synthetic_hierarchical_conditional_vae,/home/jovyan/eeg-repro/high-gamma-data/data/processed/vae_repo_90_10_seed42/real_splits/S08_real_splits.npz,/home/jovyan/eeg-repro/high-gamma-data/data/generated/vae_repo_90_10_seed42/hierarchical_conditional_vae/S08_generator-seed0.npz,20.47995236888528,Shared hierarchical class-conditioned VAE samples generated from learned class-dependent two-level priors; validation and test remain real.,
success,vae_repo_90_10_seed42,hierarchical_conditional_vae_generation,8,1,0,30,0.8275862068965517,0.75,0,259,29,288,22,1000,synthetic_hierarchical_conditional_vae,/home/jovyan/eeg-repro/high-gamma-data/data/processed/vae_repo_90_10_seed42/real_splits/S08_real_splits.npz,/home/jovyan/eeg-repro/high-gamma-data/data/generated/vae_repo_90_10_seed42/hierarchical_conditional_vae/S08_generator-seed1.npz,19.886154156178236,Shared hierarchical class-conditioned VAE samples generated from learned class-dependent two-level priors; validation and test remain real.,
success,vae_repo_90_10_seed42,hierarchical_conditional_vae_generation,8,1,1,0,0.6896551724137931,0.75,0,259,29,288,22,1000,synthetic_hierarchical_conditional_vae,/home/jovyan/eeg-repro/high-gamma-data/data/processed/vae_repo_90_10_seed42/real_splits/S08_real_splits.npz,/home/jovyan/eeg-repro/high-gamma-data/data/generated/vae_repo_90_10_seed42/hierarchical_conditional_vae/S08_generator-seed1.npz,19.77785351872444,Shared hierarchical class-conditioned VAE samples generated from learned class-dependent two-level priors; validation and test remain real.,
success,vae_repo_90_10_seed42,hierarchical_conditional_vae_generation,8,1,2,30,0.8275862068965517,0.75,0,259,29,288,22,1000,synthetic_hierarchical_conditional_vae,/home/jovyan/eeg-repro/high-gamma-data/data/processed/vae_repo_90_10_seed42/real_splits/S08_real_splits.npz,/home/jovyan/eeg-repro/high-gamma-data/data/generated/vae_repo_90_10_seed42/hierarchical_conditional_vae/S08_generator-seed1.npz,19.59333562478423,Shared hierarchical class-conditioned VAE samples generated from learned class-dependent two-level priors; validation and test remain real.,
success,vae_repo_90_10_seed42,hierarchical_conditional_vae_generation,8,2,0,52,0.6896551724137931,0.75,0,259,29,288,22,1000,synthetic_hierarchical_conditional_vae,/home/jovyan/eeg-repro/high-gamma-data/data/processed/vae_repo_90_10_seed42/real_splits/S08_real_splits.npz,/home/jovyan/eeg-repro/high-gamma-data/data/generated/vae_repo_90_10_seed42/hierarchical_conditional_vae/S08_generator-seed2.npz,33.40074373409152,Shared hierarchical class-conditioned VAE samples generated from learned class-dependent two-level priors; validation and test remain real.,
success,vae_repo_90_10_seed42,hierarchical_conditional_vae_generation,8,2,1,0,0.6896551724137931,0.75,0,259,29,288,22,1000,synthetic_hierarchical_conditional_vae,/home/jovyan/eeg-repro/high-gamma-data/data/processed/vae_repo_90_10_seed42/real_splits/S08_real_splits.npz,/home/jovyan/eeg-repro/high-gamma-data/data/generated/vae_repo_90_10_seed42/hierarchical_conditional_vae/S08_generator-seed2.npz,20.36629383638501,Shared hierarchical class-conditioned VAE samples generated from learned class-dependent two-level priors; validation and test remain real.,
success,vae_repo_90_10_seed42,hierarchical_conditional_vae_generation,8,2,2,51,0.6896551724137931,0.75,0,259,29,288,22,1000,synthetic_hierarchical_conditional_vae,/home/jovyan/eeg-repro/high-gamma-data/data/processed/vae_repo_90_10_seed42/real_splits/S08_real_splits.npz,/home/jovyan/eeg-repro/high-gamma-data/data/generated/vae_repo_90_10_seed42/hierarchical_conditional_vae/S08_generator-seed2.npz,32.68613801896572,Shared hierarchical class-conditioned VAE samples generated from learned class-dependent two-level priors; validation and test remain real.,
success,vae_repo_90_10_seed42,hierarchical_conditional_vae_generation,9,0,0,30,0.7241379310344828,0.75,0,259,29,288,22,1000,synthetic_hierarchical_conditional_vae,/home/jovyan/eeg-repro/high-gamma-data/data/processed/vae_repo_90_10_seed42/real_splits/S09_real_splits.npz,/home/jovyan/eeg-repro/high-gamma-data/data/generated/vae_repo_90_10_seed42/hierarchical_conditional_vae/S09_generator-seed0.npz,20.16237385571003,Shared hierarchical class-conditioned VAE samples generated from learned class-dependent two-level priors; validation and test remain real.,
success,vae_repo_90_10_seed42,hierarchical_conditional_vae_generation,9,0,1,31,0.7241379310344828,0.75,0,259,29,288,22,1000,synthetic_hierarchical_conditional_vae,/home/jovyan/eeg-repro/high-gamma-data/data/processed/vae_repo_90_10_seed42/real_splits/S09_real_splits.npz,/home/jovyan/eeg-repro/high-gamma-data/data/generated/vae_repo_90_10_seed42/hierarchical_conditional_vae/S09_generator-seed0.npz,19.675650984048843,Shared hierarchical class-conditioned VAE samples generated from learned class-dependent two-level priors; validation and test remain real.,
success,vae_repo_90_10_seed42,hierarchical_conditional_vae_generation,9,0,2,30,0.7241379310344828,0.75,0,259,29,288,22,1000,synthetic_hierarchical_conditional_vae,/home/jovyan/eeg-repro/high-gamma-data/data/processed/vae_repo_90_10_seed42/real_splits/S09_real_splits.npz,/home/jovyan/eeg-repro/high-gamma-data/data/generated/vae_repo_90_10_seed42/hierarchical_conditional_vae/S09_generator-seed0.npz,20.014837760478258,Shared hierarchical class-conditioned VAE samples generated from learned class-dependent two-level priors; validation and test remain real.,
success,vae_repo_90_10_seed42,hierarchical_conditional_vae_generation,9,1,0,7,0.6551724137931034,0.7673611111111112,0,259,29,288,22,1000,synthetic_hierarchical_conditional_vae,/home/jovyan/eeg-repro/high-gamma-data/data/processed/vae_repo_90_10_seed42/real_splits/S09_real_splits.npz,/home/jovyan/eeg-repro/high-gamma-data/data/generated/vae_repo_90_10_seed42/hierarchical_conditional_vae/S09_generator-seed1.npz,24.334789406508207,Shared hierarchical class-conditioned VAE samples generated from learned class-dependent two-level priors; validation and test remain real.,
success,vae_repo_90_10_seed42,hierarchical_conditional_vae_generation,9,1,1,9,0.6551724137931034,0.7638888888888888,0,259,29,288,22,1000,synthetic_hierarchical_conditional_vae,/home/jovyan/eeg-repro/high-gamma-data/data/processed/vae_repo_90_10_seed42/real_splits/S09_real_splits.npz,/home/jovyan/eeg-repro/high-gamma-data/data/generated/vae_repo_90_10_seed42/hierarchical_conditional_vae/S09_generator-seed1.npz,21.997772373259068,Shared hierarchical class-conditioned VAE samples generated from learned class-dependent two-level priors; validation and test remain real.,
success,vae_repo_90_10_seed42,hierarchical_conditional_vae_generation,9,1,2,1,0.6896551724137931,0.8020833333333334,0,259,29,288,22,1000,synthetic_hierarchical_conditional_vae,/home/jovyan/eeg-repro/high-gamma-data/data/processed/vae_repo_90_10_seed42/real_splits/S09_real_splits.npz,/home/jovyan/eeg-repro/high-gamma-data/data/generated/vae_repo_90_10_seed42/hierarchical_conditional_vae/S09_generator-seed1.npz,19.694063778966665,Shared hierarchical class-conditioned VAE samples generated from learned class-dependent two-level priors; validation and test remain real.,
success,vae_repo_90_10_seed42,hierarchical_conditional_vae_generation,9,2,0,30,0.7241379310344828,0.75,0,259,29,288,22,1000,synthetic_hierarchical_conditional_vae,/home/jovyan/eeg-repro/high-gamma-data/data/processed/vae_repo_90_10_seed42/real_splits/S09_real_splits.npz,/home/jovyan/eeg-repro/high-gamma-data/data/generated/vae_repo_90_10_seed42/hierarchical_conditional_vae/S09_generator-seed2.npz,19.390070356428623,Shared hierarchical class-conditioned VAE samples generated from learned class-dependent two-level priors; validation and test remain real.,
success,vae_repo_90_10_seed42,hierarchical_conditional_vae_generation,9,2,1,31,0.7241379310344828,0.75,0,259,29,288,22,1000,synthetic_hierarchical_conditional_vae,/home/jovyan/eeg-repro/high-gamma-data/data/processed/vae_repo_90_10_seed42/real_splits/S09_real_splits.npz,/home/jovyan/eeg-repro/high-gamma-data/data/generated/vae_repo_90_10_seed42/hierarchical_conditional_vae/S09_generator-seed2.npz,20.791972406208515,Shared hierarchical class-conditioned VAE samples generated from learned class-dependent two-level priors; validation and test remain real.,
success,vae_repo_90_10_seed42,hierarchical_conditional_vae_generation,9,2,2,30,0.7241379310344828,0.75,0,259,29,288,22,1000,synthetic_hierarchical_conditional_vae,/home/jovyan/eeg-repro/high-gamma-data/data/processed/vae_repo_90_10_seed42/real_splits/S09_real_splits.npz,/home/jovyan/eeg-repro/high-gamma-data/data/generated/vae_repo_90_10_seed42/hierarchical_conditional_vae/S09_generator-seed2.npz,19.91450421139598,Shared hierarchical class-conditioned VAE samples generated from learned class-dependent two-level priors; validation and test remain real.,
