status,protocol_id,method,subject_id,generator_seed,classifier_seed,selected_epoch,validation_misclass,test_misclass,n_real_train_trials,n_synthetic_train_trials,n_valid_trials,n_test_trials,n_channels,n_times,train_data_type,split_file,train_data_file,runtime_seconds,notes,error
success,vae_repo_90_10_seed42,gaussian_cct_add_25pct_synth,1,0,0,51,0.06896551724137934,0.22569444444444442,259,65,29,288,22,1000,real_plus_synthetic_gaussian_cct,/home/jovyan/eeg-repro/high-gamma-data/data/processed/vae_repo_90_10_seed42/real_splits/S01_real_splits.npz,/home/jovyan/eeg-repro/high-gamma-data/data/generated/vae_repo_90_10_seed42/gaussian/gaussian_class_channel_time/S01_generator-seed0.npz,63.61451732367277,Additive augmentation with Gaussian class-channel-time synthetic EEG; all 259 real training trials retained; 65 synthetic trials added; synthetic amount=25% relative to original real training size; final training size=324; final synthetic composition=20.06%; synthetic subset class-stratified and nested; validation and official test sets remain entirely real.,
success,vae_repo_90_10_seed42,gaussian_cct_add_25pct_synth,1,0,1,31,0.1724137931034483,0.23611111111111116,259,65,29,288,22,1000,real_plus_synthetic_gaussian_cct,/home/jovyan/eeg-repro/high-gamma-data/data/processed/vae_repo_90_10_seed42/real_splits/S01_real_splits.npz,/home/jovyan/eeg-repro/high-gamma-data/data/generated/vae_repo_90_10_seed42/gaussian/gaussian_class_channel_time/S01_generator-seed0.npz,33.85956355929375,Additive augmentation with Gaussian class-channel-time synthetic EEG; all 259 real training trials retained; 65 synthetic trials added; synthetic amount=25% relative to original real training size; final training size=324; final synthetic composition=20.06%; synthetic subset class-stratified and nested; validation and official test sets remain entirely real.,
success,vae_repo_90_10_seed42,gaussian_cct_add_25pct_synth,1,0,2,39,0.13793103448275867,0.27083333333333337,259,65,29,288,22,1000,real_plus_synthetic_gaussian_cct,/home/jovyan/eeg-repro/high-gamma-data/data/processed/vae_repo_90_10_seed42/real_splits/S01_real_splits.npz,/home/jovyan/eeg-repro/high-gamma-data/data/generated/vae_repo_90_10_seed42/gaussian/gaussian_class_channel_time/S01_generator-seed0.npz,46.39757377654314,Additive augmentation with Gaussian class-channel-time synthetic EEG; all 259 real training trials retained; 65 synthetic trials added; synthetic amount=25% relative to original real training size; final training size=324; final synthetic composition=20.06%; synthetic subset class-stratified and nested; validation and official test sets remain entirely real.,
success,vae_repo_90_10_seed42,gaussian_cct_add_50pct_synth,1,0,0,39,0.06896551724137934,0.2534722222222222,259,129,29,288,22,1000,real_plus_synthetic_gaussian_cct,/home/jovyan/eeg-repro/high-gamma-data/data/processed/vae_repo_90_10_seed42/real_splits/S01_real_splits.npz,/home/jovyan/eeg-repro/high-gamma-data/data/generated/vae_repo_90_10_seed42/gaussian/gaussian_class_channel_time/S01_generator-seed0.npz,62.86529561877251,Additive augmentation with Gaussian class-channel-time synthetic EEG; all 259 real training trials retained; 129 synthetic trials added; synthetic amount=50% relative to original real training size; final training size=388; final synthetic composition=33.25%; synthetic subset class-stratified and nested; validation and official test sets remain entirely real.,
success,vae_repo_90_10_seed42,gaussian_cct_add_50pct_synth,1,0,1,35,0.13793103448275867,0.2743055555555556,259,129,29,288,22,1000,real_plus_synthetic_gaussian_cct,/home/jovyan/eeg-repro/high-gamma-data/data/processed/vae_repo_90_10_seed42/real_splits/S01_real_splits.npz,/home/jovyan/eeg-repro/high-gamma-data/data/generated/vae_repo_90_10_seed42/gaussian/gaussian_class_channel_time/S01_generator-seed0.npz,59.95428577065468,Additive augmentation with Gaussian class-channel-time synthetic EEG; all 259 real training trials retained; 129 synthetic trials added; synthetic amount=50% relative to original real training size; final training size=388; final synthetic composition=33.25%; synthetic subset class-stratified and nested; validation and official test sets remain entirely real.,
success,vae_repo_90_10_seed42,gaussian_cct_add_50pct_synth,1,0,2,30,0.13793103448275867,0.32638888888888884,259,129,29,288,22,1000,real_plus_synthetic_gaussian_cct,/home/jovyan/eeg-repro/high-gamma-data/data/processed/vae_repo_90_10_seed42/real_splits/S01_real_splits.npz,/home/jovyan/eeg-repro/high-gamma-data/data/generated/vae_repo_90_10_seed42/gaussian/gaussian_class_channel_time/S01_generator-seed0.npz,55.138399828225374,Additive augmentation with Gaussian class-channel-time synthetic EEG; all 259 real training trials retained; 129 synthetic trials added; synthetic amount=50% relative to original real training size; final training size=388; final synthetic composition=33.25%; synthetic subset class-stratified and nested; validation and official test sets remain entirely real.,
success,vae_repo_90_10_seed42,gaussian_cct_add_75pct_synth,1,0,0,57,0.1724137931034483,0.3368055555555556,259,194,29,288,22,1000,real_plus_synthetic_gaussian_cct,/home/jovyan/eeg-repro/high-gamma-data/data/processed/vae_repo_90_10_seed42/real_splits/S01_real_splits.npz,/home/jovyan/eeg-repro/high-gamma-data/data/generated/vae_repo_90_10_seed42/gaussian/gaussian_class_channel_time/S01_generator-seed0.npz,72.74350738152862,Additive augmentation with Gaussian class-channel-time synthetic EEG; all 259 real training trials retained; 194 synthetic trials added; synthetic amount=75% relative to original real training size; final training size=453; final synthetic composition=42.83%; synthetic subset class-stratified and nested; validation and official test sets remain entirely real.,
success,vae_repo_90_10_seed42,gaussian_cct_add_75pct_synth,1,0,1,51,0.2068965517241379,0.29166666666666663,259,194,29,288,22,1000,real_plus_synthetic_gaussian_cct,/home/jovyan/eeg-repro/high-gamma-data/data/processed/vae_repo_90_10_seed42/real_splits/S01_real_splits.npz,/home/jovyan/eeg-repro/high-gamma-data/data/generated/vae_repo_90_10_seed42/gaussian/gaussian_class_channel_time/S01_generator-seed0.npz,68.51387956738472,Additive augmentation with Gaussian class-channel-time synthetic EEG; all 259 real training trials retained; 194 synthetic trials added; synthetic amount=75% relative to original real training size; final training size=453; final synthetic composition=42.83%; synthetic subset class-stratified and nested; validation and official test sets remain entirely real.,
success,vae_repo_90_10_seed42,gaussian_cct_add_75pct_synth,1,0,2,36,0.2068965517241379,0.30208333333333337,259,194,29,288,22,1000,real_plus_synthetic_gaussian_cct,/home/jovyan/eeg-repro/high-gamma-data/data/processed/vae_repo_90_10_seed42/real_splits/S01_real_splits.npz,/home/jovyan/eeg-repro/high-gamma-data/data/generated/vae_repo_90_10_seed42/gaussian/gaussian_class_channel_time/S01_generator-seed0.npz,77.42070161178708,Additive augmentation with Gaussian class-channel-time synthetic EEG; all 259 real training trials retained; 194 synthetic trials added; synthetic amount=75% relative to original real training size; final training size=453; final synthetic composition=42.83%; synthetic subset class-stratified and nested; validation and official test sets remain entirely real.,
success,vae_repo_90_10_seed42,gaussian_cct_add_100pct_synth,1,0,0,40,0.24137931034482762,0.29513888888888884,259,259,29,288,22,1000,real_plus_synthetic_gaussian_cct,/home/jovyan/eeg-repro/high-gamma-data/data/processed/vae_repo_90_10_seed42/real_splits/S01_real_splits.npz,/home/jovyan/eeg-repro/high-gamma-data/data/generated/vae_repo_90_10_seed42/gaussian/gaussian_class_channel_time/S01_generator-seed0.npz,58.963478956371546,Additive augmentation with Gaussian class-channel-time synthetic EEG; all 259 real training trials retained; 259 synthetic trials added; synthetic amount=100% relative to original real training size; final training size=518; final synthetic composition=50.00%; synthetic subset class-stratified and nested; validation and official test sets remain entirely real.,
success,vae_repo_90_10_seed42,gaussian_cct_add_100pct_synth,1,0,1,25,0.24137931034482762,0.29166666666666663,259,259,29,288,22,1000,real_plus_synthetic_gaussian_cct,/home/jovyan/eeg-repro/high-gamma-data/data/processed/vae_repo_90_10_seed42/real_splits/S01_real_splits.npz,/home/jovyan/eeg-repro/high-gamma-data/data/generated/vae_repo_90_10_seed42/gaussian/gaussian_class_channel_time/S01_generator-seed0.npz,50.86151149868965,Additive augmentation with Gaussian class-channel-time synthetic EEG; all 259 real training trials retained; 259 synthetic trials added; synthetic amount=100% relative to original real training size; final training size=518; final synthetic composition=50.00%; synthetic subset class-stratified and nested; validation and official test sets remain entirely real.,
success,vae_repo_90_10_seed42,gaussian_cct_add_100pct_synth,1,0,2,42,0.2068965517241379,0.33333333333333337,259,259,29,288,22,1000,real_plus_synthetic_gaussian_cct,/home/jovyan/eeg-repro/high-gamma-data/data/processed/vae_repo_90_10_seed42/real_splits/S01_real_splits.npz,/home/jovyan/eeg-repro/high-gamma-data/data/generated/vae_repo_90_10_seed42/gaussian/gaussian_class_channel_time/S01_generator-seed0.npz,94.31160179153085,Additive augmentation with Gaussian class-channel-time synthetic EEG; all 259 real training trials retained; 259 synthetic trials added; synthetic amount=100% relative to original real training size; final training size=518; final synthetic composition=50.00%; synthetic subset class-stratified and nested; validation and official test sets remain entirely real.,
success,vae_repo_90_10_seed42,gaussian_cct_add_25pct_synth,1,1,0,54,0.10344827586206895,0.23611111111111116,259,65,29,288,22,1000,real_plus_synthetic_gaussian_cct,/home/jovyan/eeg-repro/high-gamma-data/data/processed/vae_repo_90_10_seed42/real_splits/S01_real_splits.npz,/home/jovyan/eeg-repro/high-gamma-data/data/generated/vae_repo_90_10_seed42/gaussian/gaussian_class_channel_time/S01_generator-seed1.npz,45.83617598190904,Additive augmentation with Gaussian class-channel-time synthetic EEG; all 259 real training trials retained; 65 synthetic trials added; synthetic amount=25% relative to original real training size; final training size=324; final synthetic composition=20.06%; synthetic subset class-stratified and nested; validation and official test sets remain entirely real.,
success,vae_repo_90_10_seed42,gaussian_cct_add_25pct_synth,1,1,1,78,0.06896551724137934,0.2569444444444444,259,65,29,288,22,1000,real_plus_synthetic_gaussian_cct,/home/jovyan/eeg-repro/high-gamma-data/data/processed/vae_repo_90_10_seed42/real_splits/S01_real_splits.npz,/home/jovyan/eeg-repro/high-gamma-data/data/generated/vae_repo_90_10_seed42/gaussian/gaussian_class_channel_time/S01_generator-seed1.npz,73.22626465931535,Additive augmentation with Gaussian class-channel-time synthetic EEG; all 259 real training trials retained; 65 synthetic trials added; synthetic amount=25% relative to original real training size; final training size=324; final synthetic composition=20.06%; synthetic subset class-stratified and nested; validation and official test sets remain entirely real.,
success,vae_repo_90_10_seed42,gaussian_cct_add_25pct_synth,1,1,2,50,0.10344827586206895,0.2569444444444444,259,65,29,288,22,1000,real_plus_synthetic_gaussian_cct,/home/jovyan/eeg-repro/high-gamma-data/data/processed/vae_repo_90_10_seed42/real_splits/S01_real_splits.npz,/home/jovyan/eeg-repro/high-gamma-data/data/generated/vae_repo_90_10_seed42/gaussian/gaussian_class_channel_time/S01_generator-seed1.npz,42.37237121537328,Additive augmentation with Gaussian class-channel-time synthetic EEG; all 259 real training trials retained; 65 synthetic trials added; synthetic amount=25% relative to original real training size; final training size=324; final synthetic composition=20.06%; synthetic subset class-stratified and nested; validation and official test sets remain entirely real.,
success,vae_repo_90_10_seed42,gaussian_cct_add_50pct_synth,1,1,0,15,0.13793103448275867,0.34375,259,129,29,288,22,1000,real_plus_synthetic_gaussian_cct,/home/jovyan/eeg-repro/high-gamma-data/data/processed/vae_repo_90_10_seed42/real_splits/S01_real_splits.npz,/home/jovyan/eeg-repro/high-gamma-data/data/generated/vae_repo_90_10_seed42/gaussian/gaussian_class_channel_time/S01_generator-seed1.npz,41.77308041974902,Additive augmentation with Gaussian class-channel-time synthetic EEG; all 259 real training trials retained; 129 synthetic trials added; synthetic amount=50% relative to original real training size; final training size=388; final synthetic composition=33.25%; synthetic subset class-stratified and nested; validation and official test sets remain entirely real.,
success,vae_repo_90_10_seed42,gaussian_cct_add_50pct_synth,1,1,1,61,0.1724137931034483,0.2569444444444444,259,129,29,288,22,1000,real_plus_synthetic_gaussian_cct,/home/jovyan/eeg-repro/high-gamma-data/data/processed/vae_repo_90_10_seed42/real_splits/S01_real_splits.npz,/home/jovyan/eeg-repro/high-gamma-data/data/generated/vae_repo_90_10_seed42/gaussian/gaussian_class_channel_time/S01_generator-seed1.npz,58.78965745866299,Additive augmentation with Gaussian class-channel-time synthetic EEG; all 259 real training trials retained; 129 synthetic trials added; synthetic amount=50% relative to original real training size; final training size=388; final synthetic composition=33.25%; synthetic subset class-stratified and nested; validation and official test sets remain entirely real.,
success,vae_repo_90_10_seed42,gaussian_cct_add_50pct_synth,1,1,2,53,0.1724137931034483,0.29861111111111116,259,129,29,288,22,1000,real_plus_synthetic_gaussian_cct,/home/jovyan/eeg-repro/high-gamma-data/data/processed/vae_repo_90_10_seed42/real_splits/S01_real_splits.npz,/home/jovyan/eeg-repro/high-gamma-data/data/generated/vae_repo_90_10_seed42/gaussian/gaussian_class_channel_time/S01_generator-seed1.npz,50.38116256520152,Additive augmentation with Gaussian class-channel-time synthetic EEG; all 259 real training trials retained; 129 synthetic trials added; synthetic amount=50% relative to original real training size; final training size=388; final synthetic composition=33.25%; synthetic subset class-stratified and nested; validation and official test sets remain entirely real.,
success,vae_repo_90_10_seed42,gaussian_cct_add_75pct_synth,1,1,0,29,0.10344827586206895,0.29166666666666663,259,194,29,288,22,1000,real_plus_synthetic_gaussian_cct,/home/jovyan/eeg-repro/high-gamma-data/data/processed/vae_repo_90_10_seed42/real_splits/S01_real_splits.npz,/home/jovyan/eeg-repro/high-gamma-data/data/generated/vae_repo_90_10_seed42/gaussian/gaussian_class_channel_time/S01_generator-seed1.npz,69.97102292254567,Additive augmentation with Gaussian class-channel-time synthetic EEG; all 259 real training trials retained; 194 synthetic trials added; synthetic amount=75% relative to original real training size; final training size=453; final synthetic composition=42.83%; synthetic subset class-stratified and nested; validation and official test sets remain entirely real.,
success,vae_repo_90_10_seed42,gaussian_cct_add_75pct_synth,1,1,1,74,0.13793103448275867,0.2881944444444444,259,194,29,288,22,1000,real_plus_synthetic_gaussian_cct,/home/jovyan/eeg-repro/high-gamma-data/data/processed/vae_repo_90_10_seed42/real_splits/S01_real_splits.npz,/home/jovyan/eeg-repro/high-gamma-data/data/generated/vae_repo_90_10_seed42/gaussian/gaussian_class_channel_time/S01_generator-seed1.npz,89.74905560165644,Additive augmentation with Gaussian class-channel-time synthetic EEG; all 259 real training trials retained; 194 synthetic trials added; synthetic amount=75% relative to original real training size; final training size=453; final synthetic composition=42.83%; synthetic subset class-stratified and nested; validation and official test sets remain entirely real.,
success,vae_repo_90_10_seed42,gaussian_cct_add_75pct_synth,1,1,2,79,0.1724137931034483,0.3368055555555556,259,194,29,288,22,1000,real_plus_synthetic_gaussian_cct,/home/jovyan/eeg-repro/high-gamma-data/data/processed/vae_repo_90_10_seed42/real_splits/S01_real_splits.npz,/home/jovyan/eeg-repro/high-gamma-data/data/generated/vae_repo_90_10_seed42/gaussian/gaussian_class_channel_time/S01_generator-seed1.npz,92.56971638277173,Additive augmentation with Gaussian class-channel-time synthetic EEG; all 259 real training trials retained; 194 synthetic trials added; synthetic amount=75% relative to original real training size; final training size=453; final synthetic composition=42.83%; synthetic subset class-stratified and nested; validation and official test sets remain entirely real.,
success,vae_repo_90_10_seed42,gaussian_cct_add_100pct_synth,1,1,0,37,0.13793103448275867,0.32291666666666663,259,259,29,288,22,1000,real_plus_synthetic_gaussian_cct,/home/jovyan/eeg-repro/high-gamma-data/data/processed/vae_repo_90_10_seed42/real_splits/S01_real_splits.npz,/home/jovyan/eeg-repro/high-gamma-data/data/generated/vae_repo_90_10_seed42/gaussian/gaussian_class_channel_time/S01_generator-seed1.npz,89.65342384204268,Additive augmentation with Gaussian class-channel-time synthetic EEG; all 259 real training trials retained; 259 synthetic trials added; synthetic amount=100% relative to original real training size; final training size=518; final synthetic composition=50.00%; synthetic subset class-stratified and nested; validation and official test sets remain entirely real.,
success,vae_repo_90_10_seed42,gaussian_cct_add_100pct_synth,1,1,1,44,0.2068965517241379,0.3125,259,259,29,288,22,1000,real_plus_synthetic_gaussian_cct,/home/jovyan/eeg-repro/high-gamma-data/data/processed/vae_repo_90_10_seed42/real_splits/S01_real_splits.npz,/home/jovyan/eeg-repro/high-gamma-data/data/generated/vae_repo_90_10_seed42/gaussian/gaussian_class_channel_time/S01_generator-seed1.npz,76.46126604452729,Additive augmentation with Gaussian class-channel-time synthetic EEG; all 259 real training trials retained; 259 synthetic trials added; synthetic amount=100% relative to original real training size; final training size=518; final synthetic composition=50.00%; synthetic subset class-stratified and nested; validation and official test sets remain entirely real.,
success,vae_repo_90_10_seed42,gaussian_cct_add_100pct_synth,1,1,2,38,0.2068965517241379,0.2881944444444444,259,259,29,288,22,1000,real_plus_synthetic_gaussian_cct,/home/jovyan/eeg-repro/high-gamma-data/data/processed/vae_repo_90_10_seed42/real_splits/S01_real_splits.npz,/home/jovyan/eeg-repro/high-gamma-data/data/generated/vae_repo_90_10_seed42/gaussian/gaussian_class_channel_time/S01_generator-seed1.npz,62.91725695133209,Additive augmentation with Gaussian class-channel-time synthetic EEG; all 259 real training trials retained; 259 synthetic trials added; synthetic amount=100% relative to original real training size; final training size=518; final synthetic composition=50.00%; synthetic subset class-stratified and nested; validation and official test sets remain entirely real.,
success,vae_repo_90_10_seed42,gaussian_cct_add_25pct_synth,1,2,0,24,0.13793103448275867,0.28125,259,65,29,288,22,1000,real_plus_synthetic_gaussian_cct,/home/jovyan/eeg-repro/high-gamma-data/data/processed/vae_repo_90_10_seed42/real_splits/S01_real_splits.npz,/home/jovyan/eeg-repro/high-gamma-data/data/generated/vae_repo_90_10_seed42/gaussian/gaussian_class_channel_time/S01_generator-seed2.npz,42.280633226037025,Additive augmentation with Gaussian class-channel-time synthetic EEG; all 259 real training trials retained; 65 synthetic trials added; synthetic amount=25% relative to original real training size; final training size=324; final synthetic composition=20.06%; synthetic subset class-stratified and nested; validation and official test sets remain entirely real.,
success,vae_repo_90_10_seed42,gaussian_cct_add_25pct_synth,1,2,1,49,0.13793103448275867,0.22916666666666663,259,65,29,288,22,1000,real_plus_synthetic_gaussian_cct,/home/jovyan/eeg-repro/high-gamma-data/data/processed/vae_repo_90_10_seed42/real_splits/S01_real_splits.npz,/home/jovyan/eeg-repro/high-gamma-data/data/generated/vae_repo_90_10_seed42/gaussian/gaussian_class_channel_time/S01_generator-seed2.npz,53.0020792260766,Additive augmentation with Gaussian class-channel-time synthetic EEG; all 259 real training trials retained; 65 synthetic trials added; synthetic amount=25% relative to original real training size; final training size=324; final synthetic composition=20.06%; synthetic subset class-stratified and nested; validation and official test sets remain entirely real.,
success,vae_repo_90_10_seed42,gaussian_cct_add_25pct_synth,1,2,2,65,0.13793103448275867,0.2534722222222222,259,65,29,288,22,1000,real_plus_synthetic_gaussian_cct,/home/jovyan/eeg-repro/high-gamma-data/data/processed/vae_repo_90_10_seed42/real_splits/S01_real_splits.npz,/home/jovyan/eeg-repro/high-gamma-data/data/generated/vae_repo_90_10_seed42/gaussian/gaussian_class_channel_time/S01_generator-seed2.npz,54.26632463932037,Additive augmentation with Gaussian class-channel-time synthetic EEG; all 259 real training trials retained; 65 synthetic trials added; synthetic amount=25% relative to original real training size; final training size=324; final synthetic composition=20.06%; synthetic subset class-stratified and nested; validation and official test sets remain entirely real.,
success,vae_repo_90_10_seed42,gaussian_cct_add_50pct_synth,1,2,0,48,0.1724137931034483,0.2881944444444444,259,129,29,288,22,1000,real_plus_synthetic_gaussian_cct,/home/jovyan/eeg-repro/high-gamma-data/data/processed/vae_repo_90_10_seed42/real_splits/S01_real_splits.npz,/home/jovyan/eeg-repro/high-gamma-data/data/generated/vae_repo_90_10_seed42/gaussian/gaussian_class_channel_time/S01_generator-seed2.npz,48.68982056900859,Additive augmentation with Gaussian class-channel-time synthetic EEG; all 259 real training trials retained; 129 synthetic trials added; synthetic amount=50% relative to original real training size; final training size=388; final synthetic composition=33.25%; synthetic subset class-stratified and nested; validation and official test sets remain entirely real.,
success,vae_repo_90_10_seed42,gaussian_cct_add_50pct_synth,1,2,1,56,0.13793103448275867,0.30208333333333337,259,129,29,288,22,1000,real_plus_synthetic_gaussian_cct,/home/jovyan/eeg-repro/high-gamma-data/data/processed/vae_repo_90_10_seed42/real_splits/S01_real_splits.npz,/home/jovyan/eeg-repro/high-gamma-data/data/generated/vae_repo_90_10_seed42/gaussian/gaussian_class_channel_time/S01_generator-seed2.npz,50.82813682407141,Additive augmentation with Gaussian class-channel-time synthetic EEG; all 259 real training trials retained; 129 synthetic trials added; synthetic amount=50% relative to original real training size; final training size=388; final synthetic composition=33.25%; synthetic subset class-stratified and nested; validation and official test sets remain entirely real.,
success,vae_repo_90_10_seed42,gaussian_cct_add_50pct_synth,1,2,2,49,0.1724137931034483,0.3159722222222222,259,129,29,288,22,1000,real_plus_synthetic_gaussian_cct,/home/jovyan/eeg-repro/high-gamma-data/data/processed/vae_repo_90_10_seed42/real_splits/S01_real_splits.npz,/home/jovyan/eeg-repro/high-gamma-data/data/generated/vae_repo_90_10_seed42/gaussian/gaussian_class_channel_time/S01_generator-seed2.npz,47.60520150512457,Additive augmentation with Gaussian class-channel-time synthetic EEG; all 259 real training trials retained; 129 synthetic trials added; synthetic amount=50% relative to original real training size; final training size=388; final synthetic composition=33.25%; synthetic subset class-stratified and nested; validation and official test sets remain entirely real.,
success,vae_repo_90_10_seed42,gaussian_cct_add_75pct_synth,1,2,0,34,0.24137931034482762,0.3159722222222222,259,194,29,288,22,1000,real_plus_synthetic_gaussian_cct,/home/jovyan/eeg-repro/high-gamma-data/data/processed/vae_repo_90_10_seed42/real_splits/S01_real_splits.npz,/home/jovyan/eeg-repro/high-gamma-data/data/generated/vae_repo_90_10_seed42/gaussian/gaussian_class_channel_time/S01_generator-seed2.npz,47.66508614271879,Additive augmentation with Gaussian class-channel-time synthetic EEG; all 259 real training trials retained; 194 synthetic trials added; synthetic amount=75% relative to original real training size; final training size=453; final synthetic composition=42.83%; synthetic subset class-stratified and nested; validation and official test sets remain entirely real.,
success,vae_repo_90_10_seed42,gaussian_cct_add_75pct_synth,1,2,1,30,0.13793103448275867,0.33333333333333337,259,194,29,288,22,1000,real_plus_synthetic_gaussian_cct,/home/jovyan/eeg-repro/high-gamma-data/data/processed/vae_repo_90_10_seed42/real_splits/S01_real_splits.npz,/home/jovyan/eeg-repro/high-gamma-data/data/generated/vae_repo_90_10_seed42/gaussian/gaussian_class_channel_time/S01_generator-seed2.npz,70.45715056359768,Additive augmentation with Gaussian class-channel-time synthetic EEG; all 259 real training trials retained; 194 synthetic trials added; synthetic amount=75% relative to original real training size; final training size=453; final synthetic composition=42.83%; synthetic subset class-stratified and nested; validation and official test sets remain entirely real.,
success,vae_repo_90_10_seed42,gaussian_cct_add_75pct_synth,1,2,2,67,0.2068965517241379,0.3090277777777778,259,194,29,288,22,1000,real_plus_synthetic_gaussian_cct,/home/jovyan/eeg-repro/high-gamma-data/data/processed/vae_repo_90_10_seed42/real_splits/S01_real_splits.npz,/home/jovyan/eeg-repro/high-gamma-data/data/generated/vae_repo_90_10_seed42/gaussian/gaussian_class_channel_time/S01_generator-seed2.npz,84.96662232279778,Additive augmentation with Gaussian class-channel-time synthetic EEG; all 259 real training trials retained; 194 synthetic trials added; synthetic amount=75% relative to original real training size; final training size=453; final synthetic composition=42.83%; synthetic subset class-stratified and nested; validation and official test sets remain entirely real.,
success,vae_repo_90_10_seed42,gaussian_cct_add_100pct_synth,1,2,0,10,0.2068965517241379,0.3993055555555556,259,259,29,288,22,1000,real_plus_synthetic_gaussian_cct,/home/jovyan/eeg-repro/high-gamma-data/data/processed/vae_repo_90_10_seed42/real_splits/S01_real_splits.npz,/home/jovyan/eeg-repro/high-gamma-data/data/generated/vae_repo_90_10_seed42/gaussian/gaussian_class_channel_time/S01_generator-seed2.npz,53.954767391085625,Additive augmentation with Gaussian class-channel-time synthetic EEG; all 259 real training trials retained; 259 synthetic trials added; synthetic amount=100% relative to original real training size; final training size=518; final synthetic composition=50.00%; synthetic subset class-stratified and nested; validation and official test sets remain entirely real.,
success,vae_repo_90_10_seed42,gaussian_cct_add_100pct_synth,1,2,1,81,0.2068965517241379,0.30208333333333337,259,259,29,288,22,1000,real_plus_synthetic_gaussian_cct,/home/jovyan/eeg-repro/high-gamma-data/data/processed/vae_repo_90_10_seed42/real_splits/S01_real_splits.npz,/home/jovyan/eeg-repro/high-gamma-data/data/generated/vae_repo_90_10_seed42/gaussian/gaussian_class_channel_time/S01_generator-seed2.npz,106.16399621963501,Additive augmentation with Gaussian class-channel-time synthetic EEG; all 259 real training trials retained; 259 synthetic trials added; synthetic amount=100% relative to original real training size; final training size=518; final synthetic composition=50.00%; synthetic subset class-stratified and nested; validation and official test sets remain entirely real.,
success,vae_repo_90_10_seed42,gaussian_cct_add_100pct_synth,1,2,2,53,0.24137931034482762,0.3194444444444444,259,259,29,288,22,1000,real_plus_synthetic_gaussian_cct,/home/jovyan/eeg-repro/high-gamma-data/data/processed/vae_repo_90_10_seed42/real_splits/S01_real_splits.npz,/home/jovyan/eeg-repro/high-gamma-data/data/generated/vae_repo_90_10_seed42/gaussian/gaussian_class_channel_time/S01_generator-seed2.npz,70.41094209626317,Additive augmentation with Gaussian class-channel-time synthetic EEG; all 259 real training trials retained; 259 synthetic trials added; synthetic amount=100% relative to original real training size; final training size=518; final synthetic composition=50.00%; synthetic subset class-stratified and nested; validation and official test sets remain entirely real.,
success,vae_repo_90_10_seed42,gaussian_cct_add_25pct_synth,2,0,0,38,0.4482758620689655,0.5381944444444444,259,65,29,288,22,1000,real_plus_synthetic_gaussian_cct,/home/jovyan/eeg-repro/high-gamma-data/data/processed/vae_repo_90_10_seed42/real_splits/S02_real_splits.npz,/home/jovyan/eeg-repro/high-gamma-data/data/generated/vae_repo_90_10_seed42/gaussian/gaussian_class_channel_time/S02_generator-seed0.npz,34.830986734479666,Additive augmentation with Gaussian class-channel-time synthetic EEG; all 259 real training trials retained; 65 synthetic trials added; synthetic amount=25% relative to original real training size; final training size=324; final synthetic composition=20.06%; synthetic subset class-stratified and nested; validation and official test sets remain entirely real.,
success,vae_repo_90_10_seed42,gaussian_cct_add_25pct_synth,2,0,1,62,0.4137931034482759,0.5416666666666667,259,65,29,288,22,1000,real_plus_synthetic_gaussian_cct,/home/jovyan/eeg-repro/high-gamma-data/data/processed/vae_repo_90_10_seed42/real_splits/S02_real_splits.npz,/home/jovyan/eeg-repro/high-gamma-data/data/generated/vae_repo_90_10_seed42/gaussian/gaussian_class_channel_time/S02_generator-seed0.npz,50.193697445094585,Additive augmentation with Gaussian class-channel-time synthetic EEG; all 259 real training trials retained; 65 synthetic trials added; synthetic amount=25% relative to original real training size; final training size=324; final synthetic composition=20.06%; synthetic subset class-stratified and nested; validation and official test sets remain entirely real.,
success,vae_repo_90_10_seed42,gaussian_cct_add_25pct_synth,2,0,2,67,0.4137931034482759,0.48958333333333337,259,65,29,288,22,1000,real_plus_synthetic_gaussian_cct,/home/jovyan/eeg-repro/high-gamma-data/data/processed/vae_repo_90_10_seed42/real_splits/S02_real_splits.npz,/home/jovyan/eeg-repro/high-gamma-data/data/generated/vae_repo_90_10_seed42/gaussian/gaussian_class_channel_time/S02_generator-seed0.npz,54.30827567726374,Additive augmentation with Gaussian class-channel-time synthetic EEG; all 259 real training trials retained; 65 synthetic trials added; synthetic amount=25% relative to original real training size; final training size=324; final synthetic composition=20.06%; synthetic subset class-stratified and nested; validation and official test sets remain entirely real.,
success,vae_repo_90_10_seed42,gaussian_cct_add_50pct_synth,2,0,0,36,0.4137931034482759,0.5034722222222222,259,131,29,288,22,1000,real_plus_synthetic_gaussian_cct,/home/jovyan/eeg-repro/high-gamma-data/data/processed/vae_repo_90_10_seed42/real_splits/S02_real_splits.npz,/home/jovyan/eeg-repro/high-gamma-data/data/generated/vae_repo_90_10_seed42/gaussian/gaussian_class_channel_time/S02_generator-seed0.npz,59.76887143030763,Additive augmentation with Gaussian class-channel-time synthetic EEG; all 259 real training trials retained; 131 synthetic trials added; synthetic amount=50% relative to original real training size; final training size=390; final synthetic composition=33.59%; synthetic subset class-stratified and nested; validation and official test sets remain entirely real.,
success,vae_repo_90_10_seed42,gaussian_cct_add_50pct_synth,2,0,1,29,0.4137931034482759,0.5277777777777778,259,131,29,288,22,1000,real_plus_synthetic_gaussian_cct,/home/jovyan/eeg-repro/high-gamma-data/data/processed/vae_repo_90_10_seed42/real_splits/S02_real_splits.npz,/home/jovyan/eeg-repro/high-gamma-data/data/generated/vae_repo_90_10_seed42/gaussian/gaussian_class_channel_time/S02_generator-seed0.npz,54.16516561061144,Additive augmentation with Gaussian class-channel-time synthetic EEG; all 259 real training trials retained; 131 synthetic trials added; synthetic amount=50% relative to original real training size; final training size=390; final synthetic composition=33.59%; synthetic subset class-stratified and nested; validation and official test sets remain entirely real.,
success,vae_repo_90_10_seed42,gaussian_cct_add_50pct_synth,2,0,2,58,0.3793103448275862,0.53125,259,131,29,288,22,1000,real_plus_synthetic_gaussian_cct,/home/jovyan/eeg-repro/high-gamma-data/data/processed/vae_repo_90_10_seed42/real_splits/S02_real_splits.npz,/home/jovyan/eeg-repro/high-gamma-data/data/generated/vae_repo_90_10_seed42/gaussian/gaussian_class_channel_time/S02_generator-seed0.npz,60.34130883589387,Additive augmentation with Gaussian class-channel-time synthetic EEG; all 259 real training trials retained; 131 synthetic trials added; synthetic amount=50% relative to original real training size; final training size=390; final synthetic composition=33.59%; synthetic subset class-stratified and nested; validation and official test sets remain entirely real.,
success,vae_repo_90_10_seed42,gaussian_cct_add_75pct_synth,2,0,0,65,0.4137931034482759,0.5555555555555556,259,194,29,288,22,1000,real_plus_synthetic_gaussian_cct,/home/jovyan/eeg-repro/high-gamma-data/data/processed/vae_repo_90_10_seed42/real_splits/S02_real_splits.npz,/home/jovyan/eeg-repro/high-gamma-data/data/generated/vae_repo_90_10_seed42/gaussian/gaussian_class_channel_time/S02_generator-seed0.npz,81.97653090208769,Additive augmentation with Gaussian class-channel-time synthetic EEG; all 259 real training trials retained; 194 synthetic trials added; synthetic amount=75% relative to original real training size; final training size=453; final synthetic composition=42.83%; synthetic subset class-stratified and nested; validation and official test sets remain entirely real.,
success,vae_repo_90_10_seed42,gaussian_cct_add_75pct_synth,2,0,1,40,0.3448275862068966,0.5416666666666667,259,194,29,288,22,1000,real_plus_synthetic_gaussian_cct,/home/jovyan/eeg-repro/high-gamma-data/data/processed/vae_repo_90_10_seed42/real_splits/S02_real_splits.npz,/home/jovyan/eeg-repro/high-gamma-data/data/generated/vae_repo_90_10_seed42/gaussian/gaussian_class_channel_time/S02_generator-seed0.npz,82.32826156914234,Additive augmentation with Gaussian class-channel-time synthetic EEG; all 259 real training trials retained; 194 synthetic trials added; synthetic amount=75% relative to original real training size; final training size=453; final synthetic composition=42.83%; synthetic subset class-stratified and nested; validation and official test sets remain entirely real.,
success,vae_repo_90_10_seed42,gaussian_cct_add_75pct_synth,2,0,2,32,0.3793103448275862,0.5868055555555556,259,194,29,288,22,1000,real_plus_synthetic_gaussian_cct,/home/jovyan/eeg-repro/high-gamma-data/data/processed/vae_repo_90_10_seed42/real_splits/S02_real_splits.npz,/home/jovyan/eeg-repro/high-gamma-data/data/generated/vae_repo_90_10_seed42/gaussian/gaussian_class_channel_time/S02_generator-seed0.npz,72.87782046943903,Additive augmentation with Gaussian class-channel-time synthetic EEG; all 259 real training trials retained; 194 synthetic trials added; synthetic amount=75% relative to original real training size; final training size=453; final synthetic composition=42.83%; synthetic subset class-stratified and nested; validation and official test sets remain entirely real.,
success,vae_repo_90_10_seed42,gaussian_cct_add_100pct_synth,2,0,0,44,0.4137931034482759,0.4930555555555556,259,259,29,288,22,1000,real_plus_synthetic_gaussian_cct,/home/jovyan/eeg-repro/high-gamma-data/data/processed/vae_repo_90_10_seed42/real_splits/S02_real_splits.npz,/home/jovyan/eeg-repro/high-gamma-data/data/generated/vae_repo_90_10_seed42/gaussian/gaussian_class_channel_time/S02_generator-seed0.npz,78.69707245007157,Additive augmentation with Gaussian class-channel-time synthetic EEG; all 259 real training trials retained; 259 synthetic trials added; synthetic amount=100% relative to original real training size; final training size=518; final synthetic composition=50.00%; synthetic subset class-stratified and nested; validation and official test sets remain entirely real.,
success,vae_repo_90_10_seed42,gaussian_cct_add_100pct_synth,2,0,1,25,0.3793103448275862,0.5763888888888888,259,259,29,288,22,1000,real_plus_synthetic_gaussian_cct,/home/jovyan/eeg-repro/high-gamma-data/data/processed/vae_repo_90_10_seed42/real_splits/S02_real_splits.npz,/home/jovyan/eeg-repro/high-gamma-data/data/generated/vae_repo_90_10_seed42/gaussian/gaussian_class_channel_time/S02_generator-seed0.npz,54.41104866564274,Additive augmentation with Gaussian class-channel-time synthetic EEG; all 259 real training trials retained; 259 synthetic trials added; synthetic amount=100% relative to original real training size; final training size=518; final synthetic composition=50.00%; synthetic subset class-stratified and nested; validation and official test sets remain entirely real.,
success,vae_repo_90_10_seed42,gaussian_cct_add_100pct_synth,2,0,2,50,0.4137931034482759,0.5833333333333333,259,259,29,288,22,1000,real_plus_synthetic_gaussian_cct,/home/jovyan/eeg-repro/high-gamma-data/data/processed/vae_repo_90_10_seed42/real_splits/S02_real_splits.npz,/home/jovyan/eeg-repro/high-gamma-data/data/generated/vae_repo_90_10_seed42/gaussian/gaussian_class_channel_time/S02_generator-seed0.npz,76.89636148512363,Additive augmentation with Gaussian class-channel-time synthetic EEG; all 259 real training trials retained; 259 synthetic trials added; synthetic amount=100% relative to original real training size; final training size=518; final synthetic composition=50.00%; synthetic subset class-stratified and nested; validation and official test sets remain entirely real.,
success,vae_repo_90_10_seed42,gaussian_cct_add_25pct_synth,2,1,0,94,0.3793103448275862,0.5277777777777778,259,65,29,288,22,1000,real_plus_synthetic_gaussian_cct,/home/jovyan/eeg-repro/high-gamma-data/data/processed/vae_repo_90_10_seed42/real_splits/S02_real_splits.npz,/home/jovyan/eeg-repro/high-gamma-data/data/generated/vae_repo_90_10_seed42/gaussian/gaussian_class_channel_time/S02_generator-seed1.npz,73.05200739577413,Additive augmentation with Gaussian class-channel-time synthetic EEG; all 259 real training trials retained; 65 synthetic trials added; synthetic amount=25% relative to original real training size; final training size=324; final synthetic composition=20.06%; synthetic subset class-stratified and nested; validation and official test sets remain entirely real.,
success,vae_repo_90_10_seed42,gaussian_cct_add_25pct_synth,2,1,1,26,0.3793103448275862,0.5729166666666667,259,65,29,288,22,1000,real_plus_synthetic_gaussian_cct,/home/jovyan/eeg-repro/high-gamma-data/data/processed/vae_repo_90_10_seed42/real_splits/S02_real_splits.npz,/home/jovyan/eeg-repro/high-gamma-data/data/generated/vae_repo_90_10_seed42/gaussian/gaussian_class_channel_time/S02_generator-seed1.npz,43.57058010995388,Additive augmentation with Gaussian class-channel-time synthetic EEG; all 259 real training trials retained; 65 synthetic trials added; synthetic amount=25% relative to original real training size; final training size=324; final synthetic composition=20.06%; synthetic subset class-stratified and nested; validation and official test sets remain entirely real.,
success,vae_repo_90_10_seed42,gaussian_cct_add_25pct_synth,2,1,2,41,0.4137931034482759,0.5833333333333333,259,65,29,288,22,1000,real_plus_synthetic_gaussian_cct,/home/jovyan/eeg-repro/high-gamma-data/data/processed/vae_repo_90_10_seed42/real_splits/S02_real_splits.npz,/home/jovyan/eeg-repro/high-gamma-data/data/generated/vae_repo_90_10_seed42/gaussian/gaussian_class_channel_time/S02_generator-seed1.npz,45.28319796547294,Additive augmentation with Gaussian class-channel-time synthetic EEG; all 259 real training trials retained; 65 synthetic trials added; synthetic amount=25% relative to original real training size; final training size=324; final synthetic composition=20.06%; synthetic subset class-stratified and nested; validation and official test sets remain entirely real.,
success,vae_repo_90_10_seed42,gaussian_cct_add_50pct_synth,2,1,0,49,0.4137931034482759,0.5034722222222222,259,131,29,288,22,1000,real_plus_synthetic_gaussian_cct,/home/jovyan/eeg-repro/high-gamma-data/data/processed/vae_repo_90_10_seed42/real_splits/S02_real_splits.npz,/home/jovyan/eeg-repro/high-gamma-data/data/generated/vae_repo_90_10_seed42/gaussian/gaussian_class_channel_time/S02_generator-seed1.npz,50.24447800591588,Additive augmentation with Gaussian class-channel-time synthetic EEG; all 259 real training trials retained; 131 synthetic trials added; synthetic amount=50% relative to original real training size; final training size=390; final synthetic composition=33.59%; synthetic subset class-stratified and nested; validation and official test sets remain entirely real.,
success,vae_repo_90_10_seed42,gaussian_cct_add_50pct_synth,2,1,1,47,0.3793103448275862,0.5798611111111112,259,131,29,288,22,1000,real_plus_synthetic_gaussian_cct,/home/jovyan/eeg-repro/high-gamma-data/data/processed/vae_repo_90_10_seed42/real_splits/S02_real_splits.npz,/home/jovyan/eeg-repro/high-gamma-data/data/generated/vae_repo_90_10_seed42/gaussian/gaussian_class_channel_time/S02_generator-seed1.npz,45.08811130747199,Additive augmentation with Gaussian class-channel-time synthetic EEG; all 259 real training trials retained; 131 synthetic trials added; synthetic amount=50% relative to original real training size; final training size=390; final synthetic composition=33.59%; synthetic subset class-stratified and nested; validation and official test sets remain entirely real.,
success,vae_repo_90_10_seed42,gaussian_cct_add_50pct_synth,2,1,2,57,0.3448275862068966,0.5590277777777778,259,131,29,288,22,1000,real_plus_synthetic_gaussian_cct,/home/jovyan/eeg-repro/high-gamma-data/data/processed/vae_repo_90_10_seed42/real_splits/S02_real_splits.npz,/home/jovyan/eeg-repro/high-gamma-data/data/generated/vae_repo_90_10_seed42/gaussian/gaussian_class_channel_time/S02_generator-seed1.npz,78.6823041215539,Additive augmentation with Gaussian class-channel-time synthetic EEG; all 259 real training trials retained; 131 synthetic trials added; synthetic amount=50% relative to original real training size; final training size=390; final synthetic composition=33.59%; synthetic subset class-stratified and nested; validation and official test sets remain entirely real.,
success,vae_repo_90_10_seed42,gaussian_cct_add_75pct_synth,2,1,0,32,0.3793103448275862,0.59375,259,194,29,288,22,1000,real_plus_synthetic_gaussian_cct,/home/jovyan/eeg-repro/high-gamma-data/data/processed/vae_repo_90_10_seed42/real_splits/S02_real_splits.npz,/home/jovyan/eeg-repro/high-gamma-data/data/generated/vae_repo_90_10_seed42/gaussian/gaussian_class_channel_time/S02_generator-seed1.npz,65.97511549666524,Additive augmentation with Gaussian class-channel-time synthetic EEG; all 259 real training trials retained; 194 synthetic trials added; synthetic amount=75% relative to original real training size; final training size=453; final synthetic composition=42.83%; synthetic subset class-stratified and nested; validation and official test sets remain entirely real.,
success,vae_repo_90_10_seed42,gaussian_cct_add_75pct_synth,2,1,1,58,0.4137931034482759,0.5069444444444444,259,194,29,288,22,1000,real_plus_synthetic_gaussian_cct,/home/jovyan/eeg-repro/high-gamma-data/data/processed/vae_repo_90_10_seed42/real_splits/S02_real_splits.npz,/home/jovyan/eeg-repro/high-gamma-data/data/generated/vae_repo_90_10_seed42/gaussian/gaussian_class_channel_time/S02_generator-seed1.npz,71.76075039058924,Additive augmentation with Gaussian class-channel-time synthetic EEG; all 259 real training trials retained; 194 synthetic trials added; synthetic amount=75% relative to original real training size; final training size=453; final synthetic composition=42.83%; synthetic subset class-stratified and nested; validation and official test sets remain entirely real.,
success,vae_repo_90_10_seed42,gaussian_cct_add_75pct_synth,2,1,2,58,0.3448275862068966,0.5277777777777778,259,194,29,288,22,1000,real_plus_synthetic_gaussian_cct,/home/jovyan/eeg-repro/high-gamma-data/data/processed/vae_repo_90_10_seed42/real_splits/S02_real_splits.npz,/home/jovyan/eeg-repro/high-gamma-data/data/generated/vae_repo_90_10_seed42/gaussian/gaussian_class_channel_time/S02_generator-seed1.npz,103.80233002454042,Additive augmentation with Gaussian class-channel-time synthetic EEG; all 259 real training trials retained; 194 synthetic trials added; synthetic amount=75% relative to original real training size; final training size=453; final synthetic composition=42.83%; synthetic subset class-stratified and nested; validation and official test sets remain entirely real.,
success,vae_repo_90_10_seed42,gaussian_cct_add_100pct_synth,2,1,0,34,0.3793103448275862,0.5902777777777778,259,259,29,288,22,1000,real_plus_synthetic_gaussian_cct,/home/jovyan/eeg-repro/high-gamma-data/data/processed/vae_repo_90_10_seed42/real_splits/S02_real_splits.npz,/home/jovyan/eeg-repro/high-gamma-data/data/generated/vae_repo_90_10_seed42/gaussian/gaussian_class_channel_time/S02_generator-seed1.npz,62.08798674121499,Additive augmentation with Gaussian class-channel-time synthetic EEG; all 259 real training trials retained; 259 synthetic trials added; synthetic amount=100% relative to original real training size; final training size=518; final synthetic composition=50.00%; synthetic subset class-stratified and nested; validation and official test sets remain entirely real.,
success,vae_repo_90_10_seed42,gaussian_cct_add_100pct_synth,2,1,1,39,0.3793103448275862,0.5555555555555556,259,259,29,288,22,1000,real_plus_synthetic_gaussian_cct,/home/jovyan/eeg-repro/high-gamma-data/data/processed/vae_repo_90_10_seed42/real_splits/S02_real_splits.npz,/home/jovyan/eeg-repro/high-gamma-data/data/generated/vae_repo_90_10_seed42/gaussian/gaussian_class_channel_time/S02_generator-seed1.npz,93.56797191500664,Additive augmentation with Gaussian class-channel-time synthetic EEG; all 259 real training trials retained; 259 synthetic trials added; synthetic amount=100% relative to original real training size; final training size=518; final synthetic composition=50.00%; synthetic subset class-stratified and nested; validation and official test sets remain entirely real.,
success,vae_repo_90_10_seed42,gaussian_cct_add_100pct_synth,2,1,2,54,0.4137931034482759,0.5729166666666667,259,259,29,288,22,1000,real_plus_synthetic_gaussian_cct,/home/jovyan/eeg-repro/high-gamma-data/data/processed/vae_repo_90_10_seed42/real_splits/S02_real_splits.npz,/home/jovyan/eeg-repro/high-gamma-data/data/generated/vae_repo_90_10_seed42/gaussian/gaussian_class_channel_time/S02_generator-seed1.npz,76.21355583891273,Additive augmentation with Gaussian class-channel-time synthetic EEG; all 259 real training trials retained; 259 synthetic trials added; synthetic amount=100% relative to original real training size; final training size=518; final synthetic composition=50.00%; synthetic subset class-stratified and nested; validation and official test sets remain entirely real.,
success,vae_repo_90_10_seed42,gaussian_cct_add_25pct_synth,2,2,0,47,0.3793103448275862,0.5729166666666667,259,65,29,288,22,1000,real_plus_synthetic_gaussian_cct,/home/jovyan/eeg-repro/high-gamma-data/data/processed/vae_repo_90_10_seed42/real_splits/S02_real_splits.npz,/home/jovyan/eeg-repro/high-gamma-data/data/generated/vae_repo_90_10_seed42/gaussian/gaussian_class_channel_time/S02_generator-seed2.npz,43.26403899863362,Additive augmentation with Gaussian class-channel-time synthetic EEG; all 259 real training trials retained; 65 synthetic trials added; synthetic amount=25% relative to original real training size; final training size=324; final synthetic composition=20.06%; synthetic subset class-stratified and nested; validation and official test sets remain entirely real.,
success,vae_repo_90_10_seed42,gaussian_cct_add_25pct_synth,2,2,1,38,0.3793103448275862,0.5555555555555556,259,65,29,288,22,1000,real_plus_synthetic_gaussian_cct,/home/jovyan/eeg-repro/high-gamma-data/data/processed/vae_repo_90_10_seed42/real_splits/S02_real_splits.npz,/home/jovyan/eeg-repro/high-gamma-data/data/generated/vae_repo_90_10_seed42/gaussian/gaussian_class_channel_time/S02_generator-seed2.npz,53.041831504553556,Additive augmentation with Gaussian class-channel-time synthetic EEG; all 259 real training trials retained; 65 synthetic trials added; synthetic amount=25% relative to original real training size; final training size=324; final synthetic composition=20.06%; synthetic subset class-stratified and nested; validation and official test sets remain entirely real.,
success,vae_repo_90_10_seed42,gaussian_cct_add_25pct_synth,2,2,2,37,0.3793103448275862,0.5451388888888888,259,65,29,288,22,1000,real_plus_synthetic_gaussian_cct,/home/jovyan/eeg-repro/high-gamma-data/data/processed/vae_repo_90_10_seed42/real_splits/S02_real_splits.npz,/home/jovyan/eeg-repro/high-gamma-data/data/generated/vae_repo_90_10_seed42/gaussian/gaussian_class_channel_time/S02_generator-seed2.npz,51.64955471083522,Additive augmentation with Gaussian class-channel-time synthetic EEG; all 259 real training trials retained; 65 synthetic trials added; synthetic amount=25% relative to original real training size; final training size=324; final synthetic composition=20.06%; synthetic subset class-stratified and nested; validation and official test sets remain entirely real.,
success,vae_repo_90_10_seed42,gaussian_cct_add_50pct_synth,2,2,0,45,0.3448275862068966,0.6284722222222222,259,131,29,288,22,1000,real_plus_synthetic_gaussian_cct,/home/jovyan/eeg-repro/high-gamma-data/data/processed/vae_repo_90_10_seed42/real_splits/S02_real_splits.npz,/home/jovyan/eeg-repro/high-gamma-data/data/generated/vae_repo_90_10_seed42/gaussian/gaussian_class_channel_time/S02_generator-seed2.npz,67.35676437988877,Additive augmentation with Gaussian class-channel-time synthetic EEG; all 259 real training trials retained; 131 synthetic trials added; synthetic amount=50% relative to original real training size; final training size=390; final synthetic composition=33.59%; synthetic subset class-stratified and nested; validation and official test sets remain entirely real.,
success,vae_repo_90_10_seed42,gaussian_cct_add_50pct_synth,2,2,1,32,0.3793103448275862,0.5625,259,131,29,288,22,1000,real_plus_synthetic_gaussian_cct,/home/jovyan/eeg-repro/high-gamma-data/data/processed/vae_repo_90_10_seed42/real_splits/S02_real_splits.npz,/home/jovyan/eeg-repro/high-gamma-data/data/generated/vae_repo_90_10_seed42/gaussian/gaussian_class_channel_time/S02_generator-seed2.npz,57.681226044893265,Additive augmentation with Gaussian class-channel-time synthetic EEG; all 259 real training trials retained; 131 synthetic trials added; synthetic amount=50% relative to original real training size; final training size=390; final synthetic composition=33.59%; synthetic subset class-stratified and nested; validation and official test sets remain entirely real.,
success,vae_repo_90_10_seed42,gaussian_cct_add_50pct_synth,2,2,2,23,0.4482758620689655,0.6527777777777778,259,131,29,288,22,1000,real_plus_synthetic_gaussian_cct,/home/jovyan/eeg-repro/high-gamma-data/data/processed/vae_repo_90_10_seed42/real_splits/S02_real_splits.npz,/home/jovyan/eeg-repro/high-gamma-data/data/generated/vae_repo_90_10_seed42/gaussian/gaussian_class_channel_time/S02_generator-seed2.npz,43.70430587977171,Additive augmentation with Gaussian class-channel-time synthetic EEG; all 259 real training trials retained; 131 synthetic trials added; synthetic amount=50% relative to original real training size; final training size=390; final synthetic composition=33.59%; synthetic subset class-stratified and nested; validation and official test sets remain entirely real.,
success,vae_repo_90_10_seed42,gaussian_cct_add_75pct_synth,2,2,0,39,0.4137931034482759,0.6180555555555556,259,194,29,288,22,1000,real_plus_synthetic_gaussian_cct,/home/jovyan/eeg-repro/high-gamma-data/data/processed/vae_repo_90_10_seed42/real_splits/S02_real_splits.npz,/home/jovyan/eeg-repro/high-gamma-data/data/generated/vae_repo_90_10_seed42/gaussian/gaussian_class_channel_time/S02_generator-seed2.npz,50.17543840780854,Additive augmentation with Gaussian class-channel-time synthetic EEG; all 259 real training trials retained; 194 synthetic trials added; synthetic amount=75% relative to original real training size; final training size=453; final synthetic composition=42.83%; synthetic subset class-stratified and nested; validation and official test sets remain entirely real.,
success,vae_repo_90_10_seed42,gaussian_cct_add_75pct_synth,2,2,1,33,0.31034482758620685,0.5902777777777778,259,194,29,288,22,1000,real_plus_synthetic_gaussian_cct,/home/jovyan/eeg-repro/high-gamma-data/data/processed/vae_repo_90_10_seed42/real_splits/S02_real_splits.npz,/home/jovyan/eeg-repro/high-gamma-data/data/generated/vae_repo_90_10_seed42/gaussian/gaussian_class_channel_time/S02_generator-seed2.npz,74.87430306151509,Additive augmentation with Gaussian class-channel-time synthetic EEG; all 259 real training trials retained; 194 synthetic trials added; synthetic amount=75% relative to original real training size; final training size=453; final synthetic composition=42.83%; synthetic subset class-stratified and nested; validation and official test sets remain entirely real.,
success,vae_repo_90_10_seed42,gaussian_cct_add_75pct_synth,2,2,2,64,0.3793103448275862,0.5451388888888888,259,194,29,288,22,1000,real_plus_synthetic_gaussian_cct,/home/jovyan/eeg-repro/high-gamma-data/data/processed/vae_repo_90_10_seed42/real_splits/S02_real_splits.npz,/home/jovyan/eeg-repro/high-gamma-data/data/generated/vae_repo_90_10_seed42/gaussian/gaussian_class_channel_time/S02_generator-seed2.npz,90.8198875375092,Additive augmentation with Gaussian class-channel-time synthetic EEG; all 259 real training trials retained; 194 synthetic trials added; synthetic amount=75% relative to original real training size; final training size=453; final synthetic composition=42.83%; synthetic subset class-stratified and nested; validation and official test sets remain entirely real.,
success,vae_repo_90_10_seed42,gaussian_cct_add_100pct_synth,2,2,0,38,0.4137931034482759,0.6284722222222222,259,259,29,288,22,1000,real_plus_synthetic_gaussian_cct,/home/jovyan/eeg-repro/high-gamma-data/data/processed/vae_repo_90_10_seed42/real_splits/S02_real_splits.npz,/home/jovyan/eeg-repro/high-gamma-data/data/generated/vae_repo_90_10_seed42/gaussian/gaussian_class_channel_time/S02_generator-seed2.npz,71.33874133974314,Additive augmentation with Gaussian class-channel-time synthetic EEG; all 259 real training trials retained; 259 synthetic trials added; synthetic amount=100% relative to original real training size; final training size=518; final synthetic composition=50.00%; synthetic subset class-stratified and nested; validation and official test sets remain entirely real.,
success,vae_repo_90_10_seed42,gaussian_cct_add_100pct_synth,2,2,1,45,0.3793103448275862,0.625,259,259,29,288,22,1000,real_plus_synthetic_gaussian_cct,/home/jovyan/eeg-repro/high-gamma-data/data/processed/vae_repo_90_10_seed42/real_splits/S02_real_splits.npz,/home/jovyan/eeg-repro/high-gamma-data/data/generated/vae_repo_90_10_seed42/gaussian/gaussian_class_channel_time/S02_generator-seed2.npz,62.93237314000726,Additive augmentation with Gaussian class-channel-time synthetic EEG; all 259 real training trials retained; 259 synthetic trials added; synthetic amount=100% relative to original real training size; final training size=518; final synthetic composition=50.00%; synthetic subset class-stratified and nested; validation and official test sets remain entirely real.,
success,vae_repo_90_10_seed42,gaussian_cct_add_100pct_synth,2,2,2,55,0.31034482758620685,0.5659722222222222,259,259,29,288,22,1000,real_plus_synthetic_gaussian_cct,/home/jovyan/eeg-repro/high-gamma-data/data/processed/vae_repo_90_10_seed42/real_splits/S02_real_splits.npz,/home/jovyan/eeg-repro/high-gamma-data/data/generated/vae_repo_90_10_seed42/gaussian/gaussian_class_channel_time/S02_generator-seed2.npz,113.12379525229335,Additive augmentation with Gaussian class-channel-time synthetic EEG; all 259 real training trials retained; 259 synthetic trials added; synthetic amount=100% relative to original real training size; final training size=518; final synthetic composition=50.00%; synthetic subset class-stratified and nested; validation and official test sets remain entirely real.,
success,vae_repo_90_10_seed42,gaussian_cct_add_25pct_synth,3,0,0,75,0.06896551724137934,0.14236111111111116,259,65,29,288,22,1000,real_plus_synthetic_gaussian_cct,/home/jovyan/eeg-repro/high-gamma-data/data/processed/vae_repo_90_10_seed42/real_splits/S03_real_splits.npz,/home/jovyan/eeg-repro/high-gamma-data/data/generated/vae_repo_90_10_seed42/gaussian/gaussian_class_channel_time/S03_generator-seed0.npz,58.19505897164345,Additive augmentation with Gaussian class-channel-time synthetic EEG; all 259 real training trials retained; 65 synthetic trials added; synthetic amount=25% relative to original real training size; final training size=324; final synthetic composition=20.06%; synthetic subset class-stratified and nested; validation and official test sets remain entirely real.,
success,vae_repo_90_10_seed42,gaussian_cct_add_25pct_synth,3,0,1,88,0.06896551724137934,0.09375,259,65,29,288,22,1000,real_plus_synthetic_gaussian_cct,/home/jovyan/eeg-repro/high-gamma-data/data/processed/vae_repo_90_10_seed42/real_splits/S03_real_splits.npz,/home/jovyan/eeg-repro/high-gamma-data/data/generated/vae_repo_90_10_seed42/gaussian/gaussian_class_channel_time/S03_generator-seed0.npz,67.9242171831429,Additive augmentation with Gaussian class-channel-time synthetic EEG; all 259 real training trials retained; 65 synthetic trials added; synthetic amount=25% relative to original real training size; final training size=324; final synthetic composition=20.06%; synthetic subset class-stratified and nested; validation and official test sets remain entirely real.,
success,vae_repo_90_10_seed42,gaussian_cct_add_25pct_synth,3,0,2,72,0.06896551724137934,0.18055555555555558,259,65,29,288,22,1000,real_plus_synthetic_gaussian_cct,/home/jovyan/eeg-repro/high-gamma-data/data/processed/vae_repo_90_10_seed42/real_splits/S03_real_splits.npz,/home/jovyan/eeg-repro/high-gamma-data/data/generated/vae_repo_90_10_seed42/gaussian/gaussian_class_channel_time/S03_generator-seed0.npz,60.78486272320151,Additive augmentation with Gaussian class-channel-time synthetic EEG; all 259 real training trials retained; 65 synthetic trials added; synthetic amount=25% relative to original real training size; final training size=324; final synthetic composition=20.06%; synthetic subset class-stratified and nested; validation and official test sets remain entirely real.,
success,vae_repo_90_10_seed42,gaussian_cct_add_50pct_synth,3,0,0,90,0.06896551724137934,0.13541666666666663,259,131,29,288,22,1000,real_plus_synthetic_gaussian_cct,/home/jovyan/eeg-repro/high-gamma-data/data/processed/vae_repo_90_10_seed42/real_splits/S03_real_splits.npz,/home/jovyan/eeg-repro/high-gamma-data/data/generated/vae_repo_90_10_seed42/gaussian/gaussian_class_channel_time/S03_generator-seed0.npz,82.7692931778729,Additive augmentation with Gaussian class-channel-time synthetic EEG; all 259 real training trials retained; 131 synthetic trials added; synthetic amount=50% relative to original real training size; final training size=390; final synthetic composition=33.59%; synthetic subset class-stratified and nested; validation and official test sets remain entirely real.,
success,vae_repo_90_10_seed42,gaussian_cct_add_50pct_synth,3,0,1,60,0.10344827586206895,0.13541666666666663,259,131,29,288,22,1000,real_plus_synthetic_gaussian_cct,/home/jovyan/eeg-repro/high-gamma-data/data/processed/vae_repo_90_10_seed42/real_splits/S03_real_splits.npz,/home/jovyan/eeg-repro/high-gamma-data/data/generated/vae_repo_90_10_seed42/gaussian/gaussian_class_channel_time/S03_generator-seed0.npz,63.26034728065133,Additive augmentation with Gaussian class-channel-time synthetic EEG; all 259 real training trials retained; 131 synthetic trials added; synthetic amount=50% relative to original real training size; final training size=390; final synthetic composition=33.59%; synthetic subset class-stratified and nested; validation and official test sets remain entirely real.,
success,vae_repo_90_10_seed42,gaussian_cct_add_50pct_synth,3,0,2,35,0.06896551724137934,0.13888888888888884,259,131,29,288,22,1000,real_plus_synthetic_gaussian_cct,/home/jovyan/eeg-repro/high-gamma-data/data/processed/vae_repo_90_10_seed42/real_splits/S03_real_splits.npz,/home/jovyan/eeg-repro/high-gamma-data/data/generated/vae_repo_90_10_seed42/gaussian/gaussian_class_channel_time/S03_generator-seed0.npz,58.936625983566046,Additive augmentation with Gaussian class-channel-time synthetic EEG; all 259 real training trials retained; 131 synthetic trials added; synthetic amount=50% relative to original real training size; final training size=390; final synthetic composition=33.59%; synthetic subset class-stratified and nested; validation and official test sets remain entirely real.,
success,vae_repo_90_10_seed42,gaussian_cct_add_75pct_synth,3,0,0,40,0.10344827586206895,0.1597222222222222,259,194,29,288,22,1000,real_plus_synthetic_gaussian_cct,/home/jovyan/eeg-repro/high-gamma-data/data/processed/vae_repo_90_10_seed42/real_splits/S03_real_splits.npz,/home/jovyan/eeg-repro/high-gamma-data/data/generated/vae_repo_90_10_seed42/gaussian/gaussian_class_channel_time/S03_generator-seed0.npz,53.409894064068794,Additive augmentation with Gaussian class-channel-time synthetic EEG; all 259 real training trials retained; 194 synthetic trials added; synthetic amount=75% relative to original real training size; final training size=453; final synthetic composition=42.83%; synthetic subset class-stratified and nested; validation and official test sets remain entirely real.,
success,vae_repo_90_10_seed42,gaussian_cct_add_75pct_synth,3,0,1,76,0.06896551724137934,0.1527777777777778,259,194,29,288,22,1000,real_plus_synthetic_gaussian_cct,/home/jovyan/eeg-repro/high-gamma-data/data/processed/vae_repo_90_10_seed42/real_splits/S03_real_splits.npz,/home/jovyan/eeg-repro/high-gamma-data/data/generated/vae_repo_90_10_seed42/gaussian/gaussian_class_channel_time/S03_generator-seed0.npz,123.71953513845801,Additive augmentation with Gaussian class-channel-time synthetic EEG; all 259 real training trials retained; 194 synthetic trials added; synthetic amount=75% relative to original real training size; final training size=453; final synthetic composition=42.83%; synthetic subset class-stratified and nested; validation and official test sets remain entirely real.,
success,vae_repo_90_10_seed42,gaussian_cct_add_75pct_synth,3,0,2,77,0.10344827586206895,0.17013888888888884,259,194,29,288,22,1000,real_plus_synthetic_gaussian_cct,/home/jovyan/eeg-repro/high-gamma-data/data/processed/vae_repo_90_10_seed42/real_splits/S03_real_splits.npz,/home/jovyan/eeg-repro/high-gamma-data/data/generated/vae_repo_90_10_seed42/gaussian/gaussian_class_channel_time/S03_generator-seed0.npz,97.46706868708134,Additive augmentation with Gaussian class-channel-time synthetic EEG; all 259 real training trials retained; 194 synthetic trials added; synthetic amount=75% relative to original real training size; final training size=453; final synthetic composition=42.83%; synthetic subset class-stratified and nested; validation and official test sets remain entirely real.,
success,vae_repo_90_10_seed42,gaussian_cct_add_100pct_synth,3,0,0,37,0.1724137931034483,0.1527777777777778,259,259,29,288,22,1000,real_plus_synthetic_gaussian_cct,/home/jovyan/eeg-repro/high-gamma-data/data/processed/vae_repo_90_10_seed42/real_splits/S03_real_splits.npz,/home/jovyan/eeg-repro/high-gamma-data/data/generated/vae_repo_90_10_seed42/gaussian/gaussian_class_channel_time/S03_generator-seed0.npz,52.445589546114206,Additive augmentation with Gaussian class-channel-time synthetic EEG; all 259 real training trials retained; 259 synthetic trials added; synthetic amount=100% relative to original real training size; final training size=518; final synthetic composition=50.00%; synthetic subset class-stratified and nested; validation and official test sets remain entirely real.,
success,vae_repo_90_10_seed42,gaussian_cct_add_100pct_synth,3,0,1,41,0.1724137931034483,0.22569444444444442,259,259,29,288,22,1000,real_plus_synthetic_gaussian_cct,/home/jovyan/eeg-repro/high-gamma-data/data/processed/vae_repo_90_10_seed42/real_splits/S03_real_splits.npz,/home/jovyan/eeg-repro/high-gamma-data/data/generated/vae_repo_90_10_seed42/gaussian/gaussian_class_channel_time/S03_generator-seed0.npz,63.20506925135851,Additive augmentation with Gaussian class-channel-time synthetic EEG; all 259 real training trials retained; 259 synthetic trials added; synthetic amount=100% relative to original real training size; final training size=518; final synthetic composition=50.00%; synthetic subset class-stratified and nested; validation and official test sets remain entirely real.,
success,vae_repo_90_10_seed42,gaussian_cct_add_100pct_synth,3,0,2,41,0.06896551724137934,0.14930555555555558,259,259,29,288,22,1000,real_plus_synthetic_gaussian_cct,/home/jovyan/eeg-repro/high-gamma-data/data/processed/vae_repo_90_10_seed42/real_splits/S03_real_splits.npz,/home/jovyan/eeg-repro/high-gamma-data/data/generated/vae_repo_90_10_seed42/gaussian/gaussian_class_channel_time/S03_generator-seed0.npz,94.76901015639305,Additive augmentation with Gaussian class-channel-time synthetic EEG; all 259 real training trials retained; 259 synthetic trials added; synthetic amount=100% relative to original real training size; final training size=518; final synthetic composition=50.00%; synthetic subset class-stratified and nested; validation and official test sets remain entirely real.,
success,vae_repo_90_10_seed42,gaussian_cct_add_25pct_synth,3,1,0,54,0.06896551724137934,0.11111111111111116,259,65,29,288,22,1000,real_plus_synthetic_gaussian_cct,/home/jovyan/eeg-repro/high-gamma-data/data/processed/vae_repo_90_10_seed42/real_splits/S03_real_splits.npz,/home/jovyan/eeg-repro/high-gamma-data/data/generated/vae_repo_90_10_seed42/gaussian/gaussian_class_channel_time/S03_generator-seed1.npz,45.48634408786893,Additive augmentation with Gaussian class-channel-time synthetic EEG; all 259 real training trials retained; 65 synthetic trials added; synthetic amount=25% relative to original real training size; final training size=324; final synthetic composition=20.06%; synthetic subset class-stratified and nested; validation and official test sets remain entirely real.,
success,vae_repo_90_10_seed42,gaussian_cct_add_25pct_synth,3,1,1,47,0.06896551724137934,0.13541666666666663,259,65,29,288,22,1000,real_plus_synthetic_gaussian_cct,/home/jovyan/eeg-repro/high-gamma-data/data/processed/vae_repo_90_10_seed42/real_splits/S03_real_splits.npz,/home/jovyan/eeg-repro/high-gamma-data/data/generated/vae_repo_90_10_seed42/gaussian/gaussian_class_channel_time/S03_generator-seed1.npz,55.561579424887896,Additive augmentation with Gaussian class-channel-time synthetic EEG; all 259 real training trials retained; 65 synthetic trials added; synthetic amount=25% relative to original real training size; final training size=324; final synthetic composition=20.06%; synthetic subset class-stratified and nested; validation and official test sets remain entirely real.,
success,vae_repo_90_10_seed42,gaussian_cct_add_25pct_synth,3,1,2,39,0.10344827586206895,0.15625,259,65,29,288,22,1000,real_plus_synthetic_gaussian_cct,/home/jovyan/eeg-repro/high-gamma-data/data/processed/vae_repo_90_10_seed42/real_splits/S03_real_splits.npz,/home/jovyan/eeg-repro/high-gamma-data/data/generated/vae_repo_90_10_seed42/gaussian/gaussian_class_channel_time/S03_generator-seed1.npz,40.056605599820614,Additive augmentation with Gaussian class-channel-time synthetic EEG; all 259 real training trials retained; 65 synthetic trials added; synthetic amount=25% relative to original real training size; final training size=324; final synthetic composition=20.06%; synthetic subset class-stratified and nested; validation and official test sets remain entirely real.,
success,vae_repo_90_10_seed42,gaussian_cct_add_50pct_synth,3,1,0,47,0.03448275862068961,0.15625,259,131,29,288,22,1000,real_plus_synthetic_gaussian_cct,/home/jovyan/eeg-repro/high-gamma-data/data/processed/vae_repo_90_10_seed42/real_splits/S03_real_splits.npz,/home/jovyan/eeg-repro/high-gamma-data/data/generated/vae_repo_90_10_seed42/gaussian/gaussian_class_channel_time/S03_generator-seed1.npz,70.29983686283231,Additive augmentation with Gaussian class-channel-time synthetic EEG; all 259 real training trials retained; 131 synthetic trials added; synthetic amount=50% relative to original real training size; final training size=390; final synthetic composition=33.59%; synthetic subset class-stratified and nested; validation and official test sets remain entirely real.,
success,vae_repo_90_10_seed42,gaussian_cct_add_50pct_synth,3,1,1,54,0.06896551724137934,0.13888888888888884,259,131,29,288,22,1000,real_plus_synthetic_gaussian_cct,/home/jovyan/eeg-repro/high-gamma-data/data/processed/vae_repo_90_10_seed42/real_splits/S03_real_splits.npz,/home/jovyan/eeg-repro/high-gamma-data/data/generated/vae_repo_90_10_seed42/gaussian/gaussian_class_channel_time/S03_generator-seed1.npz,76.26197684928775,Additive augmentation with Gaussian class-channel-time synthetic EEG; all 259 real training trials retained; 131 synthetic trials added; synthetic amount=50% relative to original real training size; final training size=390; final synthetic composition=33.59%; synthetic subset class-stratified and nested; validation and official test sets remain entirely real.,
success,vae_repo_90_10_seed42,gaussian_cct_add_50pct_synth,3,1,2,46,0.13793103448275867,0.17361111111111116,259,131,29,288,22,1000,real_plus_synthetic_gaussian_cct,/home/jovyan/eeg-repro/high-gamma-data/data/processed/vae_repo_90_10_seed42/real_splits/S03_real_splits.npz,/home/jovyan/eeg-repro/high-gamma-data/data/generated/vae_repo_90_10_seed42/gaussian/gaussian_class_channel_time/S03_generator-seed1.npz,42.15126331150532,Additive augmentation with Gaussian class-channel-time synthetic EEG; all 259 real training trials retained; 131 synthetic trials added; synthetic amount=50% relative to original real training size; final training size=390; final synthetic composition=33.59%; synthetic subset class-stratified and nested; validation and official test sets remain entirely real.,
success,vae_repo_90_10_seed42,gaussian_cct_add_75pct_synth,3,1,0,55,0.13793103448275867,0.1840277777777778,259,194,29,288,22,1000,real_plus_synthetic_gaussian_cct,/home/jovyan/eeg-repro/high-gamma-data/data/processed/vae_repo_90_10_seed42/real_splits/S03_real_splits.npz,/home/jovyan/eeg-repro/high-gamma-data/data/generated/vae_repo_90_10_seed42/gaussian/gaussian_class_channel_time/S03_generator-seed1.npz,69.57636147364974,Additive augmentation with Gaussian class-channel-time synthetic EEG; all 259 real training trials retained; 194 synthetic trials added; synthetic amount=75% relative to original real training size; final training size=453; final synthetic composition=42.83%; synthetic subset class-stratified and nested; validation and official test sets remain entirely real.,
success,vae_repo_90_10_seed42,gaussian_cct_add_75pct_synth,3,1,1,57,0.13793103448275867,0.1527777777777778,259,194,29,288,22,1000,real_plus_synthetic_gaussian_cct,/home/jovyan/eeg-repro/high-gamma-data/data/processed/vae_repo_90_10_seed42/real_splits/S03_real_splits.npz,/home/jovyan/eeg-repro/high-gamma-data/data/generated/vae_repo_90_10_seed42/gaussian/gaussian_class_channel_time/S03_generator-seed1.npz,69.1829772926867,Additive augmentation with Gaussian class-channel-time synthetic EEG; all 259 real training trials retained; 194 synthetic trials added; synthetic amount=75% relative to original real training size; final training size=453; final synthetic composition=42.83%; synthetic subset class-stratified and nested; validation and official test sets remain entirely real.,
success,vae_repo_90_10_seed42,gaussian_cct_add_75pct_synth,3,1,2,13,0.13793103448275867,0.2777777777777778,259,194,29,288,22,1000,real_plus_synthetic_gaussian_cct,/home/jovyan/eeg-repro/high-gamma-data/data/processed/vae_repo_90_10_seed42/real_splits/S03_real_splits.npz,/home/jovyan/eeg-repro/high-gamma-data/data/generated/vae_repo_90_10_seed42/gaussian/gaussian_class_channel_time/S03_generator-seed1.npz,51.11748743802309,Additive augmentation with Gaussian class-channel-time synthetic EEG; all 259 real training trials retained; 194 synthetic trials added; synthetic amount=75% relative to original real training size; final training size=453; final synthetic composition=42.83%; synthetic subset class-stratified and nested; validation and official test sets remain entirely real.,
success,vae_repo_90_10_seed42,gaussian_cct_add_100pct_synth,3,1,0,49,0.13793103448275867,0.20833333333333337,259,259,29,288,22,1000,real_plus_synthetic_gaussian_cct,/home/jovyan/eeg-repro/high-gamma-data/data/processed/vae_repo_90_10_seed42/real_splits/S03_real_splits.npz,/home/jovyan/eeg-repro/high-gamma-data/data/generated/vae_repo_90_10_seed42/gaussian/gaussian_class_channel_time/S03_generator-seed1.npz,67.18215700984001,Additive augmentation with Gaussian class-channel-time synthetic EEG; all 259 real training trials retained; 259 synthetic trials added; synthetic amount=100% relative to original real training size; final training size=518; final synthetic composition=50.00%; synthetic subset class-stratified and nested; validation and official test sets remain entirely real.,
success,vae_repo_90_10_seed42,gaussian_cct_add_100pct_synth,3,1,1,61,0.1724137931034483,0.11458333333333337,259,259,29,288,22,1000,real_plus_synthetic_gaussian_cct,/home/jovyan/eeg-repro/high-gamma-data/data/processed/vae_repo_90_10_seed42/real_splits/S03_real_splits.npz,/home/jovyan/eeg-repro/high-gamma-data/data/generated/vae_repo_90_10_seed42/gaussian/gaussian_class_channel_time/S03_generator-seed1.npz,89.15473828464746,Additive augmentation with Gaussian class-channel-time synthetic EEG; all 259 real training trials retained; 259 synthetic trials added; synthetic amount=100% relative to original real training size; final training size=518; final synthetic composition=50.00%; synthetic subset class-stratified and nested; validation and official test sets remain entirely real.,
success,vae_repo_90_10_seed42,gaussian_cct_add_100pct_synth,3,1,2,60,0.13793103448275867,0.14583333333333337,259,259,29,288,22,1000,real_plus_synthetic_gaussian_cct,/home/jovyan/eeg-repro/high-gamma-data/data/processed/vae_repo_90_10_seed42/real_splits/S03_real_splits.npz,/home/jovyan/eeg-repro/high-gamma-data/data/generated/vae_repo_90_10_seed42/gaussian/gaussian_class_channel_time/S03_generator-seed1.npz,92.79827477782965,Additive augmentation with Gaussian class-channel-time synthetic EEG; all 259 real training trials retained; 259 synthetic trials added; synthetic amount=100% relative to original real training size; final training size=518; final synthetic composition=50.00%; synthetic subset class-stratified and nested; validation and official test sets remain entirely real.,
success,vae_repo_90_10_seed42,gaussian_cct_add_25pct_synth,3,2,0,73,0.10344827586206895,0.12152777777777779,259,65,29,288,22,1000,real_plus_synthetic_gaussian_cct,/home/jovyan/eeg-repro/high-gamma-data/data/processed/vae_repo_90_10_seed42/real_splits/S03_real_splits.npz,/home/jovyan/eeg-repro/high-gamma-data/data/generated/vae_repo_90_10_seed42/gaussian/gaussian_class_channel_time/S03_generator-seed2.npz,55.81096160039306,Additive augmentation with Gaussian class-channel-time synthetic EEG; all 259 real training trials retained; 65 synthetic trials added; synthetic amount=25% relative to original real training size; final training size=324; final synthetic composition=20.06%; synthetic subset class-stratified and nested; validation and official test sets remain entirely real.,
success,vae_repo_90_10_seed42,gaussian_cct_add_25pct_synth,3,2,1,57,0.03448275862068961,0.1909722222222222,259,65,29,288,22,1000,real_plus_synthetic_gaussian_cct,/home/jovyan/eeg-repro/high-gamma-data/data/processed/vae_repo_90_10_seed42/real_splits/S03_real_splits.npz,/home/jovyan/eeg-repro/high-gamma-data/data/generated/vae_repo_90_10_seed42/gaussian/gaussian_class_channel_time/S03_generator-seed2.npz,68.18786768242717,Additive augmentation with Gaussian class-channel-time synthetic EEG; all 259 real training trials retained; 65 synthetic trials added; synthetic amount=25% relative to original real training size; final training size=324; final synthetic composition=20.06%; synthetic subset class-stratified and nested; validation and official test sets remain entirely real.,
success,vae_repo_90_10_seed42,gaussian_cct_add_25pct_synth,3,2,2,61,0.10344827586206895,0.1597222222222222,259,65,29,288,22,1000,real_plus_synthetic_gaussian_cct,/home/jovyan/eeg-repro/high-gamma-data/data/processed/vae_repo_90_10_seed42/real_splits/S03_real_splits.npz,/home/jovyan/eeg-repro/high-gamma-data/data/generated/vae_repo_90_10_seed42/gaussian/gaussian_class_channel_time/S03_generator-seed2.npz,51.084952756762505,Additive augmentation with Gaussian class-channel-time synthetic EEG; all 259 real training trials retained; 65 synthetic trials added; synthetic amount=25% relative to original real training size; final training size=324; final synthetic composition=20.06%; synthetic subset class-stratified and nested; validation and official test sets remain entirely real.,
success,vae_repo_90_10_seed42,gaussian_cct_add_50pct_synth,3,2,0,15,0.1724137931034483,0.2569444444444444,259,131,29,288,22,1000,real_plus_synthetic_gaussian_cct,/home/jovyan/eeg-repro/high-gamma-data/data/processed/vae_repo_90_10_seed42/real_splits/S03_real_splits.npz,/home/jovyan/eeg-repro/high-gamma-data/data/generated/vae_repo_90_10_seed42/gaussian/gaussian_class_channel_time/S03_generator-seed2.npz,35.721893675625324,Additive augmentation with Gaussian class-channel-time synthetic EEG; all 259 real training trials retained; 131 synthetic trials added; synthetic amount=50% relative to original real training size; final training size=390; final synthetic composition=33.59%; synthetic subset class-stratified and nested; validation and official test sets remain entirely real.,
success,vae_repo_90_10_seed42,gaussian_cct_add_50pct_synth,3,2,1,78,0.10344827586206895,0.125,259,131,29,288,22,1000,real_plus_synthetic_gaussian_cct,/home/jovyan/eeg-repro/high-gamma-data/data/processed/vae_repo_90_10_seed42/real_splits/S03_real_splits.npz,/home/jovyan/eeg-repro/high-gamma-data/data/generated/vae_repo_90_10_seed42/gaussian/gaussian_class_channel_time/S03_generator-seed2.npz,74.82257567346096,Additive augmentation with Gaussian class-channel-time synthetic EEG; all 259 real training trials retained; 131 synthetic trials added; synthetic amount=50% relative to original real training size; final training size=390; final synthetic composition=33.59%; synthetic subset class-stratified and nested; validation and official test sets remain entirely real.,
success,vae_repo_90_10_seed42,gaussian_cct_add_50pct_synth,3,2,2,50,0.13793103448275867,0.17361111111111116,259,131,29,288,22,1000,real_plus_synthetic_gaussian_cct,/home/jovyan/eeg-repro/high-gamma-data/data/processed/vae_repo_90_10_seed42/real_splits/S03_real_splits.npz,/home/jovyan/eeg-repro/high-gamma-data/data/generated/vae_repo_90_10_seed42/gaussian/gaussian_class_channel_time/S03_generator-seed2.npz,46.053488075733185,Additive augmentation with Gaussian class-channel-time synthetic EEG; all 259 real training trials retained; 131 synthetic trials added; synthetic amount=50% relative to original real training size; final training size=390; final synthetic composition=33.59%; synthetic subset class-stratified and nested; validation and official test sets remain entirely real.,
success,vae_repo_90_10_seed42,gaussian_cct_add_75pct_synth,3,2,0,46,0.10344827586206895,0.17361111111111116,259,194,29,288,22,1000,real_plus_synthetic_gaussian_cct,/home/jovyan/eeg-repro/high-gamma-data/data/processed/vae_repo_90_10_seed42/real_splits/S03_real_splits.npz,/home/jovyan/eeg-repro/high-gamma-data/data/generated/vae_repo_90_10_seed42/gaussian/gaussian_class_channel_time/S03_generator-seed2.npz,89.35403405502439,Additive augmentation with Gaussian class-channel-time synthetic EEG; all 259 real training trials retained; 194 synthetic trials added; synthetic amount=75% relative to original real training size; final training size=453; final synthetic composition=42.83%; synthetic subset class-stratified and nested; validation and official test sets remain entirely real.,
success,vae_repo_90_10_seed42,gaussian_cct_add_75pct_synth,3,2,1,34,0.1724137931034483,0.18055555555555558,259,194,29,288,22,1000,real_plus_synthetic_gaussian_cct,/home/jovyan/eeg-repro/high-gamma-data/data/processed/vae_repo_90_10_seed42/real_splits/S03_real_splits.npz,/home/jovyan/eeg-repro/high-gamma-data/data/generated/vae_repo_90_10_seed42/gaussian/gaussian_class_channel_time/S03_generator-seed2.npz,48.46026596799493,Additive augmentation with Gaussian class-channel-time synthetic EEG; all 259 real training trials retained; 194 synthetic trials added; synthetic amount=75% relative to original real training size; final training size=453; final synthetic composition=42.83%; synthetic subset class-stratified and nested; validation and official test sets remain entirely real.,
success,vae_repo_90_10_seed42,gaussian_cct_add_75pct_synth,3,2,2,66,0.13793103448275867,0.14236111111111116,259,194,29,288,22,1000,real_plus_synthetic_gaussian_cct,/home/jovyan/eeg-repro/high-gamma-data/data/processed/vae_repo_90_10_seed42/real_splits/S03_real_splits.npz,/home/jovyan/eeg-repro/high-gamma-data/data/generated/vae_repo_90_10_seed42/gaussian/gaussian_class_channel_time/S03_generator-seed2.npz,78.71044639125466,Additive augmentation with Gaussian class-channel-time synthetic EEG; all 259 real training trials retained; 194 synthetic trials added; synthetic amount=75% relative to original real training size; final training size=453; final synthetic composition=42.83%; synthetic subset class-stratified and nested; validation and official test sets remain entirely real.,
success,vae_repo_90_10_seed42,gaussian_cct_add_100pct_synth,3,2,0,89,0.06896551724137934,0.1875,259,259,29,288,22,1000,real_plus_synthetic_gaussian_cct,/home/jovyan/eeg-repro/high-gamma-data/data/processed/vae_repo_90_10_seed42/real_splits/S03_real_splits.npz,/home/jovyan/eeg-repro/high-gamma-data/data/generated/vae_repo_90_10_seed42/gaussian/gaussian_class_channel_time/S03_generator-seed2.npz,124.46570306271315,Additive augmentation with Gaussian class-channel-time synthetic EEG; all 259 real training trials retained; 259 synthetic trials added; synthetic amount=100% relative to original real training size; final training size=518; final synthetic composition=50.00%; synthetic subset class-stratified and nested; validation and official test sets remain entirely real.,
success,vae_repo_90_10_seed42,gaussian_cct_add_100pct_synth,3,2,1,61,0.13793103448275867,0.1909722222222222,259,259,29,288,22,1000,real_plus_synthetic_gaussian_cct,/home/jovyan/eeg-repro/high-gamma-data/data/processed/vae_repo_90_10_seed42/real_splits/S03_real_splits.npz,/home/jovyan/eeg-repro/high-gamma-data/data/generated/vae_repo_90_10_seed42/gaussian/gaussian_class_channel_time/S03_generator-seed2.npz,85.13112623244524,Additive augmentation with Gaussian class-channel-time synthetic EEG; all 259 real training trials retained; 259 synthetic trials added; synthetic amount=100% relative to original real training size; final training size=518; final synthetic composition=50.00%; synthetic subset class-stratified and nested; validation and official test sets remain entirely real.,
success,vae_repo_90_10_seed42,gaussian_cct_add_100pct_synth,3,2,2,61,0.10344827586206895,0.1527777777777778,259,259,29,288,22,1000,real_plus_synthetic_gaussian_cct,/home/jovyan/eeg-repro/high-gamma-data/data/processed/vae_repo_90_10_seed42/real_splits/S03_real_splits.npz,/home/jovyan/eeg-repro/high-gamma-data/data/generated/vae_repo_90_10_seed42/gaussian/gaussian_class_channel_time/S03_generator-seed2.npz,120.16368373855948,Additive augmentation with Gaussian class-channel-time synthetic EEG; all 259 real training trials retained; 259 synthetic trials added; synthetic amount=100% relative to original real training size; final training size=518; final synthetic composition=50.00%; synthetic subset class-stratified and nested; validation and official test sets remain entirely real.,
success,vae_repo_90_10_seed42,gaussian_cct_add_25pct_synth,4,0,0,39,0.4137931034482759,0.42708333333333337,259,64,29,288,22,1000,real_plus_synthetic_gaussian_cct,/home/jovyan/eeg-repro/high-gamma-data/data/processed/vae_repo_90_10_seed42/real_splits/S04_real_splits.npz,/home/jovyan/eeg-repro/high-gamma-data/data/generated/vae_repo_90_10_seed42/gaussian/gaussian_class_channel_time/S04_generator-seed0.npz,40.692388497292995,Additive augmentation with Gaussian class-channel-time synthetic EEG; all 259 real training trials retained; 64 synthetic trials added; synthetic amount=25% relative to original real training size; final training size=323; final synthetic composition=19.81%; synthetic subset class-stratified and nested; validation and official test sets remain entirely real.,
success,vae_repo_90_10_seed42,gaussian_cct_add_25pct_synth,4,0,1,77,0.3793103448275862,0.40625,259,64,29,288,22,1000,real_plus_synthetic_gaussian_cct,/home/jovyan/eeg-repro/high-gamma-data/data/processed/vae_repo_90_10_seed42/real_splits/S04_real_splits.npz,/home/jovyan/eeg-repro/high-gamma-data/data/generated/vae_repo_90_10_seed42/gaussian/gaussian_class_channel_time/S04_generator-seed0.npz,60.87894490733743,Additive augmentation with Gaussian class-channel-time synthetic EEG; all 259 real training trials retained; 64 synthetic trials added; synthetic amount=25% relative to original real training size; final training size=323; final synthetic composition=19.81%; synthetic subset class-stratified and nested; validation and official test sets remain entirely real.,
success,vae_repo_90_10_seed42,gaussian_cct_add_25pct_synth,4,0,2,63,0.4137931034482759,0.4618055555555556,259,64,29,288,22,1000,real_plus_synthetic_gaussian_cct,/home/jovyan/eeg-repro/high-gamma-data/data/processed/vae_repo_90_10_seed42/real_splits/S04_real_splits.npz,/home/jovyan/eeg-repro/high-gamma-data/data/generated/vae_repo_90_10_seed42/gaussian/gaussian_class_channel_time/S04_generator-seed0.npz,58.16769875213504,Additive augmentation with Gaussian class-channel-time synthetic EEG; all 259 real training trials retained; 64 synthetic trials added; synthetic amount=25% relative to original real training size; final training size=323; final synthetic composition=19.81%; synthetic subset class-stratified and nested; validation and official test sets remain entirely real.,
success,vae_repo_90_10_seed42,gaussian_cct_add_50pct_synth,4,0,0,65,0.3793103448275862,0.4618055555555556,259,129,29,288,22,1000,real_plus_synthetic_gaussian_cct,/home/jovyan/eeg-repro/high-gamma-data/data/processed/vae_repo_90_10_seed42/real_splits/S04_real_splits.npz,/home/jovyan/eeg-repro/high-gamma-data/data/generated/vae_repo_90_10_seed42/gaussian/gaussian_class_channel_time/S04_generator-seed0.npz,86.52568106353283,Additive augmentation with Gaussian class-channel-time synthetic EEG; all 259 real training trials retained; 129 synthetic trials added; synthetic amount=50% relative to original real training size; final training size=388; final synthetic composition=33.25%; synthetic subset class-stratified and nested; validation and official test sets remain entirely real.,
success,vae_repo_90_10_seed42,gaussian_cct_add_50pct_synth,4,0,1,8,0.4137931034482759,0.5034722222222222,259,129,29,288,22,1000,real_plus_synthetic_gaussian_cct,/home/jovyan/eeg-repro/high-gamma-data/data/processed/vae_repo_90_10_seed42/real_splits/S04_real_splits.npz,/home/jovyan/eeg-repro/high-gamma-data/data/generated/vae_repo_90_10_seed42/gaussian/gaussian_class_channel_time/S04_generator-seed0.npz,35.07694021984935,Additive augmentation with Gaussian class-channel-time synthetic EEG; all 259 real training trials retained; 129 synthetic trials added; synthetic amount=50% relative to original real training size; final training size=388; final synthetic composition=33.25%; synthetic subset class-stratified and nested; validation and official test sets remain entirely real.,
success,vae_repo_90_10_seed42,gaussian_cct_add_50pct_synth,4,0,2,79,0.3793103448275862,0.45486111111111116,259,129,29,288,22,1000,real_plus_synthetic_gaussian_cct,/home/jovyan/eeg-repro/high-gamma-data/data/processed/vae_repo_90_10_seed42/real_splits/S04_real_splits.npz,/home/jovyan/eeg-repro/high-gamma-data/data/generated/vae_repo_90_10_seed42/gaussian/gaussian_class_channel_time/S04_generator-seed0.npz,71.7941149584949,Additive augmentation with Gaussian class-channel-time synthetic EEG; all 259 real training trials retained; 129 synthetic trials added; synthetic amount=50% relative to original real training size; final training size=388; final synthetic composition=33.25%; synthetic subset class-stratified and nested; validation and official test sets remain entirely real.,
success,vae_repo_90_10_seed42,gaussian_cct_add_75pct_synth,4,0,0,87,0.3793103448275862,0.4444444444444444,259,195,29,288,22,1000,real_plus_synthetic_gaussian_cct,/home/jovyan/eeg-repro/high-gamma-data/data/processed/vae_repo_90_10_seed42/real_splits/S04_real_splits.npz,/home/jovyan/eeg-repro/high-gamma-data/data/generated/vae_repo_90_10_seed42/gaussian/gaussian_class_channel_time/S04_generator-seed0.npz,103.75420820340514,Additive augmentation with Gaussian class-channel-time synthetic EEG; all 259 real training trials retained; 195 synthetic trials added; synthetic amount=75% relative to original real training size; final training size=454; final synthetic composition=42.95%; synthetic subset class-stratified and nested; validation and official test sets remain entirely real.,
success,vae_repo_90_10_seed42,gaussian_cct_add_75pct_synth,4,0,1,39,0.4137931034482759,0.45486111111111116,259,195,29,288,22,1000,real_plus_synthetic_gaussian_cct,/home/jovyan/eeg-repro/high-gamma-data/data/processed/vae_repo_90_10_seed42/real_splits/S04_real_splits.npz,/home/jovyan/eeg-repro/high-gamma-data/data/generated/vae_repo_90_10_seed42/gaussian/gaussian_class_channel_time/S04_generator-seed0.npz,80.48209808021784,Additive augmentation with Gaussian class-channel-time synthetic EEG; all 259 real training trials retained; 195 synthetic trials added; synthetic amount=75% relative to original real training size; final training size=454; final synthetic composition=42.95%; synthetic subset class-stratified and nested; validation and official test sets remain entirely real.,
success,vae_repo_90_10_seed42,gaussian_cct_add_75pct_synth,4,0,2,56,0.4482758620689655,0.4305555555555556,259,195,29,288,22,1000,real_plus_synthetic_gaussian_cct,/home/jovyan/eeg-repro/high-gamma-data/data/processed/vae_repo_90_10_seed42/real_splits/S04_real_splits.npz,/home/jovyan/eeg-repro/high-gamma-data/data/generated/vae_repo_90_10_seed42/gaussian/gaussian_class_channel_time/S04_generator-seed0.npz,70.3806280195713,Additive augmentation with Gaussian class-channel-time synthetic EEG; all 259 real training trials retained; 195 synthetic trials added; synthetic amount=75% relative to original real training size; final training size=454; final synthetic composition=42.95%; synthetic subset class-stratified and nested; validation and official test sets remain entirely real.,
success,vae_repo_90_10_seed42,gaussian_cct_add_100pct_synth,4,0,0,55,0.4482758620689655,0.4340277777777778,259,259,29,288,22,1000,real_plus_synthetic_gaussian_cct,/home/jovyan/eeg-repro/high-gamma-data/data/processed/vae_repo_90_10_seed42/real_splits/S04_real_splits.npz,/home/jovyan/eeg-repro/high-gamma-data/data/generated/vae_repo_90_10_seed42/gaussian/gaussian_class_channel_time/S04_generator-seed0.npz,73.0151907838881,Additive augmentation with Gaussian class-channel-time synthetic EEG; all 259 real training trials retained; 259 synthetic trials added; synthetic amount=100% relative to original real training size; final training size=518; final synthetic composition=50.00%; synthetic subset class-stratified and nested; validation and official test sets remain entirely real.,
success,vae_repo_90_10_seed42,gaussian_cct_add_100pct_synth,4,0,1,31,0.48275862068965514,0.4652777777777778,259,259,29,288,22,1000,real_plus_synthetic_gaussian_cct,/home/jovyan/eeg-repro/high-gamma-data/data/processed/vae_repo_90_10_seed42/real_splits/S04_real_splits.npz,/home/jovyan/eeg-repro/high-gamma-data/data/generated/vae_repo_90_10_seed42/gaussian/gaussian_class_channel_time/S04_generator-seed0.npz,65.92272118106484,Additive augmentation with Gaussian class-channel-time synthetic EEG; all 259 real training trials retained; 259 synthetic trials added; synthetic amount=100% relative to original real training size; final training size=518; final synthetic composition=50.00%; synthetic subset class-stratified and nested; validation and official test sets remain entirely real.,
success,vae_repo_90_10_seed42,gaussian_cct_add_100pct_synth,4,0,2,37,0.3793103448275862,0.4618055555555556,259,259,29,288,22,1000,real_plus_synthetic_gaussian_cct,/home/jovyan/eeg-repro/high-gamma-data/data/processed/vae_repo_90_10_seed42/real_splits/S04_real_splits.npz,/home/jovyan/eeg-repro/high-gamma-data/data/generated/vae_repo_90_10_seed42/gaussian/gaussian_class_channel_time/S04_generator-seed0.npz,88.1056003458798,Additive augmentation with Gaussian class-channel-time synthetic EEG; all 259 real training trials retained; 259 synthetic trials added; synthetic amount=100% relative to original real training size; final training size=518; final synthetic composition=50.00%; synthetic subset class-stratified and nested; validation and official test sets remain entirely real.,
success,vae_repo_90_10_seed42,gaussian_cct_add_25pct_synth,4,1,0,67,0.27586206896551724,0.41666666666666663,259,64,29,288,22,1000,real_plus_synthetic_gaussian_cct,/home/jovyan/eeg-repro/high-gamma-data/data/processed/vae_repo_90_10_seed42/real_splits/S04_real_splits.npz,/home/jovyan/eeg-repro/high-gamma-data/data/generated/vae_repo_90_10_seed42/gaussian/gaussian_class_channel_time/S04_generator-seed1.npz,74.71973363682628,Additive augmentation with Gaussian class-channel-time synthetic EEG; all 259 real training trials retained; 64 synthetic trials added; synthetic amount=25% relative to original real training size; final training size=323; final synthetic composition=19.81%; synthetic subset class-stratified and nested; validation and official test sets remain entirely real.,
success,vae_repo_90_10_seed42,gaussian_cct_add_25pct_synth,4,1,1,81,0.3448275862068966,0.39236111111111116,259,64,29,288,22,1000,real_plus_synthetic_gaussian_cct,/home/jovyan/eeg-repro/high-gamma-data/data/processed/vae_repo_90_10_seed42/real_splits/S04_real_splits.npz,/home/jovyan/eeg-repro/high-gamma-data/data/generated/vae_repo_90_10_seed42/gaussian/gaussian_class_channel_time/S04_generator-seed1.npz,71.43608029559255,Additive augmentation with Gaussian class-channel-time synthetic EEG; all 259 real training trials retained; 64 synthetic trials added; synthetic amount=25% relative to original real training size; final training size=323; final synthetic composition=19.81%; synthetic subset class-stratified and nested; validation and official test sets remain entirely real.,
success,vae_repo_90_10_seed42,gaussian_cct_add_25pct_synth,4,1,2,44,0.3793103448275862,0.4722222222222222,259,64,29,288,22,1000,real_plus_synthetic_gaussian_cct,/home/jovyan/eeg-repro/high-gamma-data/data/processed/vae_repo_90_10_seed42/real_splits/S04_real_splits.npz,/home/jovyan/eeg-repro/high-gamma-data/data/generated/vae_repo_90_10_seed42/gaussian/gaussian_class_channel_time/S04_generator-seed1.npz,57.51801446080208,Additive augmentation with Gaussian class-channel-time synthetic EEG; all 259 real training trials retained; 64 synthetic trials added; synthetic amount=25% relative to original real training size; final training size=323; final synthetic composition=19.81%; synthetic subset class-stratified and nested; validation and official test sets remain entirely real.,
success,vae_repo_90_10_seed42,gaussian_cct_add_50pct_synth,4,1,0,42,0.4137931034482759,0.4652777777777778,259,129,29,288,22,1000,real_plus_synthetic_gaussian_cct,/home/jovyan/eeg-repro/high-gamma-data/data/processed/vae_repo_90_10_seed42/real_splits/S04_real_splits.npz,/home/jovyan/eeg-repro/high-gamma-data/data/generated/vae_repo_90_10_seed42/gaussian/gaussian_class_channel_time/S04_generator-seed1.npz,66.19669994711876,Additive augmentation with Gaussian class-channel-time synthetic EEG; all 259 real training trials retained; 129 synthetic trials added; synthetic amount=50% relative to original real training size; final training size=388; final synthetic composition=33.25%; synthetic subset class-stratified and nested; validation and official test sets remain entirely real.,
success,vae_repo_90_10_seed42,gaussian_cct_add_50pct_synth,4,1,1,110,0.3448275862068966,0.42013888888888884,259,129,29,288,22,1000,real_plus_synthetic_gaussian_cct,/home/jovyan/eeg-repro/high-gamma-data/data/processed/vae_repo_90_10_seed42/real_splits/S04_real_splits.npz,/home/jovyan/eeg-repro/high-gamma-data/data/generated/vae_repo_90_10_seed42/gaussian/gaussian_class_channel_time/S04_generator-seed1.npz,101.3729676194489,Additive augmentation with Gaussian class-channel-time synthetic EEG; all 259 real training trials retained; 129 synthetic trials added; synthetic amount=50% relative to original real training size; final training size=388; final synthetic composition=33.25%; synthetic subset class-stratified and nested; validation and official test sets remain entirely real.,
success,vae_repo_90_10_seed42,gaussian_cct_add_50pct_synth,4,1,2,54,0.4137931034482759,0.45833333333333337,259,129,29,288,22,1000,real_plus_synthetic_gaussian_cct,/home/jovyan/eeg-repro/high-gamma-data/data/processed/vae_repo_90_10_seed42/real_splits/S04_real_splits.npz,/home/jovyan/eeg-repro/high-gamma-data/data/generated/vae_repo_90_10_seed42/gaussian/gaussian_class_channel_time/S04_generator-seed1.npz,55.337820172309875,Additive augmentation with Gaussian class-channel-time synthetic EEG; all 259 real training trials retained; 129 synthetic trials added; synthetic amount=50% relative to original real training size; final training size=388; final synthetic composition=33.25%; synthetic subset class-stratified and nested; validation and official test sets remain entirely real.,
success,vae_repo_90_10_seed42,gaussian_cct_add_75pct_synth,4,1,0,70,0.3793103448275862,0.4131944444444444,259,195,29,288,22,1000,real_plus_synthetic_gaussian_cct,/home/jovyan/eeg-repro/high-gamma-data/data/processed/vae_repo_90_10_seed42/real_splits/S04_real_splits.npz,/home/jovyan/eeg-repro/high-gamma-data/data/generated/vae_repo_90_10_seed42/gaussian/gaussian_class_channel_time/S04_generator-seed1.npz,91.97600816562772,Additive augmentation with Gaussian class-channel-time synthetic EEG; all 259 real training trials retained; 195 synthetic trials added; synthetic amount=75% relative to original real training size; final training size=454; final synthetic composition=42.95%; synthetic subset class-stratified and nested; validation and official test sets remain entirely real.,
success,vae_repo_90_10_seed42,gaussian_cct_add_75pct_synth,4,1,1,33,0.4482758620689655,0.5034722222222222,259,195,29,288,22,1000,real_plus_synthetic_gaussian_cct,/home/jovyan/eeg-repro/high-gamma-data/data/processed/vae_repo_90_10_seed42/real_splits/S04_real_splits.npz,/home/jovyan/eeg-repro/high-gamma-data/data/generated/vae_repo_90_10_seed42/gaussian/gaussian_class_channel_time/S04_generator-seed1.npz,46.37334470823407,Additive augmentation with Gaussian class-channel-time synthetic EEG; all 259 real training trials retained; 195 synthetic trials added; synthetic amount=75% relative to original real training size; final training size=454; final synthetic composition=42.95%; synthetic subset class-stratified and nested; validation and official test sets remain entirely real.,
success,vae_repo_90_10_seed42,gaussian_cct_add_75pct_synth,4,1,2,67,0.3793103448275862,0.42708333333333337,259,195,29,288,22,1000,real_plus_synthetic_gaussian_cct,/home/jovyan/eeg-repro/high-gamma-data/data/processed/vae_repo_90_10_seed42/real_splits/S04_real_splits.npz,/home/jovyan/eeg-repro/high-gamma-data/data/generated/vae_repo_90_10_seed42/gaussian/gaussian_class_channel_time/S04_generator-seed1.npz,112.68824407830834,Additive augmentation with Gaussian class-channel-time synthetic EEG; all 259 real training trials retained; 195 synthetic trials added; synthetic amount=75% relative to original real training size; final training size=454; final synthetic composition=42.95%; synthetic subset class-stratified and nested; validation and official test sets remain entirely real.,
success,vae_repo_90_10_seed42,gaussian_cct_add_100pct_synth,4,1,0,22,0.4137931034482759,0.48263888888888884,259,259,29,288,22,1000,real_plus_synthetic_gaussian_cct,/home/jovyan/eeg-repro/high-gamma-data/data/processed/vae_repo_90_10_seed42/real_splits/S04_real_splits.npz,/home/jovyan/eeg-repro/high-gamma-data/data/generated/vae_repo_90_10_seed42/gaussian/gaussian_class_channel_time/S04_generator-seed1.npz,69.8885187804699,Additive augmentation with Gaussian class-channel-time synthetic EEG; all 259 real training trials retained; 259 synthetic trials added; synthetic amount=100% relative to original real training size; final training size=518; final synthetic composition=50.00%; synthetic subset class-stratified and nested; validation and official test sets remain entirely real.,
success,vae_repo_90_10_seed42,gaussian_cct_add_100pct_synth,4,1,1,66,0.3793103448275862,0.4652777777777778,259,259,29,288,22,1000,real_plus_synthetic_gaussian_cct,/home/jovyan/eeg-repro/high-gamma-data/data/processed/vae_repo_90_10_seed42/real_splits/S04_real_splits.npz,/home/jovyan/eeg-repro/high-gamma-data/data/generated/vae_repo_90_10_seed42/gaussian/gaussian_class_channel_time/S04_generator-seed1.npz,126.49413269758224,Additive augmentation with Gaussian class-channel-time synthetic EEG; all 259 real training trials retained; 259 synthetic trials added; synthetic amount=100% relative to original real training size; final training size=518; final synthetic composition=50.00%; synthetic subset class-stratified and nested; validation and official test sets remain entirely real.,
success,vae_repo_90_10_seed42,gaussian_cct_add_100pct_synth,4,1,2,45,0.4482758620689655,0.4652777777777778,259,259,29,288,22,1000,real_plus_synthetic_gaussian_cct,/home/jovyan/eeg-repro/high-gamma-data/data/processed/vae_repo_90_10_seed42/real_splits/S04_real_splits.npz,/home/jovyan/eeg-repro/high-gamma-data/data/generated/vae_repo_90_10_seed42/gaussian/gaussian_class_channel_time/S04_generator-seed1.npz,71.00747907534242,Additive augmentation with Gaussian class-channel-time synthetic EEG; all 259 real training trials retained; 259 synthetic trials added; synthetic amount=100% relative to original real training size; final training size=518; final synthetic composition=50.00%; synthetic subset class-stratified and nested; validation and official test sets remain entirely real.,
success,vae_repo_90_10_seed42,gaussian_cct_add_25pct_synth,4,2,0,61,0.4137931034482759,0.40625,259,64,29,288,22,1000,real_plus_synthetic_gaussian_cct,/home/jovyan/eeg-repro/high-gamma-data/data/processed/vae_repo_90_10_seed42/real_splits/S04_real_splits.npz,/home/jovyan/eeg-repro/high-gamma-data/data/generated/vae_repo_90_10_seed42/gaussian/gaussian_class_channel_time/S04_generator-seed2.npz,47.78678123280406,Additive augmentation with Gaussian class-channel-time synthetic EEG; all 259 real training trials retained; 64 synthetic trials added; synthetic amount=25% relative to original real training size; final training size=323; final synthetic composition=19.81%; synthetic subset class-stratified and nested; validation and official test sets remain entirely real.,
success,vae_repo_90_10_seed42,gaussian_cct_add_25pct_synth,4,2,1,48,0.4482758620689655,0.4305555555555556,259,64,29,288,22,1000,real_plus_synthetic_gaussian_cct,/home/jovyan/eeg-repro/high-gamma-data/data/processed/vae_repo_90_10_seed42/real_splits/S04_real_splits.npz,/home/jovyan/eeg-repro/high-gamma-data/data/generated/vae_repo_90_10_seed42/gaussian/gaussian_class_channel_time/S04_generator-seed2.npz,40.42549470067024,Additive augmentation with Gaussian class-channel-time synthetic EEG; all 259 real training trials retained; 64 synthetic trials added; synthetic amount=25% relative to original real training size; final training size=323; final synthetic composition=19.81%; synthetic subset class-stratified and nested; validation and official test sets remain entirely real.,
success,vae_repo_90_10_seed42,gaussian_cct_add_25pct_synth,4,2,2,41,0.3793103448275862,0.42013888888888884,259,64,29,288,22,1000,real_plus_synthetic_gaussian_cct,/home/jovyan/eeg-repro/high-gamma-data/data/processed/vae_repo_90_10_seed42/real_splits/S04_real_splits.npz,/home/jovyan/eeg-repro/high-gamma-data/data/generated/vae_repo_90_10_seed42/gaussian/gaussian_class_channel_time/S04_generator-seed2.npz,55.35603604465723,Additive augmentation with Gaussian class-channel-time synthetic EEG; all 259 real training trials retained; 64 synthetic trials added; synthetic amount=25% relative to original real training size; final training size=323; final synthetic composition=19.81%; synthetic subset class-stratified and nested; validation and official test sets remain entirely real.,
success,vae_repo_90_10_seed42,gaussian_cct_add_50pct_synth,4,2,0,74,0.4137931034482759,0.41666666666666663,259,129,29,288,22,1000,real_plus_synthetic_gaussian_cct,/home/jovyan/eeg-repro/high-gamma-data/data/processed/vae_repo_90_10_seed42/real_splits/S04_real_splits.npz,/home/jovyan/eeg-repro/high-gamma-data/data/generated/vae_repo_90_10_seed42/gaussian/gaussian_class_channel_time/S04_generator-seed2.npz,70.11158349737525,Additive augmentation with Gaussian class-channel-time synthetic EEG; all 259 real training trials retained; 129 synthetic trials added; synthetic amount=50% relative to original real training size; final training size=388; final synthetic composition=33.25%; synthetic subset class-stratified and nested; validation and official test sets remain entirely real.,
success,vae_repo_90_10_seed42,gaussian_cct_add_50pct_synth,4,2,1,30,0.48275862068965514,0.4340277777777778,259,129,29,288,22,1000,real_plus_synthetic_gaussian_cct,/home/jovyan/eeg-repro/high-gamma-data/data/processed/vae_repo_90_10_seed42/real_splits/S04_real_splits.npz,/home/jovyan/eeg-repro/high-gamma-data/data/generated/vae_repo_90_10_seed42/gaussian/gaussian_class_channel_time/S04_generator-seed2.npz,32.46781723201275,Additive augmentation with Gaussian class-channel-time synthetic EEG; all 259 real training trials retained; 129 synthetic trials added; synthetic amount=50% relative to original real training size; final training size=388; final synthetic composition=33.25%; synthetic subset class-stratified and nested; validation and official test sets remain entirely real.,
success,vae_repo_90_10_seed42,gaussian_cct_add_50pct_synth,4,2,2,37,0.48275862068965514,0.5034722222222222,259,129,29,288,22,1000,real_plus_synthetic_gaussian_cct,/home/jovyan/eeg-repro/high-gamma-data/data/processed/vae_repo_90_10_seed42/real_splits/S04_real_splits.npz,/home/jovyan/eeg-repro/high-gamma-data/data/generated/vae_repo_90_10_seed42/gaussian/gaussian_class_channel_time/S04_generator-seed2.npz,42.27552829682827,Additive augmentation with Gaussian class-channel-time synthetic EEG; all 259 real training trials retained; 129 synthetic trials added; synthetic amount=50% relative to original real training size; final training size=388; final synthetic composition=33.25%; synthetic subset class-stratified and nested; validation and official test sets remain entirely real.,
success,vae_repo_90_10_seed42,gaussian_cct_add_75pct_synth,4,2,0,71,0.4137931034482759,0.48263888888888884,259,195,29,288,22,1000,real_plus_synthetic_gaussian_cct,/home/jovyan/eeg-repro/high-gamma-data/data/processed/vae_repo_90_10_seed42/real_splits/S04_real_splits.npz,/home/jovyan/eeg-repro/high-gamma-data/data/generated/vae_repo_90_10_seed42/gaussian/gaussian_class_channel_time/S04_generator-seed2.npz,86.54147180169821,Additive augmentation with Gaussian class-channel-time synthetic EEG; all 259 real training trials retained; 195 synthetic trials added; synthetic amount=75% relative to original real training size; final training size=454; final synthetic composition=42.95%; synthetic subset class-stratified and nested; validation and official test sets remain entirely real.,
success,vae_repo_90_10_seed42,gaussian_cct_add_75pct_synth,4,2,1,51,0.3793103448275862,0.46875,259,195,29,288,22,1000,real_plus_synthetic_gaussian_cct,/home/jovyan/eeg-repro/high-gamma-data/data/processed/vae_repo_90_10_seed42/real_splits/S04_real_splits.npz,/home/jovyan/eeg-repro/high-gamma-data/data/generated/vae_repo_90_10_seed42/gaussian/gaussian_class_channel_time/S04_generator-seed2.npz,94.16388438642025,Additive augmentation with Gaussian class-channel-time synthetic EEG; all 259 real training trials retained; 195 synthetic trials added; synthetic amount=75% relative to original real training size; final training size=454; final synthetic composition=42.95%; synthetic subset class-stratified and nested; validation and official test sets remain entirely real.,
success,vae_repo_90_10_seed42,gaussian_cct_add_75pct_synth,4,2,2,48,0.48275862068965514,0.48958333333333337,259,195,29,288,22,1000,real_plus_synthetic_gaussian_cct,/home/jovyan/eeg-repro/high-gamma-data/data/processed/vae_repo_90_10_seed42/real_splits/S04_real_splits.npz,/home/jovyan/eeg-repro/high-gamma-data/data/generated/vae_repo_90_10_seed42/gaussian/gaussian_class_channel_time/S04_generator-seed2.npz,59.579591266810894,Additive augmentation with Gaussian class-channel-time synthetic EEG; all 259 real training trials retained; 195 synthetic trials added; synthetic amount=75% relative to original real training size; final training size=454; final synthetic composition=42.95%; synthetic subset class-stratified and nested; validation and official test sets remain entirely real.,
success,vae_repo_90_10_seed42,gaussian_cct_add_100pct_synth,4,2,0,69,0.4137931034482759,0.44791666666666663,259,259,29,288,22,1000,real_plus_synthetic_gaussian_cct,/home/jovyan/eeg-repro/high-gamma-data/data/processed/vae_repo_90_10_seed42/real_splits/S04_real_splits.npz,/home/jovyan/eeg-repro/high-gamma-data/data/generated/vae_repo_90_10_seed42/gaussian/gaussian_class_channel_time/S04_generator-seed2.npz,112.69365762919188,Additive augmentation with Gaussian class-channel-time synthetic EEG; all 259 real training trials retained; 259 synthetic trials added; synthetic amount=100% relative to original real training size; final training size=518; final synthetic composition=50.00%; synthetic subset class-stratified and nested; validation and official test sets remain entirely real.,
success,vae_repo_90_10_seed42,gaussian_cct_add_100pct_synth,4,2,1,57,0.4482758620689655,0.5277777777777778,259,259,29,288,22,1000,real_plus_synthetic_gaussian_cct,/home/jovyan/eeg-repro/high-gamma-data/data/processed/vae_repo_90_10_seed42/real_splits/S04_real_splits.npz,/home/jovyan/eeg-repro/high-gamma-data/data/generated/vae_repo_90_10_seed42/gaussian/gaussian_class_channel_time/S04_generator-seed2.npz,88.56212428957224,Additive augmentation with Gaussian class-channel-time synthetic EEG; all 259 real training trials retained; 259 synthetic trials added; synthetic amount=100% relative to original real training size; final training size=518; final synthetic composition=50.00%; synthetic subset class-stratified and nested; validation and official test sets remain entirely real.,
success,vae_repo_90_10_seed42,gaussian_cct_add_100pct_synth,4,2,2,43,0.4482758620689655,0.45833333333333337,259,259,29,288,22,1000,real_plus_synthetic_gaussian_cct,/home/jovyan/eeg-repro/high-gamma-data/data/processed/vae_repo_90_10_seed42/real_splits/S04_real_splits.npz,/home/jovyan/eeg-repro/high-gamma-data/data/generated/vae_repo_90_10_seed42/gaussian/gaussian_class_channel_time/S04_generator-seed2.npz,58.864235658198595,Additive augmentation with Gaussian class-channel-time synthetic EEG; all 259 real training trials retained; 259 synthetic trials added; synthetic amount=100% relative to original real training size; final training size=518; final synthetic composition=50.00%; synthetic subset class-stratified and nested; validation and official test sets remain entirely real.,
success,vae_repo_90_10_seed42,gaussian_cct_add_25pct_synth,5,0,0,86,0.24137931034482762,0.6666666666666667,259,65,29,288,22,1000,real_plus_synthetic_gaussian_cct,/home/jovyan/eeg-repro/high-gamma-data/data/processed/vae_repo_90_10_seed42/real_splits/S05_real_splits.npz,/home/jovyan/eeg-repro/high-gamma-data/data/generated/vae_repo_90_10_seed42/gaussian/gaussian_class_channel_time/S05_generator-seed0.npz,76.53797722235322,Additive augmentation with Gaussian class-channel-time synthetic EEG; all 259 real training trials retained; 65 synthetic trials added; synthetic amount=25% relative to original real training size; final training size=324; final synthetic composition=20.06%; synthetic subset class-stratified and nested; validation and official test sets remain entirely real.,
success,vae_repo_90_10_seed42,gaussian_cct_add_25pct_synth,5,0,1,79,0.2068965517241379,0.7256944444444444,259,65,29,288,22,1000,real_plus_synthetic_gaussian_cct,/home/jovyan/eeg-repro/high-gamma-data/data/processed/vae_repo_90_10_seed42/real_splits/S05_real_splits.npz,/home/jovyan/eeg-repro/high-gamma-data/data/generated/vae_repo_90_10_seed42/gaussian/gaussian_class_channel_time/S05_generator-seed0.npz,74.66115446388721,Additive augmentation with Gaussian class-channel-time synthetic EEG; all 259 real training trials retained; 65 synthetic trials added; synthetic amount=25% relative to original real training size; final training size=324; final synthetic composition=20.06%; synthetic subset class-stratified and nested; validation and official test sets remain entirely real.,
success,vae_repo_90_10_seed42,gaussian_cct_add_25pct_synth,5,0,2,98,0.1724137931034483,0.5590277777777778,259,65,29,288,22,1000,real_plus_synthetic_gaussian_cct,/home/jovyan/eeg-repro/high-gamma-data/data/processed/vae_repo_90_10_seed42/real_splits/S05_real_splits.npz,/home/jovyan/eeg-repro/high-gamma-data/data/generated/vae_repo_90_10_seed42/gaussian/gaussian_class_channel_time/S05_generator-seed0.npz,85.99216705188155,Additive augmentation with Gaussian class-channel-time synthetic EEG; all 259 real training trials retained; 65 synthetic trials added; synthetic amount=25% relative to original real training size; final training size=324; final synthetic composition=20.06%; synthetic subset class-stratified and nested; validation and official test sets remain entirely real.,
success,vae_repo_90_10_seed42,gaussian_cct_add_50pct_synth,5,0,0,61,0.27586206896551724,0.6388888888888888,259,131,29,288,22,1000,real_plus_synthetic_gaussian_cct,/home/jovyan/eeg-repro/high-gamma-data/data/processed/vae_repo_90_10_seed42/real_splits/S05_real_splits.npz,/home/jovyan/eeg-repro/high-gamma-data/data/generated/vae_repo_90_10_seed42/gaussian/gaussian_class_channel_time/S05_generator-seed0.npz,68.285231359303,Additive augmentation with Gaussian class-channel-time synthetic EEG; all 259 real training trials retained; 131 synthetic trials added; synthetic amount=50% relative to original real training size; final training size=390; final synthetic composition=33.59%; synthetic subset class-stratified and nested; validation and official test sets remain entirely real.,
success,vae_repo_90_10_seed42,gaussian_cct_add_50pct_synth,5,0,1,111,0.1724137931034483,0.625,259,131,29,288,22,1000,real_plus_synthetic_gaussian_cct,/home/jovyan/eeg-repro/high-gamma-data/data/processed/vae_repo_90_10_seed42/real_splits/S05_real_splits.npz,/home/jovyan/eeg-repro/high-gamma-data/data/generated/vae_repo_90_10_seed42/gaussian/gaussian_class_channel_time/S05_generator-seed0.npz,108.16951425373554,Additive augmentation with Gaussian class-channel-time synthetic EEG; all 259 real training trials retained; 131 synthetic trials added; synthetic amount=50% relative to original real training size; final training size=390; final synthetic composition=33.59%; synthetic subset class-stratified and nested; validation and official test sets remain entirely real.,
success,vae_repo_90_10_seed42,gaussian_cct_add_50pct_synth,5,0,2,93,0.24137931034482762,0.625,259,131,29,288,22,1000,real_plus_synthetic_gaussian_cct,/home/jovyan/eeg-repro/high-gamma-data/data/processed/vae_repo_90_10_seed42/real_splits/S05_real_splits.npz,/home/jovyan/eeg-repro/high-gamma-data/data/generated/vae_repo_90_10_seed42/gaussian/gaussian_class_channel_time/S05_generator-seed0.npz,97.61789836362004,Additive augmentation with Gaussian class-channel-time synthetic EEG; all 259 real training trials retained; 131 synthetic trials added; synthetic amount=50% relative to original real training size; final training size=390; final synthetic composition=33.59%; synthetic subset class-stratified and nested; validation and official test sets remain entirely real.,
success,vae_repo_90_10_seed42,gaussian_cct_add_75pct_synth,5,0,0,82,0.24137931034482762,0.7013888888888888,259,194,29,288,22,1000,real_plus_synthetic_gaussian_cct,/home/jovyan/eeg-repro/high-gamma-data/data/processed/vae_repo_90_10_seed42/real_splits/S05_real_splits.npz,/home/jovyan/eeg-repro/high-gamma-data/data/generated/vae_repo_90_10_seed42/gaussian/gaussian_class_channel_time/S05_generator-seed0.npz,113.69277591630816,Additive augmentation with Gaussian class-channel-time synthetic EEG; all 259 real training trials retained; 194 synthetic trials added; synthetic amount=75% relative to original real training size; final training size=453; final synthetic composition=42.83%; synthetic subset class-stratified and nested; validation and official test sets remain entirely real.,
success,vae_repo_90_10_seed42,gaussian_cct_add_75pct_synth,5,0,1,77,0.27586206896551724,0.7152777777777778,259,194,29,288,22,1000,real_plus_synthetic_gaussian_cct,/home/jovyan/eeg-repro/high-gamma-data/data/processed/vae_repo_90_10_seed42/real_splits/S05_real_splits.npz,/home/jovyan/eeg-repro/high-gamma-data/data/generated/vae_repo_90_10_seed42/gaussian/gaussian_class_channel_time/S05_generator-seed0.npz,89.42405178397894,Additive augmentation with Gaussian class-channel-time synthetic EEG; all 259 real training trials retained; 194 synthetic trials added; synthetic amount=75% relative to original real training size; final training size=453; final synthetic composition=42.83%; synthetic subset class-stratified and nested; validation and official test sets remain entirely real.,
success,vae_repo_90_10_seed42,gaussian_cct_add_75pct_synth,5,0,2,88,0.24137931034482762,0.5659722222222222,259,194,29,288,22,1000,real_plus_synthetic_gaussian_cct,/home/jovyan/eeg-repro/high-gamma-data/data/processed/vae_repo_90_10_seed42/real_splits/S05_real_splits.npz,/home/jovyan/eeg-repro/high-gamma-data/data/generated/vae_repo_90_10_seed42/gaussian/gaussian_class_channel_time/S05_generator-seed0.npz,105.21960102394223,Additive augmentation with Gaussian class-channel-time synthetic EEG; all 259 real training trials retained; 194 synthetic trials added; synthetic amount=75% relative to original real training size; final training size=453; final synthetic composition=42.83%; synthetic subset class-stratified and nested; validation and official test sets remain entirely real.,
success,vae_repo_90_10_seed42,gaussian_cct_add_100pct_synth,5,0,0,67,0.2068965517241379,0.7013888888888888,259,259,29,288,22,1000,real_plus_synthetic_gaussian_cct,/home/jovyan/eeg-repro/high-gamma-data/data/processed/vae_repo_90_10_seed42/real_splits/S05_real_splits.npz,/home/jovyan/eeg-repro/high-gamma-data/data/generated/vae_repo_90_10_seed42/gaussian/gaussian_class_channel_time/S05_generator-seed0.npz,129.91631826758385,Additive augmentation with Gaussian class-channel-time synthetic EEG; all 259 real training trials retained; 259 synthetic trials added; synthetic amount=100% relative to original real training size; final training size=518; final synthetic composition=50.00%; synthetic subset class-stratified and nested; validation and official test sets remain entirely real.,
success,vae_repo_90_10_seed42,gaussian_cct_add_100pct_synth,5,0,1,85,0.2068965517241379,0.6354166666666667,259,259,29,288,22,1000,real_plus_synthetic_gaussian_cct,/home/jovyan/eeg-repro/high-gamma-data/data/processed/vae_repo_90_10_seed42/real_splits/S05_real_splits.npz,/home/jovyan/eeg-repro/high-gamma-data/data/generated/vae_repo_90_10_seed42/gaussian/gaussian_class_channel_time/S05_generator-seed0.npz,151.75300038605928,Additive augmentation with Gaussian class-channel-time synthetic EEG; all 259 real training trials retained; 259 synthetic trials added; synthetic amount=100% relative to original real training size; final training size=518; final synthetic composition=50.00%; synthetic subset class-stratified and nested; validation and official test sets remain entirely real.,
success,vae_repo_90_10_seed42,gaussian_cct_add_100pct_synth,5,0,2,67,0.27586206896551724,0.6284722222222222,259,259,29,288,22,1000,real_plus_synthetic_gaussian_cct,/home/jovyan/eeg-repro/high-gamma-data/data/processed/vae_repo_90_10_seed42/real_splits/S05_real_splits.npz,/home/jovyan/eeg-repro/high-gamma-data/data/generated/vae_repo_90_10_seed42/gaussian/gaussian_class_channel_time/S05_generator-seed0.npz,93.10703890398145,Additive augmentation with Gaussian class-channel-time synthetic EEG; all 259 real training trials retained; 259 synthetic trials added; synthetic amount=100% relative to original real training size; final training size=518; final synthetic composition=50.00%; synthetic subset class-stratified and nested; validation and official test sets remain entirely real.,
success,vae_repo_90_10_seed42,gaussian_cct_add_25pct_synth,5,1,0,116,0.1724137931034483,0.48263888888888884,259,65,29,288,22,1000,real_plus_synthetic_gaussian_cct,/home/jovyan/eeg-repro/high-gamma-data/data/processed/vae_repo_90_10_seed42/real_splits/S05_real_splits.npz,/home/jovyan/eeg-repro/high-gamma-data/data/generated/vae_repo_90_10_seed42/gaussian/gaussian_class_channel_time/S05_generator-seed1.npz,92.74858502298594,Additive augmentation with Gaussian class-channel-time synthetic EEG; all 259 real training trials retained; 65 synthetic trials added; synthetic amount=25% relative to original real training size; final training size=324; final synthetic composition=20.06%; synthetic subset class-stratified and nested; validation and official test sets remain entirely real.,
success,vae_repo_90_10_seed42,gaussian_cct_add_25pct_synth,5,1,1,84,0.2068965517241379,0.5277777777777778,259,65,29,288,22,1000,real_plus_synthetic_gaussian_cct,/home/jovyan/eeg-repro/high-gamma-data/data/processed/vae_repo_90_10_seed42/real_splits/S05_real_splits.npz,/home/jovyan/eeg-repro/high-gamma-data/data/generated/vae_repo_90_10_seed42/gaussian/gaussian_class_channel_time/S05_generator-seed1.npz,73.88235154002905,Additive augmentation with Gaussian class-channel-time synthetic EEG; all 259 real training trials retained; 65 synthetic trials added; synthetic amount=25% relative to original real training size; final training size=324; final synthetic composition=20.06%; synthetic subset class-stratified and nested; validation and official test sets remain entirely real.,
success,vae_repo_90_10_seed42,gaussian_cct_add_25pct_synth,5,1,2,88,0.24137931034482762,0.6909722222222222,259,65,29,288,22,1000,real_plus_synthetic_gaussian_cct,/home/jovyan/eeg-repro/high-gamma-data/data/processed/vae_repo_90_10_seed42/real_splits/S05_real_splits.npz,/home/jovyan/eeg-repro/high-gamma-data/data/generated/vae_repo_90_10_seed42/gaussian/gaussian_class_channel_time/S05_generator-seed1.npz,70.30447205901146,Additive augmentation with Gaussian class-channel-time synthetic EEG; all 259 real training trials retained; 65 synthetic trials added; synthetic amount=25% relative to original real training size; final training size=324; final synthetic composition=20.06%; synthetic subset class-stratified and nested; validation and official test sets remain entirely real.,
success,vae_repo_90_10_seed42,gaussian_cct_add_50pct_synth,5,1,0,58,0.2068965517241379,0.7222222222222222,259,131,29,288,22,1000,real_plus_synthetic_gaussian_cct,/home/jovyan/eeg-repro/high-gamma-data/data/processed/vae_repo_90_10_seed42/real_splits/S05_real_splits.npz,/home/jovyan/eeg-repro/high-gamma-data/data/generated/vae_repo_90_10_seed42/gaussian/gaussian_class_channel_time/S05_generator-seed1.npz,79.41077832132578,Additive augmentation with Gaussian class-channel-time synthetic EEG; all 259 real training trials retained; 131 synthetic trials added; synthetic amount=50% relative to original real training size; final training size=390; final synthetic composition=33.59%; synthetic subset class-stratified and nested; validation and official test sets remain entirely real.,
success,vae_repo_90_10_seed42,gaussian_cct_add_50pct_synth,5,1,1,116,0.24137931034482762,0.6354166666666667,259,131,29,288,22,1000,real_plus_synthetic_gaussian_cct,/home/jovyan/eeg-repro/high-gamma-data/data/processed/vae_repo_90_10_seed42/real_splits/S05_real_splits.npz,/home/jovyan/eeg-repro/high-gamma-data/data/generated/vae_repo_90_10_seed42/gaussian/gaussian_class_channel_time/S05_generator-seed1.npz,108.03427673131227,Additive augmentation with Gaussian class-channel-time synthetic EEG; all 259 real training trials retained; 131 synthetic trials added; synthetic amount=50% relative to original real training size; final training size=390; final synthetic composition=33.59%; synthetic subset class-stratified and nested; validation and official test sets remain entirely real.,
success,vae_repo_90_10_seed42,gaussian_cct_add_50pct_synth,5,1,2,85,0.24137931034482762,0.7222222222222222,259,131,29,288,22,1000,real_plus_synthetic_gaussian_cct,/home/jovyan/eeg-repro/high-gamma-data/data/processed/vae_repo_90_10_seed42/real_splits/S05_real_splits.npz,/home/jovyan/eeg-repro/high-gamma-data/data/generated/vae_repo_90_10_seed42/gaussian/gaussian_class_channel_time/S05_generator-seed1.npz,79.86325968801975,Additive augmentation with Gaussian class-channel-time synthetic EEG; all 259 real training trials retained; 131 synthetic trials added; synthetic amount=50% relative to original real training size; final training size=390; final synthetic composition=33.59%; synthetic subset class-stratified and nested; validation and official test sets remain entirely real.,
success,vae_repo_90_10_seed42,gaussian_cct_add_75pct_synth,5,1,0,65,0.31034482758620685,0.71875,259,194,29,288,22,1000,real_plus_synthetic_gaussian_cct,/home/jovyan/eeg-repro/high-gamma-data/data/processed/vae_repo_90_10_seed42/real_splits/S05_real_splits.npz,/home/jovyan/eeg-repro/high-gamma-data/data/generated/vae_repo_90_10_seed42/gaussian/gaussian_class_channel_time/S05_generator-seed1.npz,83.59119172766805,Additive augmentation with Gaussian class-channel-time synthetic EEG; all 259 real training trials retained; 194 synthetic trials added; synthetic amount=75% relative to original real training size; final training size=453; final synthetic composition=42.83%; synthetic subset class-stratified and nested; validation and official test sets remain entirely real.,
success,vae_repo_90_10_seed42,gaussian_cct_add_75pct_synth,5,1,1,93,0.27586206896551724,0.7152777777777778,259,194,29,288,22,1000,real_plus_synthetic_gaussian_cct,/home/jovyan/eeg-repro/high-gamma-data/data/processed/vae_repo_90_10_seed42/real_splits/S05_real_splits.npz,/home/jovyan/eeg-repro/high-gamma-data/data/generated/vae_repo_90_10_seed42/gaussian/gaussian_class_channel_time/S05_generator-seed1.npz,114.48775109276175,Additive augmentation with Gaussian class-channel-time synthetic EEG; all 259 real training trials retained; 194 synthetic trials added; synthetic amount=75% relative to original real training size; final training size=453; final synthetic composition=42.83%; synthetic subset class-stratified and nested; validation and official test sets remain entirely real.,
success,vae_repo_90_10_seed42,gaussian_cct_add_75pct_synth,5,1,2,46,0.2068965517241379,0.7430555555555556,259,194,29,288,22,1000,real_plus_synthetic_gaussian_cct,/home/jovyan/eeg-repro/high-gamma-data/data/processed/vae_repo_90_10_seed42/real_splits/S05_real_splits.npz,/home/jovyan/eeg-repro/high-gamma-data/data/generated/vae_repo_90_10_seed42/gaussian/gaussian_class_channel_time/S05_generator-seed1.npz,89.73563269898295,Additive augmentation with Gaussian class-channel-time synthetic EEG; all 259 real training trials retained; 194 synthetic trials added; synthetic amount=75% relative to original real training size; final training size=453; final synthetic composition=42.83%; synthetic subset class-stratified and nested; validation and official test sets remain entirely real.,
success,vae_repo_90_10_seed42,gaussian_cct_add_100pct_synth,5,1,0,61,0.31034482758620685,0.7430555555555556,259,259,29,288,22,1000,real_plus_synthetic_gaussian_cct,/home/jovyan/eeg-repro/high-gamma-data/data/processed/vae_repo_90_10_seed42/real_splits/S05_real_splits.npz,/home/jovyan/eeg-repro/high-gamma-data/data/generated/vae_repo_90_10_seed42/gaussian/gaussian_class_channel_time/S05_generator-seed1.npz,97.3500944711268,Additive augmentation with Gaussian class-channel-time synthetic EEG; all 259 real training trials retained; 259 synthetic trials added; synthetic amount=100% relative to original real training size; final training size=518; final synthetic composition=50.00%; synthetic subset class-stratified and nested; validation and official test sets remain entirely real.,
success,vae_repo_90_10_seed42,gaussian_cct_add_100pct_synth,5,1,1,79,0.27586206896551724,0.7465277777777778,259,259,29,288,22,1000,real_plus_synthetic_gaussian_cct,/home/jovyan/eeg-repro/high-gamma-data/data/processed/vae_repo_90_10_seed42/real_splits/S05_real_splits.npz,/home/jovyan/eeg-repro/high-gamma-data/data/generated/vae_repo_90_10_seed42/gaussian/gaussian_class_channel_time/S05_generator-seed1.npz,114.98962664604187,Additive augmentation with Gaussian class-channel-time synthetic EEG; all 259 real training trials retained; 259 synthetic trials added; synthetic amount=100% relative to original real training size; final training size=518; final synthetic composition=50.00%; synthetic subset class-stratified and nested; validation and official test sets remain entirely real.,
success,vae_repo_90_10_seed42,gaussian_cct_add_100pct_synth,5,1,2,86,0.27586206896551724,0.7326388888888888,259,259,29,288,22,1000,real_plus_synthetic_gaussian_cct,/home/jovyan/eeg-repro/high-gamma-data/data/processed/vae_repo_90_10_seed42/real_splits/S05_real_splits.npz,/home/jovyan/eeg-repro/high-gamma-data/data/generated/vae_repo_90_10_seed42/gaussian/gaussian_class_channel_time/S05_generator-seed1.npz,128.10823783278465,Additive augmentation with Gaussian class-channel-time synthetic EEG; all 259 real training trials retained; 259 synthetic trials added; synthetic amount=100% relative to original real training size; final training size=518; final synthetic composition=50.00%; synthetic subset class-stratified and nested; validation and official test sets remain entirely real.,
success,vae_repo_90_10_seed42,gaussian_cct_add_25pct_synth,5,2,0,34,0.24137931034482762,0.7430555555555556,259,65,29,288,22,1000,real_plus_synthetic_gaussian_cct,/home/jovyan/eeg-repro/high-gamma-data/data/processed/vae_repo_90_10_seed42/real_splits/S05_real_splits.npz,/home/jovyan/eeg-repro/high-gamma-data/data/generated/vae_repo_90_10_seed42/gaussian/gaussian_class_channel_time/S05_generator-seed2.npz,49.67847236990929,Additive augmentation with Gaussian class-channel-time synthetic EEG; all 259 real training trials retained; 65 synthetic trials added; synthetic amount=25% relative to original real training size; final training size=324; final synthetic composition=20.06%; synthetic subset class-stratified and nested; validation and official test sets remain entirely real.,
success,vae_repo_90_10_seed42,gaussian_cct_add_25pct_synth,5,2,1,101,0.1724137931034483,0.5104166666666667,259,65,29,288,22,1000,real_plus_synthetic_gaussian_cct,/home/jovyan/eeg-repro/high-gamma-data/data/processed/vae_repo_90_10_seed42/real_splits/S05_real_splits.npz,/home/jovyan/eeg-repro/high-gamma-data/data/generated/vae_repo_90_10_seed42/gaussian/gaussian_class_channel_time/S05_generator-seed2.npz,90.44507808983326,Additive augmentation with Gaussian class-channel-time synthetic EEG; all 259 real training trials retained; 65 synthetic trials added; synthetic amount=25% relative to original real training size; final training size=324; final synthetic composition=20.06%; synthetic subset class-stratified and nested; validation and official test sets remain entirely real.,
success,vae_repo_90_10_seed42,gaussian_cct_add_25pct_synth,5,2,2,106,0.2068965517241379,0.5416666666666667,259,65,29,288,22,1000,real_plus_synthetic_gaussian_cct,/home/jovyan/eeg-repro/high-gamma-data/data/processed/vae_repo_90_10_seed42/real_splits/S05_real_splits.npz,/home/jovyan/eeg-repro/high-gamma-data/data/generated/vae_repo_90_10_seed42/gaussian/gaussian_class_channel_time/S05_generator-seed2.npz,82.54731701686978,Additive augmentation with Gaussian class-channel-time synthetic EEG; all 259 real training trials retained; 65 synthetic trials added; synthetic amount=25% relative to original real training size; final training size=324; final synthetic composition=20.06%; synthetic subset class-stratified and nested; validation and official test sets remain entirely real.,
success,vae_repo_90_10_seed42,gaussian_cct_add_50pct_synth,5,2,0,67,0.31034482758620685,0.6979166666666667,259,131,29,288,22,1000,real_plus_synthetic_gaussian_cct,/home/jovyan/eeg-repro/high-gamma-data/data/processed/vae_repo_90_10_seed42/real_splits/S05_real_splits.npz,/home/jovyan/eeg-repro/high-gamma-data/data/generated/vae_repo_90_10_seed42/gaussian/gaussian_class_channel_time/S05_generator-seed2.npz,60.79102158546448,Additive augmentation with Gaussian class-channel-time synthetic EEG; all 259 real training trials retained; 131 synthetic trials added; synthetic amount=50% relative to original real training size; final training size=390; final synthetic composition=33.59%; synthetic subset class-stratified and nested; validation and official test sets remain entirely real.,
success,vae_repo_90_10_seed42,gaussian_cct_add_50pct_synth,5,2,1,54,0.27586206896551724,0.7430555555555556,259,131,29,288,22,1000,real_plus_synthetic_gaussian_cct,/home/jovyan/eeg-repro/high-gamma-data/data/processed/vae_repo_90_10_seed42/real_splits/S05_real_splits.npz,/home/jovyan/eeg-repro/high-gamma-data/data/generated/vae_repo_90_10_seed42/gaussian/gaussian_class_channel_time/S05_generator-seed2.npz,76.36887180060148,Additive augmentation with Gaussian class-channel-time synthetic EEG; all 259 real training trials retained; 131 synthetic trials added; synthetic amount=50% relative to original real training size; final training size=390; final synthetic composition=33.59%; synthetic subset class-stratified and nested; validation and official test sets remain entirely real.,
success,vae_repo_90_10_seed42,gaussian_cct_add_50pct_synth,5,2,2,104,0.2068965517241379,0.5868055555555556,259,131,29,288,22,1000,real_plus_synthetic_gaussian_cct,/home/jovyan/eeg-repro/high-gamma-data/data/processed/vae_repo_90_10_seed42/real_splits/S05_real_splits.npz,/home/jovyan/eeg-repro/high-gamma-data/data/generated/vae_repo_90_10_seed42/gaussian/gaussian_class_channel_time/S05_generator-seed2.npz,93.37583204731345,Additive augmentation with Gaussian class-channel-time synthetic EEG; all 259 real training trials retained; 131 synthetic trials added; synthetic amount=50% relative to original real training size; final training size=390; final synthetic composition=33.59%; synthetic subset class-stratified and nested; validation and official test sets remain entirely real.,
success,vae_repo_90_10_seed42,gaussian_cct_add_75pct_synth,5,2,0,84,0.31034482758620685,0.6111111111111112,259,194,29,288,22,1000,real_plus_synthetic_gaussian_cct,/home/jovyan/eeg-repro/high-gamma-data/data/processed/vae_repo_90_10_seed42/real_splits/S05_real_splits.npz,/home/jovyan/eeg-repro/high-gamma-data/data/generated/vae_repo_90_10_seed42/gaussian/gaussian_class_channel_time/S05_generator-seed2.npz,99.54613513872027,Additive augmentation with Gaussian class-channel-time synthetic EEG; all 259 real training trials retained; 194 synthetic trials added; synthetic amount=75% relative to original real training size; final training size=453; final synthetic composition=42.83%; synthetic subset class-stratified and nested; validation and official test sets remain entirely real.,
success,vae_repo_90_10_seed42,gaussian_cct_add_75pct_synth,5,2,1,78,0.31034482758620685,0.7326388888888888,259,194,29,288,22,1000,real_plus_synthetic_gaussian_cct,/home/jovyan/eeg-repro/high-gamma-data/data/processed/vae_repo_90_10_seed42/real_splits/S05_real_splits.npz,/home/jovyan/eeg-repro/high-gamma-data/data/generated/vae_repo_90_10_seed42/gaussian/gaussian_class_channel_time/S05_generator-seed2.npz,97.66736962646246,Additive augmentation with Gaussian class-channel-time synthetic EEG; all 259 real training trials retained; 194 synthetic trials added; synthetic amount=75% relative to original real training size; final training size=453; final synthetic composition=42.83%; synthetic subset class-stratified and nested; validation and official test sets remain entirely real.,
success,vae_repo_90_10_seed42,gaussian_cct_add_75pct_synth,5,2,2,48,0.31034482758620685,0.6631944444444444,259,194,29,288,22,1000,real_plus_synthetic_gaussian_cct,/home/jovyan/eeg-repro/high-gamma-data/data/processed/vae_repo_90_10_seed42/real_splits/S05_real_splits.npz,/home/jovyan/eeg-repro/high-gamma-data/data/generated/vae_repo_90_10_seed42/gaussian/gaussian_class_channel_time/S05_generator-seed2.npz,67.4669271633029,Additive augmentation with Gaussian class-channel-time synthetic EEG; all 259 real training trials retained; 194 synthetic trials added; synthetic amount=75% relative to original real training size; final training size=453; final synthetic composition=42.83%; synthetic subset class-stratified and nested; validation and official test sets remain entirely real.,
success,vae_repo_90_10_seed42,gaussian_cct_add_100pct_synth,5,2,0,83,0.27586206896551724,0.7222222222222222,259,259,29,288,22,1000,real_plus_synthetic_gaussian_cct,/home/jovyan/eeg-repro/high-gamma-data/data/processed/vae_repo_90_10_seed42/real_splits/S05_real_splits.npz,/home/jovyan/eeg-repro/high-gamma-data/data/generated/vae_repo_90_10_seed42/gaussian/gaussian_class_channel_time/S05_generator-seed2.npz,122.11277029663324,Additive augmentation with Gaussian class-channel-time synthetic EEG; all 259 real training trials retained; 259 synthetic trials added; synthetic amount=100% relative to original real training size; final training size=518; final synthetic composition=50.00%; synthetic subset class-stratified and nested; validation and official test sets remain entirely real.,
success,vae_repo_90_10_seed42,gaussian_cct_add_100pct_synth,5,2,1,89,0.24137931034482762,0.7222222222222222,259,259,29,288,22,1000,real_plus_synthetic_gaussian_cct,/home/jovyan/eeg-repro/high-gamma-data/data/processed/vae_repo_90_10_seed42/real_splits/S05_real_splits.npz,/home/jovyan/eeg-repro/high-gamma-data/data/generated/vae_repo_90_10_seed42/gaussian/gaussian_class_channel_time/S05_generator-seed2.npz,156.85899290442467,Additive augmentation with Gaussian class-channel-time synthetic EEG; all 259 real training trials retained; 259 synthetic trials added; synthetic amount=100% relative to original real training size; final training size=518; final synthetic composition=50.00%; synthetic subset class-stratified and nested; validation and official test sets remain entirely real.,
success,vae_repo_90_10_seed42,gaussian_cct_add_100pct_synth,5,2,2,47,0.3448275862068966,0.7013888888888888,259,259,29,288,22,1000,real_plus_synthetic_gaussian_cct,/home/jovyan/eeg-repro/high-gamma-data/data/processed/vae_repo_90_10_seed42/real_splits/S05_real_splits.npz,/home/jovyan/eeg-repro/high-gamma-data/data/generated/vae_repo_90_10_seed42/gaussian/gaussian_class_channel_time/S05_generator-seed2.npz,69.67202361673117,Additive augmentation with Gaussian class-channel-time synthetic EEG; all 259 real training trials retained; 259 synthetic trials added; synthetic amount=100% relative to original real training size; final training size=518; final synthetic composition=50.00%; synthetic subset class-stratified and nested; validation and official test sets remain entirely real.,
success,vae_repo_90_10_seed42,gaussian_cct_add_25pct_synth,6,0,0,35,0.3793103448275862,0.4722222222222222,259,64,29,288,22,1000,real_plus_synthetic_gaussian_cct,/home/jovyan/eeg-repro/high-gamma-data/data/processed/vae_repo_90_10_seed42/real_splits/S06_real_splits.npz,/home/jovyan/eeg-repro/high-gamma-data/data/generated/vae_repo_90_10_seed42/gaussian/gaussian_class_channel_time/S06_generator-seed0.npz,32.61704033240676,Additive augmentation with Gaussian class-channel-time synthetic EEG; all 259 real training trials retained; 64 synthetic trials added; synthetic amount=25% relative to original real training size; final training size=323; final synthetic composition=19.81%; synthetic subset class-stratified and nested; validation and official test sets remain entirely real.,
success,vae_repo_90_10_seed42,gaussian_cct_add_25pct_synth,6,0,1,40,0.3793103448275862,0.47916666666666663,259,64,29,288,22,1000,real_plus_synthetic_gaussian_cct,/home/jovyan/eeg-repro/high-gamma-data/data/processed/vae_repo_90_10_seed42/real_splits/S06_real_splits.npz,/home/jovyan/eeg-repro/high-gamma-data/data/generated/vae_repo_90_10_seed42/gaussian/gaussian_class_channel_time/S06_generator-seed0.npz,54.552870735526085,Additive augmentation with Gaussian class-channel-time synthetic EEG; all 259 real training trials retained; 64 synthetic trials added; synthetic amount=25% relative to original real training size; final training size=323; final synthetic composition=19.81%; synthetic subset class-stratified and nested; validation and official test sets remain entirely real.,
success,vae_repo_90_10_seed42,gaussian_cct_add_25pct_synth,6,0,2,67,0.3793103448275862,0.4409722222222222,259,64,29,288,22,1000,real_plus_synthetic_gaussian_cct,/home/jovyan/eeg-repro/high-gamma-data/data/processed/vae_repo_90_10_seed42/real_splits/S06_real_splits.npz,/home/jovyan/eeg-repro/high-gamma-data/data/generated/vae_repo_90_10_seed42/gaussian/gaussian_class_channel_time/S06_generator-seed0.npz,74.73201021552086,Additive augmentation with Gaussian class-channel-time synthetic EEG; all 259 real training trials retained; 64 synthetic trials added; synthetic amount=25% relative to original real training size; final training size=323; final synthetic composition=19.81%; synthetic subset class-stratified and nested; validation and official test sets remain entirely real.,
success,vae_repo_90_10_seed42,gaussian_cct_add_50pct_synth,6,0,0,75,0.4137931034482759,0.4722222222222222,259,130,29,288,22,1000,real_plus_synthetic_gaussian_cct,/home/jovyan/eeg-repro/high-gamma-data/data/processed/vae_repo_90_10_seed42/real_splits/S06_real_splits.npz,/home/jovyan/eeg-repro/high-gamma-data/data/generated/vae_repo_90_10_seed42/gaussian/gaussian_class_channel_time/S06_generator-seed0.npz,68.06987085193396,Additive augmentation with Gaussian class-channel-time synthetic EEG; all 259 real training trials retained; 130 synthetic trials added; synthetic amount=50% relative to original real training size; final training size=389; final synthetic composition=33.42%; synthetic subset class-stratified and nested; validation and official test sets remain entirely real.,
success,vae_repo_90_10_seed42,gaussian_cct_add_50pct_synth,6,0,1,77,0.3793103448275862,0.45833333333333337,259,130,29,288,22,1000,real_plus_synthetic_gaussian_cct,/home/jovyan/eeg-repro/high-gamma-data/data/processed/vae_repo_90_10_seed42/real_splits/S06_real_splits.npz,/home/jovyan/eeg-repro/high-gamma-data/data/generated/vae_repo_90_10_seed42/gaussian/gaussian_class_channel_time/S06_generator-seed0.npz,77.35502675175667,Additive augmentation with Gaussian class-channel-time synthetic EEG; all 259 real training trials retained; 130 synthetic trials added; synthetic amount=50% relative to original real training size; final training size=389; final synthetic composition=33.42%; synthetic subset class-stratified and nested; validation and official test sets remain entirely real.,
success,vae_repo_90_10_seed42,gaussian_cct_add_50pct_synth,6,0,2,42,0.4482758620689655,0.5,259,130,29,288,22,1000,real_plus_synthetic_gaussian_cct,/home/jovyan/eeg-repro/high-gamma-data/data/processed/vae_repo_90_10_seed42/real_splits/S06_real_splits.npz,/home/jovyan/eeg-repro/high-gamma-data/data/generated/vae_repo_90_10_seed42/gaussian/gaussian_class_channel_time/S06_generator-seed0.npz,59.36154516041279,Additive augmentation with Gaussian class-channel-time synthetic EEG; all 259 real training trials retained; 130 synthetic trials added; synthetic amount=50% relative to original real training size; final training size=389; final synthetic composition=33.42%; synthetic subset class-stratified and nested; validation and official test sets remain entirely real.,
success,vae_repo_90_10_seed42,gaussian_cct_add_75pct_synth,6,0,0,29,0.3793103448275862,0.5381944444444444,259,195,29,288,22,1000,real_plus_synthetic_gaussian_cct,/home/jovyan/eeg-repro/high-gamma-data/data/processed/vae_repo_90_10_seed42/real_splits/S06_real_splits.npz,/home/jovyan/eeg-repro/high-gamma-data/data/generated/vae_repo_90_10_seed42/gaussian/gaussian_class_channel_time/S06_generator-seed0.npz,69.02710190415382,Additive augmentation with Gaussian class-channel-time synthetic EEG; all 259 real training trials retained; 195 synthetic trials added; synthetic amount=75% relative to original real training size; final training size=454; final synthetic composition=42.95%; synthetic subset class-stratified and nested; validation and official test sets remain entirely real.,
success,vae_repo_90_10_seed42,gaussian_cct_add_75pct_synth,6,0,1,49,0.4482758620689655,0.5486111111111112,259,195,29,288,22,1000,real_plus_synthetic_gaussian_cct,/home/jovyan/eeg-repro/high-gamma-data/data/processed/vae_repo_90_10_seed42/real_splits/S06_real_splits.npz,/home/jovyan/eeg-repro/high-gamma-data/data/generated/vae_repo_90_10_seed42/gaussian/gaussian_class_channel_time/S06_generator-seed0.npz,71.61043890938163,Additive augmentation with Gaussian class-channel-time synthetic EEG; all 259 real training trials retained; 195 synthetic trials added; synthetic amount=75% relative to original real training size; final training size=454; final synthetic composition=42.95%; synthetic subset class-stratified and nested; validation and official test sets remain entirely real.,
success,vae_repo_90_10_seed42,gaussian_cct_add_75pct_synth,6,0,2,52,0.4137931034482759,0.48611111111111116,259,195,29,288,22,1000,real_plus_synthetic_gaussian_cct,/home/jovyan/eeg-repro/high-gamma-data/data/processed/vae_repo_90_10_seed42/real_splits/S06_real_splits.npz,/home/jovyan/eeg-repro/high-gamma-data/data/generated/vae_repo_90_10_seed42/gaussian/gaussian_class_channel_time/S06_generator-seed0.npz,65.85370463877916,Additive augmentation with Gaussian class-channel-time synthetic EEG; all 259 real training trials retained; 195 synthetic trials added; synthetic amount=75% relative to original real training size; final training size=454; final synthetic composition=42.95%; synthetic subset class-stratified and nested; validation and official test sets remain entirely real.,
success,vae_repo_90_10_seed42,gaussian_cct_add_100pct_synth,6,0,0,45,0.3448275862068966,0.48611111111111116,259,259,29,288,22,1000,real_plus_synthetic_gaussian_cct,/home/jovyan/eeg-repro/high-gamma-data/data/processed/vae_repo_90_10_seed42/real_splits/S06_real_splits.npz,/home/jovyan/eeg-repro/high-gamma-data/data/generated/vae_repo_90_10_seed42/gaussian/gaussian_class_channel_time/S06_generator-seed0.npz,100.11644597351551,Additive augmentation with Gaussian class-channel-time synthetic EEG; all 259 real training trials retained; 259 synthetic trials added; synthetic amount=100% relative to original real training size; final training size=518; final synthetic composition=50.00%; synthetic subset class-stratified and nested; validation and official test sets remain entirely real.,
success,vae_repo_90_10_seed42,gaussian_cct_add_100pct_synth,6,0,1,42,0.4482758620689655,0.48958333333333337,259,259,29,288,22,1000,real_plus_synthetic_gaussian_cct,/home/jovyan/eeg-repro/high-gamma-data/data/processed/vae_repo_90_10_seed42/real_splits/S06_real_splits.npz,/home/jovyan/eeg-repro/high-gamma-data/data/generated/vae_repo_90_10_seed42/gaussian/gaussian_class_channel_time/S06_generator-seed0.npz,72.36659180372953,Additive augmentation with Gaussian class-channel-time synthetic EEG; all 259 real training trials retained; 259 synthetic trials added; synthetic amount=100% relative to original real training size; final training size=518; final synthetic composition=50.00%; synthetic subset class-stratified and nested; validation and official test sets remain entirely real.,
success,vae_repo_90_10_seed42,gaussian_cct_add_100pct_synth,6,0,2,103,0.4137931034482759,0.4722222222222222,259,259,29,288,22,1000,real_plus_synthetic_gaussian_cct,/home/jovyan/eeg-repro/high-gamma-data/data/processed/vae_repo_90_10_seed42/real_splits/S06_real_splits.npz,/home/jovyan/eeg-repro/high-gamma-data/data/generated/vae_repo_90_10_seed42/gaussian/gaussian_class_channel_time/S06_generator-seed0.npz,136.00130085647106,Additive augmentation with Gaussian class-channel-time synthetic EEG; all 259 real training trials retained; 259 synthetic trials added; synthetic amount=100% relative to original real training size; final training size=518; final synthetic composition=50.00%; synthetic subset class-stratified and nested; validation and official test sets remain entirely real.,
success,vae_repo_90_10_seed42,gaussian_cct_add_25pct_synth,6,1,0,64,0.3448275862068966,0.4618055555555556,259,64,29,288,22,1000,real_plus_synthetic_gaussian_cct,/home/jovyan/eeg-repro/high-gamma-data/data/processed/vae_repo_90_10_seed42/real_splits/S06_real_splits.npz,/home/jovyan/eeg-repro/high-gamma-data/data/generated/vae_repo_90_10_seed42/gaussian/gaussian_class_channel_time/S06_generator-seed1.npz,55.062509667128325,Additive augmentation with Gaussian class-channel-time synthetic EEG; all 259 real training trials retained; 64 synthetic trials added; synthetic amount=25% relative to original real training size; final training size=323; final synthetic composition=19.81%; synthetic subset class-stratified and nested; validation and official test sets remain entirely real.,
success,vae_repo_90_10_seed42,gaussian_cct_add_25pct_synth,6,1,1,53,0.3448275862068966,0.5,259,64,29,288,22,1000,real_plus_synthetic_gaussian_cct,/home/jovyan/eeg-repro/high-gamma-data/data/processed/vae_repo_90_10_seed42/real_splits/S06_real_splits.npz,/home/jovyan/eeg-repro/high-gamma-data/data/generated/vae_repo_90_10_seed42/gaussian/gaussian_class_channel_time/S06_generator-seed1.npz,60.98067903518677,Additive augmentation with Gaussian class-channel-time synthetic EEG; all 259 real training trials retained; 64 synthetic trials added; synthetic amount=25% relative to original real training size; final training size=323; final synthetic composition=19.81%; synthetic subset class-stratified and nested; validation and official test sets remain entirely real.,
success,vae_repo_90_10_seed42,gaussian_cct_add_25pct_synth,6,1,2,66,0.4137931034482759,0.48611111111111116,259,64,29,288,22,1000,real_plus_synthetic_gaussian_cct,/home/jovyan/eeg-repro/high-gamma-data/data/processed/vae_repo_90_10_seed42/real_splits/S06_real_splits.npz,/home/jovyan/eeg-repro/high-gamma-data/data/generated/vae_repo_90_10_seed42/gaussian/gaussian_class_channel_time/S06_generator-seed1.npz,52.978442288935184,Additive augmentation with Gaussian class-channel-time synthetic EEG; all 259 real training trials retained; 64 synthetic trials added; synthetic amount=25% relative to original real training size; final training size=323; final synthetic composition=19.81%; synthetic subset class-stratified and nested; validation and official test sets remain entirely real.,
success,vae_repo_90_10_seed42,gaussian_cct_add_50pct_synth,6,1,0,46,0.3448275862068966,0.4652777777777778,259,130,29,288,22,1000,real_plus_synthetic_gaussian_cct,/home/jovyan/eeg-repro/high-gamma-data/data/processed/vae_repo_90_10_seed42/real_splits/S06_real_splits.npz,/home/jovyan/eeg-repro/high-gamma-data/data/generated/vae_repo_90_10_seed42/gaussian/gaussian_class_channel_time/S06_generator-seed1.npz,45.646951131522655,Additive augmentation with Gaussian class-channel-time synthetic EEG; all 259 real training trials retained; 130 synthetic trials added; synthetic amount=50% relative to original real training size; final training size=389; final synthetic composition=33.42%; synthetic subset class-stratified and nested; validation and official test sets remain entirely real.,
success,vae_repo_90_10_seed42,gaussian_cct_add_50pct_synth,6,1,1,72,0.4137931034482759,0.4618055555555556,259,130,29,288,22,1000,real_plus_synthetic_gaussian_cct,/home/jovyan/eeg-repro/high-gamma-data/data/processed/vae_repo_90_10_seed42/real_splits/S06_real_splits.npz,/home/jovyan/eeg-repro/high-gamma-data/data/generated/vae_repo_90_10_seed42/gaussian/gaussian_class_channel_time/S06_generator-seed1.npz,74.97915258258581,Additive augmentation with Gaussian class-channel-time synthetic EEG; all 259 real training trials retained; 130 synthetic trials added; synthetic amount=50% relative to original real training size; final training size=389; final synthetic composition=33.42%; synthetic subset class-stratified and nested; validation and official test sets remain entirely real.,
success,vae_repo_90_10_seed42,gaussian_cct_add_50pct_synth,6,1,2,61,0.4482758620689655,0.48263888888888884,259,130,29,288,22,1000,real_plus_synthetic_gaussian_cct,/home/jovyan/eeg-repro/high-gamma-data/data/processed/vae_repo_90_10_seed42/real_splits/S06_real_splits.npz,/home/jovyan/eeg-repro/high-gamma-data/data/generated/vae_repo_90_10_seed42/gaussian/gaussian_class_channel_time/S06_generator-seed1.npz,57.76247210428119,Additive augmentation with Gaussian class-channel-time synthetic EEG; all 259 real training trials retained; 130 synthetic trials added; synthetic amount=50% relative to original real training size; final training size=389; final synthetic composition=33.42%; synthetic subset class-stratified and nested; validation and official test sets remain entirely real.,
success,vae_repo_90_10_seed42,gaussian_cct_add_75pct_synth,6,1,0,72,0.4137931034482759,0.5243055555555556,259,195,29,288,22,1000,real_plus_synthetic_gaussian_cct,/home/jovyan/eeg-repro/high-gamma-data/data/processed/vae_repo_90_10_seed42/real_splits/S06_real_splits.npz,/home/jovyan/eeg-repro/high-gamma-data/data/generated/vae_repo_90_10_seed42/gaussian/gaussian_class_channel_time/S06_generator-seed1.npz,84.75904450193048,Additive augmentation with Gaussian class-channel-time synthetic EEG; all 259 real training trials retained; 195 synthetic trials added; synthetic amount=75% relative to original real training size; final training size=454; final synthetic composition=42.95%; synthetic subset class-stratified and nested; validation and official test sets remain entirely real.,
success,vae_repo_90_10_seed42,gaussian_cct_add_75pct_synth,6,1,1,81,0.3448275862068966,0.5208333333333333,259,195,29,288,22,1000,real_plus_synthetic_gaussian_cct,/home/jovyan/eeg-repro/high-gamma-data/data/processed/vae_repo_90_10_seed42/real_splits/S06_real_splits.npz,/home/jovyan/eeg-repro/high-gamma-data/data/generated/vae_repo_90_10_seed42/gaussian/gaussian_class_channel_time/S06_generator-seed1.npz,130.7491841390729,Additive augmentation with Gaussian class-channel-time synthetic EEG; all 259 real training trials retained; 195 synthetic trials added; synthetic amount=75% relative to original real training size; final training size=454; final synthetic composition=42.95%; synthetic subset class-stratified and nested; validation and official test sets remain entirely real.,
success,vae_repo_90_10_seed42,gaussian_cct_add_75pct_synth,6,1,2,64,0.4137931034482759,0.44791666666666663,259,195,29,288,22,1000,real_plus_synthetic_gaussian_cct,/home/jovyan/eeg-repro/high-gamma-data/data/processed/vae_repo_90_10_seed42/real_splits/S06_real_splits.npz,/home/jovyan/eeg-repro/high-gamma-data/data/generated/vae_repo_90_10_seed42/gaussian/gaussian_class_channel_time/S06_generator-seed1.npz,82.15535229817033,Additive augmentation with Gaussian class-channel-time synthetic EEG; all 259 real training trials retained; 195 synthetic trials added; synthetic amount=75% relative to original real training size; final training size=454; final synthetic composition=42.95%; synthetic subset class-stratified and nested; validation and official test sets remain entirely real.,
success,vae_repo_90_10_seed42,gaussian_cct_add_100pct_synth,6,1,0,14,0.4137931034482759,0.5659722222222222,259,259,29,288,22,1000,real_plus_synthetic_gaussian_cct,/home/jovyan/eeg-repro/high-gamma-data/data/processed/vae_repo_90_10_seed42/real_splits/S06_real_splits.npz,/home/jovyan/eeg-repro/high-gamma-data/data/generated/vae_repo_90_10_seed42/gaussian/gaussian_class_channel_time/S06_generator-seed1.npz,59.05505816265941,Additive augmentation with Gaussian class-channel-time synthetic EEG; all 259 real training trials retained; 259 synthetic trials added; synthetic amount=100% relative to original real training size; final training size=518; final synthetic composition=50.00%; synthetic subset class-stratified and nested; validation and official test sets remain entirely real.,
success,vae_repo_90_10_seed42,gaussian_cct_add_100pct_synth,6,1,1,8,0.4482758620689655,0.5486111111111112,259,259,29,288,22,1000,real_plus_synthetic_gaussian_cct,/home/jovyan/eeg-repro/high-gamma-data/data/processed/vae_repo_90_10_seed42/real_splits/S06_real_splits.npz,/home/jovyan/eeg-repro/high-gamma-data/data/generated/vae_repo_90_10_seed42/gaussian/gaussian_class_channel_time/S06_generator-seed1.npz,50.519095070660114,Additive augmentation with Gaussian class-channel-time synthetic EEG; all 259 real training trials retained; 259 synthetic trials added; synthetic amount=100% relative to original real training size; final training size=518; final synthetic composition=50.00%; synthetic subset class-stratified and nested; validation and official test sets remain entirely real.,
success,vae_repo_90_10_seed42,gaussian_cct_add_100pct_synth,6,1,2,54,0.4482758620689655,0.4930555555555556,259,259,29,288,22,1000,real_plus_synthetic_gaussian_cct,/home/jovyan/eeg-repro/high-gamma-data/data/processed/vae_repo_90_10_seed42/real_splits/S06_real_splits.npz,/home/jovyan/eeg-repro/high-gamma-data/data/generated/vae_repo_90_10_seed42/gaussian/gaussian_class_channel_time/S06_generator-seed1.npz,80.98204800114036,Additive augmentation with Gaussian class-channel-time synthetic EEG; all 259 real training trials retained; 259 synthetic trials added; synthetic amount=100% relative to original real training size; final training size=518; final synthetic composition=50.00%; synthetic subset class-stratified and nested; validation and official test sets remain entirely real.,
success,vae_repo_90_10_seed42,gaussian_cct_add_25pct_synth,6,2,0,28,0.3793103448275862,0.5208333333333333,259,64,29,288,22,1000,real_plus_synthetic_gaussian_cct,/home/jovyan/eeg-repro/high-gamma-data/data/processed/vae_repo_90_10_seed42/real_splits/S06_real_splits.npz,/home/jovyan/eeg-repro/high-gamma-data/data/generated/vae_repo_90_10_seed42/gaussian/gaussian_class_channel_time/S06_generator-seed2.npz,45.28390112146735,Additive augmentation with Gaussian class-channel-time synthetic EEG; all 259 real training trials retained; 64 synthetic trials added; synthetic amount=25% relative to original real training size; final training size=323; final synthetic composition=19.81%; synthetic subset class-stratified and nested; validation and official test sets remain entirely real.,
success,vae_repo_90_10_seed42,gaussian_cct_add_25pct_synth,6,2,1,28,0.4137931034482759,0.5590277777777778,259,64,29,288,22,1000,real_plus_synthetic_gaussian_cct,/home/jovyan/eeg-repro/high-gamma-data/data/processed/vae_repo_90_10_seed42/real_splits/S06_real_splits.npz,/home/jovyan/eeg-repro/high-gamma-data/data/generated/vae_repo_90_10_seed42/gaussian/gaussian_class_channel_time/S06_generator-seed2.npz,45.1901548653841,Additive augmentation with Gaussian class-channel-time synthetic EEG; all 259 real training trials retained; 64 synthetic trials added; synthetic amount=25% relative to original real training size; final training size=323; final synthetic composition=19.81%; synthetic subset class-stratified and nested; validation and official test sets remain entirely real.,
success,vae_repo_90_10_seed42,gaussian_cct_add_25pct_synth,6,2,2,110,0.3448275862068966,0.4444444444444444,259,64,29,288,22,1000,real_plus_synthetic_gaussian_cct,/home/jovyan/eeg-repro/high-gamma-data/data/processed/vae_repo_90_10_seed42/real_splits/S06_real_splits.npz,/home/jovyan/eeg-repro/high-gamma-data/data/generated/vae_repo_90_10_seed42/gaussian/gaussian_class_channel_time/S06_generator-seed2.npz,86.70355229452252,Additive augmentation with Gaussian class-channel-time synthetic EEG; all 259 real training trials retained; 64 synthetic trials added; synthetic amount=25% relative to original real training size; final training size=323; final synthetic composition=19.81%; synthetic subset class-stratified and nested; validation and official test sets remain entirely real.,
success,vae_repo_90_10_seed42,gaussian_cct_add_50pct_synth,6,2,0,61,0.3793103448275862,0.5034722222222222,259,130,29,288,22,1000,real_plus_synthetic_gaussian_cct,/home/jovyan/eeg-repro/high-gamma-data/data/processed/vae_repo_90_10_seed42/real_splits/S06_real_splits.npz,/home/jovyan/eeg-repro/high-gamma-data/data/generated/vae_repo_90_10_seed42/gaussian/gaussian_class_channel_time/S06_generator-seed2.npz,59.14695959165692,Additive augmentation with Gaussian class-channel-time synthetic EEG; all 259 real training trials retained; 130 synthetic trials added; synthetic amount=50% relative to original real training size; final training size=389; final synthetic composition=33.42%; synthetic subset class-stratified and nested; validation and official test sets remain entirely real.,
success,vae_repo_90_10_seed42,gaussian_cct_add_50pct_synth,6,2,1,58,0.3793103448275862,0.5104166666666667,259,130,29,288,22,1000,real_plus_synthetic_gaussian_cct,/home/jovyan/eeg-repro/high-gamma-data/data/processed/vae_repo_90_10_seed42/real_splits/S06_real_splits.npz,/home/jovyan/eeg-repro/high-gamma-data/data/generated/vae_repo_90_10_seed42/gaussian/gaussian_class_channel_time/S06_generator-seed2.npz,79.20539961010218,Additive augmentation with Gaussian class-channel-time synthetic EEG; all 259 real training trials retained; 130 synthetic trials added; synthetic amount=50% relative to original real training size; final training size=389; final synthetic composition=33.42%; synthetic subset class-stratified and nested; validation and official test sets remain entirely real.,
success,vae_repo_90_10_seed42,gaussian_cct_add_50pct_synth,6,2,2,57,0.4482758620689655,0.5034722222222222,259,130,29,288,22,1000,real_plus_synthetic_gaussian_cct,/home/jovyan/eeg-repro/high-gamma-data/data/processed/vae_repo_90_10_seed42/real_splits/S06_real_splits.npz,/home/jovyan/eeg-repro/high-gamma-data/data/generated/vae_repo_90_10_seed42/gaussian/gaussian_class_channel_time/S06_generator-seed2.npz,54.375101678073406,Additive augmentation with Gaussian class-channel-time synthetic EEG; all 259 real training trials retained; 130 synthetic trials added; synthetic amount=50% relative to original real training size; final training size=389; final synthetic composition=33.42%; synthetic subset class-stratified and nested; validation and official test sets remain entirely real.,
success,vae_repo_90_10_seed42,gaussian_cct_add_75pct_synth,6,2,0,56,0.4482758620689655,0.5034722222222222,259,195,29,288,22,1000,real_plus_synthetic_gaussian_cct,/home/jovyan/eeg-repro/high-gamma-data/data/processed/vae_repo_90_10_seed42/real_splits/S06_real_splits.npz,/home/jovyan/eeg-repro/high-gamma-data/data/generated/vae_repo_90_10_seed42/gaussian/gaussian_class_channel_time/S06_generator-seed2.npz,65.1956527158618,Additive augmentation with Gaussian class-channel-time synthetic EEG; all 259 real training trials retained; 195 synthetic trials added; synthetic amount=75% relative to original real training size; final training size=454; final synthetic composition=42.95%; synthetic subset class-stratified and nested; validation and official test sets remain entirely real.,
success,vae_repo_90_10_seed42,gaussian_cct_add_75pct_synth,6,2,1,36,0.4137931034482759,0.48958333333333337,259,195,29,288,22,1000,real_plus_synthetic_gaussian_cct,/home/jovyan/eeg-repro/high-gamma-data/data/processed/vae_repo_90_10_seed42/real_splits/S06_real_splits.npz,/home/jovyan/eeg-repro/high-gamma-data/data/generated/vae_repo_90_10_seed42/gaussian/gaussian_class_channel_time/S06_generator-seed2.npz,70.18802251666784,Additive augmentation with Gaussian class-channel-time synthetic EEG; all 259 real training trials retained; 195 synthetic trials added; synthetic amount=75% relative to original real training size; final training size=454; final synthetic composition=42.95%; synthetic subset class-stratified and nested; validation and official test sets remain entirely real.,
success,vae_repo_90_10_seed42,gaussian_cct_add_75pct_synth,6,2,2,36,0.4482758620689655,0.5069444444444444,259,195,29,288,22,1000,real_plus_synthetic_gaussian_cct,/home/jovyan/eeg-repro/high-gamma-data/data/processed/vae_repo_90_10_seed42/real_splits/S06_real_splits.npz,/home/jovyan/eeg-repro/high-gamma-data/data/generated/vae_repo_90_10_seed42/gaussian/gaussian_class_channel_time/S06_generator-seed2.npz,77.95895608142018,Additive augmentation with Gaussian class-channel-time synthetic EEG; all 259 real training trials retained; 195 synthetic trials added; synthetic amount=75% relative to original real training size; final training size=454; final synthetic composition=42.95%; synthetic subset class-stratified and nested; validation and official test sets remain entirely real.,
success,vae_repo_90_10_seed42,gaussian_cct_add_100pct_synth,6,2,0,25,0.4137931034482759,0.5277777777777778,259,259,29,288,22,1000,real_plus_synthetic_gaussian_cct,/home/jovyan/eeg-repro/high-gamma-data/data/processed/vae_repo_90_10_seed42/real_splits/S06_real_splits.npz,/home/jovyan/eeg-repro/high-gamma-data/data/generated/vae_repo_90_10_seed42/gaussian/gaussian_class_channel_time/S06_generator-seed2.npz,73.25941687449813,Additive augmentation with Gaussian class-channel-time synthetic EEG; all 259 real training trials retained; 259 synthetic trials added; synthetic amount=100% relative to original real training size; final training size=518; final synthetic composition=50.00%; synthetic subset class-stratified and nested; validation and official test sets remain entirely real.,
success,vae_repo_90_10_seed42,gaussian_cct_add_100pct_synth,6,2,1,47,0.4482758620689655,0.5034722222222222,259,259,29,288,22,1000,real_plus_synthetic_gaussian_cct,/home/jovyan/eeg-repro/high-gamma-data/data/processed/vae_repo_90_10_seed42/real_splits/S06_real_splits.npz,/home/jovyan/eeg-repro/high-gamma-data/data/generated/vae_repo_90_10_seed42/gaussian/gaussian_class_channel_time/S06_generator-seed2.npz,66.18722610548139,Additive augmentation with Gaussian class-channel-time synthetic EEG; all 259 real training trials retained; 259 synthetic trials added; synthetic amount=100% relative to original real training size; final training size=518; final synthetic composition=50.00%; synthetic subset class-stratified and nested; validation and official test sets remain entirely real.,
success,vae_repo_90_10_seed42,gaussian_cct_add_100pct_synth,6,2,2,22,0.48275862068965514,0.4930555555555556,259,259,29,288,22,1000,real_plus_synthetic_gaussian_cct,/home/jovyan/eeg-repro/high-gamma-data/data/processed/vae_repo_90_10_seed42/real_splits/S06_real_splits.npz,/home/jovyan/eeg-repro/high-gamma-data/data/generated/vae_repo_90_10_seed42/gaussian/gaussian_class_channel_time/S06_generator-seed2.npz,59.37966909259558,Additive augmentation with Gaussian class-channel-time synthetic EEG; all 259 real training trials retained; 259 synthetic trials added; synthetic amount=100% relative to original real training size; final training size=518; final synthetic composition=50.00%; synthetic subset class-stratified and nested; validation and official test sets remain entirely real.,
success,vae_repo_90_10_seed42,gaussian_cct_add_25pct_synth,7,0,0,61,0.03448275862068961,0.16319444444444442,259,65,29,288,22,1000,real_plus_synthetic_gaussian_cct,/home/jovyan/eeg-repro/high-gamma-data/data/processed/vae_repo_90_10_seed42/real_splits/S07_real_splits.npz,/home/jovyan/eeg-repro/high-gamma-data/data/generated/vae_repo_90_10_seed42/gaussian/gaussian_class_channel_time/S07_generator-seed0.npz,49.62243242934346,Additive augmentation with Gaussian class-channel-time synthetic EEG; all 259 real training trials retained; 65 synthetic trials added; synthetic amount=25% relative to original real training size; final training size=324; final synthetic composition=20.06%; synthetic subset class-stratified and nested; validation and official test sets remain entirely real.,
success,vae_repo_90_10_seed42,gaussian_cct_add_25pct_synth,7,0,1,70,0.06896551724137934,0.1909722222222222,259,65,29,288,22,1000,real_plus_synthetic_gaussian_cct,/home/jovyan/eeg-repro/high-gamma-data/data/processed/vae_repo_90_10_seed42/real_splits/S07_real_splits.npz,/home/jovyan/eeg-repro/high-gamma-data/data/generated/vae_repo_90_10_seed42/gaussian/gaussian_class_channel_time/S07_generator-seed0.npz,56.044227708131075,Additive augmentation with Gaussian class-channel-time synthetic EEG; all 259 real training trials retained; 65 synthetic trials added; synthetic amount=25% relative to original real training size; final training size=324; final synthetic composition=20.06%; synthetic subset class-stratified and nested; validation and official test sets remain entirely real.,
success,vae_repo_90_10_seed42,gaussian_cct_add_25pct_synth,7,0,2,78,0.0,0.1597222222222222,259,65,29,288,22,1000,real_plus_synthetic_gaussian_cct,/home/jovyan/eeg-repro/high-gamma-data/data/processed/vae_repo_90_10_seed42/real_splits/S07_real_splits.npz,/home/jovyan/eeg-repro/high-gamma-data/data/generated/vae_repo_90_10_seed42/gaussian/gaussian_class_channel_time/S07_generator-seed0.npz,70.51446724683046,Additive augmentation with Gaussian class-channel-time synthetic EEG; all 259 real training trials retained; 65 synthetic trials added; synthetic amount=25% relative to original real training size; final training size=324; final synthetic composition=20.06%; synthetic subset class-stratified and nested; validation and official test sets remain entirely real.,
success,vae_repo_90_10_seed42,gaussian_cct_add_50pct_synth,7,0,0,62,0.06896551724137934,0.20138888888888884,259,131,29,288,22,1000,real_plus_synthetic_gaussian_cct,/home/jovyan/eeg-repro/high-gamma-data/data/processed/vae_repo_90_10_seed42/real_splits/S07_real_splits.npz,/home/jovyan/eeg-repro/high-gamma-data/data/generated/vae_repo_90_10_seed42/gaussian/gaussian_class_channel_time/S07_generator-seed0.npz,60.81739827990532,Additive augmentation with Gaussian class-channel-time synthetic EEG; all 259 real training trials retained; 131 synthetic trials added; synthetic amount=50% relative to original real training size; final training size=390; final synthetic composition=33.59%; synthetic subset class-stratified and nested; validation and official test sets remain entirely real.,
success,vae_repo_90_10_seed42,gaussian_cct_add_50pct_synth,7,0,1,77,0.03448275862068961,0.23611111111111116,259,131,29,288,22,1000,real_plus_synthetic_gaussian_cct,/home/jovyan/eeg-repro/high-gamma-data/data/processed/vae_repo_90_10_seed42/real_splits/S07_real_splits.npz,/home/jovyan/eeg-repro/high-gamma-data/data/generated/vae_repo_90_10_seed42/gaussian/gaussian_class_channel_time/S07_generator-seed0.npz,75.92883825674653,Additive augmentation with Gaussian class-channel-time synthetic EEG; all 259 real training trials retained; 131 synthetic trials added; synthetic amount=50% relative to original real training size; final training size=390; final synthetic composition=33.59%; synthetic subset class-stratified and nested; validation and official test sets remain entirely real.,
success,vae_repo_90_10_seed42,gaussian_cct_add_50pct_synth,7,0,2,84,0.03448275862068961,0.2222222222222222,259,131,29,288,22,1000,real_plus_synthetic_gaussian_cct,/home/jovyan/eeg-repro/high-gamma-data/data/processed/vae_repo_90_10_seed42/real_splits/S07_real_splits.npz,/home/jovyan/eeg-repro/high-gamma-data/data/generated/vae_repo_90_10_seed42/gaussian/gaussian_class_channel_time/S07_generator-seed0.npz,84.74084701761603,Additive augmentation with Gaussian class-channel-time synthetic EEG; all 259 real training trials retained; 131 synthetic trials added; synthetic amount=50% relative to original real training size; final training size=390; final synthetic composition=33.59%; synthetic subset class-stratified and nested; validation and official test sets remain entirely real.,
success,vae_repo_90_10_seed42,gaussian_cct_add_75pct_synth,7,0,0,110,0.03448275862068961,0.23263888888888884,259,194,29,288,22,1000,real_plus_synthetic_gaussian_cct,/home/jovyan/eeg-repro/high-gamma-data/data/processed/vae_repo_90_10_seed42/real_splits/S07_real_splits.npz,/home/jovyan/eeg-repro/high-gamma-data/data/generated/vae_repo_90_10_seed42/gaussian/gaussian_class_channel_time/S07_generator-seed0.npz,128.81948882341385,Additive augmentation with Gaussian class-channel-time synthetic EEG; all 259 real training trials retained; 194 synthetic trials added; synthetic amount=75% relative to original real training size; final training size=453; final synthetic composition=42.83%; synthetic subset class-stratified and nested; validation and official test sets remain entirely real.,
success,vae_repo_90_10_seed42,gaussian_cct_add_75pct_synth,7,0,1,36,0.03448275862068961,0.2777777777777778,259,194,29,288,22,1000,real_plus_synthetic_gaussian_cct,/home/jovyan/eeg-repro/high-gamma-data/data/processed/vae_repo_90_10_seed42/real_splits/S07_real_splits.npz,/home/jovyan/eeg-repro/high-gamma-data/data/generated/vae_repo_90_10_seed42/gaussian/gaussian_class_channel_time/S07_generator-seed0.npz,78.3487736620009,Additive augmentation with Gaussian class-channel-time synthetic EEG; all 259 real training trials retained; 194 synthetic trials added; synthetic amount=75% relative to original real training size; final training size=453; final synthetic composition=42.83%; synthetic subset class-stratified and nested; validation and official test sets remain entirely real.,
success,vae_repo_90_10_seed42,gaussian_cct_add_75pct_synth,7,0,2,84,0.03448275862068961,0.2534722222222222,259,194,29,288,22,1000,real_plus_synthetic_gaussian_cct,/home/jovyan/eeg-repro/high-gamma-data/data/processed/vae_repo_90_10_seed42/real_splits/S07_real_splits.npz,/home/jovyan/eeg-repro/high-gamma-data/data/generated/vae_repo_90_10_seed42/gaussian/gaussian_class_channel_time/S07_generator-seed0.npz,109.10253996774554,Additive augmentation with Gaussian class-channel-time synthetic EEG; all 259 real training trials retained; 194 synthetic trials added; synthetic amount=75% relative to original real training size; final training size=453; final synthetic composition=42.83%; synthetic subset class-stratified and nested; validation and official test sets remain entirely real.,
success,vae_repo_90_10_seed42,gaussian_cct_add_100pct_synth,7,0,0,82,0.06896551724137934,0.29861111111111116,259,259,29,288,22,1000,real_plus_synthetic_gaussian_cct,/home/jovyan/eeg-repro/high-gamma-data/data/processed/vae_repo_90_10_seed42/real_splits/S07_real_splits.npz,/home/jovyan/eeg-repro/high-gamma-data/data/generated/vae_repo_90_10_seed42/gaussian/gaussian_class_channel_time/S07_generator-seed0.npz,118.41633425280452,Additive augmentation with Gaussian class-channel-time synthetic EEG; all 259 real training trials retained; 259 synthetic trials added; synthetic amount=100% relative to original real training size; final training size=518; final synthetic composition=50.00%; synthetic subset class-stratified and nested; validation and official test sets remain entirely real.,
success,vae_repo_90_10_seed42,gaussian_cct_add_100pct_synth,7,0,1,79,0.03448275862068961,0.23263888888888884,259,259,29,288,22,1000,real_plus_synthetic_gaussian_cct,/home/jovyan/eeg-repro/high-gamma-data/data/processed/vae_repo_90_10_seed42/real_splits/S07_real_splits.npz,/home/jovyan/eeg-repro/high-gamma-data/data/generated/vae_repo_90_10_seed42/gaussian/gaussian_class_channel_time/S07_generator-seed0.npz,112.87487538903952,Additive augmentation with Gaussian class-channel-time synthetic EEG; all 259 real training trials retained; 259 synthetic trials added; synthetic amount=100% relative to original real training size; final training size=518; final synthetic composition=50.00%; synthetic subset class-stratified and nested; validation and official test sets remain entirely real.,
success,vae_repo_90_10_seed42,gaussian_cct_add_100pct_synth,7,0,2,94,0.03448275862068961,0.26736111111111116,259,259,29,288,22,1000,real_plus_synthetic_gaussian_cct,/home/jovyan/eeg-repro/high-gamma-data/data/processed/vae_repo_90_10_seed42/real_splits/S07_real_splits.npz,/home/jovyan/eeg-repro/high-gamma-data/data/generated/vae_repo_90_10_seed42/gaussian/gaussian_class_channel_time/S07_generator-seed0.npz,127.75206180661917,Additive augmentation with Gaussian class-channel-time synthetic EEG; all 259 real training trials retained; 259 synthetic trials added; synthetic amount=100% relative to original real training size; final training size=518; final synthetic composition=50.00%; synthetic subset class-stratified and nested; validation and official test sets remain entirely real.,
success,vae_repo_90_10_seed42,gaussian_cct_add_25pct_synth,7,1,0,49,0.06896551724137934,0.19791666666666663,259,65,29,288,22,1000,real_plus_synthetic_gaussian_cct,/home/jovyan/eeg-repro/high-gamma-data/data/processed/vae_repo_90_10_seed42/real_splits/S07_real_splits.npz,/home/jovyan/eeg-repro/high-gamma-data/data/generated/vae_repo_90_10_seed42/gaussian/gaussian_class_channel_time/S07_generator-seed1.npz,44.466103959828615,Additive augmentation with Gaussian class-channel-time synthetic EEG; all 259 real training trials retained; 65 synthetic trials added; synthetic amount=25% relative to original real training size; final training size=324; final synthetic composition=20.06%; synthetic subset class-stratified and nested; validation and official test sets remain entirely real.,
success,vae_repo_90_10_seed42,gaussian_cct_add_25pct_synth,7,1,1,67,0.0,0.20833333333333337,259,65,29,288,22,1000,real_plus_synthetic_gaussian_cct,/home/jovyan/eeg-repro/high-gamma-data/data/processed/vae_repo_90_10_seed42/real_splits/S07_real_splits.npz,/home/jovyan/eeg-repro/high-gamma-data/data/generated/vae_repo_90_10_seed42/gaussian/gaussian_class_channel_time/S07_generator-seed1.npz,76.12401262298226,Additive augmentation with Gaussian class-channel-time synthetic EEG; all 259 real training trials retained; 65 synthetic trials added; synthetic amount=25% relative to original real training size; final training size=324; final synthetic composition=20.06%; synthetic subset class-stratified and nested; validation and official test sets remain entirely real.,
success,vae_repo_90_10_seed42,gaussian_cct_add_25pct_synth,7,1,2,103,0.0,0.16319444444444442,259,65,29,288,22,1000,real_plus_synthetic_gaussian_cct,/home/jovyan/eeg-repro/high-gamma-data/data/processed/vae_repo_90_10_seed42/real_splits/S07_real_splits.npz,/home/jovyan/eeg-repro/high-gamma-data/data/generated/vae_repo_90_10_seed42/gaussian/gaussian_class_channel_time/S07_generator-seed1.npz,93.01531695947051,Additive augmentation with Gaussian class-channel-time synthetic EEG; all 259 real training trials retained; 65 synthetic trials added; synthetic amount=25% relative to original real training size; final training size=324; final synthetic composition=20.06%; synthetic subset class-stratified and nested; validation and official test sets remain entirely real.,
success,vae_repo_90_10_seed42,gaussian_cct_add_50pct_synth,7,1,0,42,0.06896551724137934,0.25,259,131,29,288,22,1000,real_plus_synthetic_gaussian_cct,/home/jovyan/eeg-repro/high-gamma-data/data/processed/vae_repo_90_10_seed42/real_splits/S07_real_splits.npz,/home/jovyan/eeg-repro/high-gamma-data/data/generated/vae_repo_90_10_seed42/gaussian/gaussian_class_channel_time/S07_generator-seed1.npz,57.87726892903447,Additive augmentation with Gaussian class-channel-time synthetic EEG; all 259 real training trials retained; 131 synthetic trials added; synthetic amount=50% relative to original real training size; final training size=390; final synthetic composition=33.59%; synthetic subset class-stratified and nested; validation and official test sets remain entirely real.,
success,vae_repo_90_10_seed42,gaussian_cct_add_50pct_synth,7,1,1,70,0.06896551724137934,0.29861111111111116,259,131,29,288,22,1000,real_plus_synthetic_gaussian_cct,/home/jovyan/eeg-repro/high-gamma-data/data/processed/vae_repo_90_10_seed42/real_splits/S07_real_splits.npz,/home/jovyan/eeg-repro/high-gamma-data/data/generated/vae_repo_90_10_seed42/gaussian/gaussian_class_channel_time/S07_generator-seed1.npz,67.65602336451411,Additive augmentation with Gaussian class-channel-time synthetic EEG; all 259 real training trials retained; 131 synthetic trials added; synthetic amount=50% relative to original real training size; final training size=390; final synthetic composition=33.59%; synthetic subset class-stratified and nested; validation and official test sets remain entirely real.,
success,vae_repo_90_10_seed42,gaussian_cct_add_50pct_synth,7,1,2,76,0.0,0.2152777777777778,259,131,29,288,22,1000,real_plus_synthetic_gaussian_cct,/home/jovyan/eeg-repro/high-gamma-data/data/processed/vae_repo_90_10_seed42/real_splits/S07_real_splits.npz,/home/jovyan/eeg-repro/high-gamma-data/data/generated/vae_repo_90_10_seed42/gaussian/gaussian_class_channel_time/S07_generator-seed1.npz,96.37161045148969,Additive augmentation with Gaussian class-channel-time synthetic EEG; all 259 real training trials retained; 131 synthetic trials added; synthetic amount=50% relative to original real training size; final training size=390; final synthetic composition=33.59%; synthetic subset class-stratified and nested; validation and official test sets remain entirely real.,
success,vae_repo_90_10_seed42,gaussian_cct_add_75pct_synth,7,1,0,77,0.0,0.23958333333333337,259,194,29,288,22,1000,real_plus_synthetic_gaussian_cct,/home/jovyan/eeg-repro/high-gamma-data/data/processed/vae_repo_90_10_seed42/real_splits/S07_real_splits.npz,/home/jovyan/eeg-repro/high-gamma-data/data/generated/vae_repo_90_10_seed42/gaussian/gaussian_class_channel_time/S07_generator-seed1.npz,126.14293351396918,Additive augmentation with Gaussian class-channel-time synthetic EEG; all 259 real training trials retained; 194 synthetic trials added; synthetic amount=75% relative to original real training size; final training size=453; final synthetic composition=42.83%; synthetic subset class-stratified and nested; validation and official test sets remain entirely real.,
success,vae_repo_90_10_seed42,gaussian_cct_add_75pct_synth,7,1,1,91,0.03448275862068961,0.2222222222222222,259,194,29,288,22,1000,real_plus_synthetic_gaussian_cct,/home/jovyan/eeg-repro/high-gamma-data/data/processed/vae_repo_90_10_seed42/real_splits/S07_real_splits.npz,/home/jovyan/eeg-repro/high-gamma-data/data/generated/vae_repo_90_10_seed42/gaussian/gaussian_class_channel_time/S07_generator-seed1.npz,110.37652307003736,Additive augmentation with Gaussian class-channel-time synthetic EEG; all 259 real training trials retained; 194 synthetic trials added; synthetic amount=75% relative to original real training size; final training size=453; final synthetic composition=42.83%; synthetic subset class-stratified and nested; validation and official test sets remain entirely real.,
success,vae_repo_90_10_seed42,gaussian_cct_add_75pct_synth,7,1,2,99,0.03448275862068961,0.22916666666666663,259,194,29,288,22,1000,real_plus_synthetic_gaussian_cct,/home/jovyan/eeg-repro/high-gamma-data/data/processed/vae_repo_90_10_seed42/real_splits/S07_real_splits.npz,/home/jovyan/eeg-repro/high-gamma-data/data/generated/vae_repo_90_10_seed42/gaussian/gaussian_class_channel_time/S07_generator-seed1.npz,121.20547027140856,Additive augmentation with Gaussian class-channel-time synthetic EEG; all 259 real training trials retained; 194 synthetic trials added; synthetic amount=75% relative to original real training size; final training size=453; final synthetic composition=42.83%; synthetic subset class-stratified and nested; validation and official test sets remain entirely real.,
success,vae_repo_90_10_seed42,gaussian_cct_add_100pct_synth,7,1,0,75,0.06896551724137934,0.29513888888888884,259,259,29,288,22,1000,real_plus_synthetic_gaussian_cct,/home/jovyan/eeg-repro/high-gamma-data/data/processed/vae_repo_90_10_seed42/real_splits/S07_real_splits.npz,/home/jovyan/eeg-repro/high-gamma-data/data/generated/vae_repo_90_10_seed42/gaussian/gaussian_class_channel_time/S07_generator-seed1.npz,104.57691024243832,Additive augmentation with Gaussian class-channel-time synthetic EEG; all 259 real training trials retained; 259 synthetic trials added; synthetic amount=100% relative to original real training size; final training size=518; final synthetic composition=50.00%; synthetic subset class-stratified and nested; validation and official test sets remain entirely real.,
success,vae_repo_90_10_seed42,gaussian_cct_add_100pct_synth,7,1,1,105,0.03448275862068961,0.20833333333333337,259,259,29,288,22,1000,real_plus_synthetic_gaussian_cct,/home/jovyan/eeg-repro/high-gamma-data/data/processed/vae_repo_90_10_seed42/real_splits/S07_real_splits.npz,/home/jovyan/eeg-repro/high-gamma-data/data/generated/vae_repo_90_10_seed42/gaussian/gaussian_class_channel_time/S07_generator-seed1.npz,140.70581294223666,Additive augmentation with Gaussian class-channel-time synthetic EEG; all 259 real training trials retained; 259 synthetic trials added; synthetic amount=100% relative to original real training size; final training size=518; final synthetic composition=50.00%; synthetic subset class-stratified and nested; validation and official test sets remain entirely real.,
success,vae_repo_90_10_seed42,gaussian_cct_add_100pct_synth,7,1,2,77,0.03448275862068961,0.25,259,259,29,288,22,1000,real_plus_synthetic_gaussian_cct,/home/jovyan/eeg-repro/high-gamma-data/data/processed/vae_repo_90_10_seed42/real_splits/S07_real_splits.npz,/home/jovyan/eeg-repro/high-gamma-data/data/generated/vae_repo_90_10_seed42/gaussian/gaussian_class_channel_time/S07_generator-seed1.npz,140.75410493835807,Additive augmentation with Gaussian class-channel-time synthetic EEG; all 259 real training trials retained; 259 synthetic trials added; synthetic amount=100% relative to original real training size; final training size=518; final synthetic composition=50.00%; synthetic subset class-stratified and nested; validation and official test sets remain entirely real.,
success,vae_repo_90_10_seed42,gaussian_cct_add_25pct_synth,7,2,0,66,0.0,0.14930555555555558,259,65,29,288,22,1000,real_plus_synthetic_gaussian_cct,/home/jovyan/eeg-repro/high-gamma-data/data/processed/vae_repo_90_10_seed42/real_splits/S07_real_splits.npz,/home/jovyan/eeg-repro/high-gamma-data/data/generated/vae_repo_90_10_seed42/gaussian/gaussian_class_channel_time/S07_generator-seed2.npz,61.41156408935785,Additive augmentation with Gaussian class-channel-time synthetic EEG; all 259 real training trials retained; 65 synthetic trials added; synthetic amount=25% relative to original real training size; final training size=324; final synthetic composition=20.06%; synthetic subset class-stratified and nested; validation and official test sets remain entirely real.,
success,vae_repo_90_10_seed42,gaussian_cct_add_25pct_synth,7,2,1,65,0.06896551724137934,0.19444444444444442,259,65,29,288,22,1000,real_plus_synthetic_gaussian_cct,/home/jovyan/eeg-repro/high-gamma-data/data/processed/vae_repo_90_10_seed42/real_splits/S07_real_splits.npz,/home/jovyan/eeg-repro/high-gamma-data/data/generated/vae_repo_90_10_seed42/gaussian/gaussian_class_channel_time/S07_generator-seed2.npz,50.74160524085164,Additive augmentation with Gaussian class-channel-time synthetic EEG; all 259 real training trials retained; 65 synthetic trials added; synthetic amount=25% relative to original real training size; final training size=324; final synthetic composition=20.06%; synthetic subset class-stratified and nested; validation and official test sets remain entirely real.,
success,vae_repo_90_10_seed42,gaussian_cct_add_25pct_synth,7,2,2,68,0.0,0.19444444444444442,259,65,29,288,22,1000,real_plus_synthetic_gaussian_cct,/home/jovyan/eeg-repro/high-gamma-data/data/processed/vae_repo_90_10_seed42/real_splits/S07_real_splits.npz,/home/jovyan/eeg-repro/high-gamma-data/data/generated/vae_repo_90_10_seed42/gaussian/gaussian_class_channel_time/S07_generator-seed2.npz,56.96003055199981,Additive augmentation with Gaussian class-channel-time synthetic EEG; all 259 real training trials retained; 65 synthetic trials added; synthetic amount=25% relative to original real training size; final training size=324; final synthetic composition=20.06%; synthetic subset class-stratified and nested; validation and official test sets remain entirely real.,
success,vae_repo_90_10_seed42,gaussian_cct_add_50pct_synth,7,2,0,91,0.03448275862068961,0.2534722222222222,259,131,29,288,22,1000,real_plus_synthetic_gaussian_cct,/home/jovyan/eeg-repro/high-gamma-data/data/processed/vae_repo_90_10_seed42/real_splits/S07_real_splits.npz,/home/jovyan/eeg-repro/high-gamma-data/data/generated/vae_repo_90_10_seed42/gaussian/gaussian_class_channel_time/S07_generator-seed2.npz,83.64845263585448,Additive augmentation with Gaussian class-channel-time synthetic EEG; all 259 real training trials retained; 131 synthetic trials added; synthetic amount=50% relative to original real training size; final training size=390; final synthetic composition=33.59%; synthetic subset class-stratified and nested; validation and official test sets remain entirely real.,
success,vae_repo_90_10_seed42,gaussian_cct_add_50pct_synth,7,2,1,42,0.13793103448275867,0.3125,259,131,29,288,22,1000,real_plus_synthetic_gaussian_cct,/home/jovyan/eeg-repro/high-gamma-data/data/processed/vae_repo_90_10_seed42/real_splits/S07_real_splits.npz,/home/jovyan/eeg-repro/high-gamma-data/data/generated/vae_repo_90_10_seed42/gaussian/gaussian_class_channel_time/S07_generator-seed2.npz,40.307514160871506,Additive augmentation with Gaussian class-channel-time synthetic EEG; all 259 real training trials retained; 131 synthetic trials added; synthetic amount=50% relative to original real training size; final training size=390; final synthetic composition=33.59%; synthetic subset class-stratified and nested; validation and official test sets remain entirely real.,
success,vae_repo_90_10_seed42,gaussian_cct_add_50pct_synth,7,2,2,88,0.0,0.21180555555555558,259,131,29,288,22,1000,real_plus_synthetic_gaussian_cct,/home/jovyan/eeg-repro/high-gamma-data/data/processed/vae_repo_90_10_seed42/real_splits/S07_real_splits.npz,/home/jovyan/eeg-repro/high-gamma-data/data/generated/vae_repo_90_10_seed42/gaussian/gaussian_class_channel_time/S07_generator-seed2.npz,83.22403134778142,Additive augmentation with Gaussian class-channel-time synthetic EEG; all 259 real training trials retained; 131 synthetic trials added; synthetic amount=50% relative to original real training size; final training size=390; final synthetic composition=33.59%; synthetic subset class-stratified and nested; validation and official test sets remain entirely real.,
success,vae_repo_90_10_seed42,gaussian_cct_add_75pct_synth,7,2,0,73,0.0,0.23611111111111116,259,194,29,288,22,1000,real_plus_synthetic_gaussian_cct,/home/jovyan/eeg-repro/high-gamma-data/data/processed/vae_repo_90_10_seed42/real_splits/S07_real_splits.npz,/home/jovyan/eeg-repro/high-gamma-data/data/generated/vae_repo_90_10_seed42/gaussian/gaussian_class_channel_time/S07_generator-seed2.npz,96.0202955454588,Additive augmentation with Gaussian class-channel-time synthetic EEG; all 259 real training trials retained; 194 synthetic trials added; synthetic amount=75% relative to original real training size; final training size=453; final synthetic composition=42.83%; synthetic subset class-stratified and nested; validation and official test sets remain entirely real.,
success,vae_repo_90_10_seed42,gaussian_cct_add_75pct_synth,7,2,1,62,0.03448275862068961,0.23263888888888884,259,194,29,288,22,1000,real_plus_synthetic_gaussian_cct,/home/jovyan/eeg-repro/high-gamma-data/data/processed/vae_repo_90_10_seed42/real_splits/S07_real_splits.npz,/home/jovyan/eeg-repro/high-gamma-data/data/generated/vae_repo_90_10_seed42/gaussian/gaussian_class_channel_time/S07_generator-seed2.npz,76.99203921481967,Additive augmentation with Gaussian class-channel-time synthetic EEG; all 259 real training trials retained; 194 synthetic trials added; synthetic amount=75% relative to original real training size; final training size=453; final synthetic composition=42.83%; synthetic subset class-stratified and nested; validation and official test sets remain entirely real.,
success,vae_repo_90_10_seed42,gaussian_cct_add_75pct_synth,7,2,2,52,0.13793103448275867,0.30208333333333337,259,194,29,288,22,1000,real_plus_synthetic_gaussian_cct,/home/jovyan/eeg-repro/high-gamma-data/data/processed/vae_repo_90_10_seed42/real_splits/S07_real_splits.npz,/home/jovyan/eeg-repro/high-gamma-data/data/generated/vae_repo_90_10_seed42/gaussian/gaussian_class_channel_time/S07_generator-seed2.npz,63.923739552497864,Additive augmentation with Gaussian class-channel-time synthetic EEG; all 259 real training trials retained; 194 synthetic trials added; synthetic amount=75% relative to original real training size; final training size=453; final synthetic composition=42.83%; synthetic subset class-stratified and nested; validation and official test sets remain entirely real.,
success,vae_repo_90_10_seed42,gaussian_cct_add_100pct_synth,7,2,0,107,0.03448275862068961,0.25,259,259,29,288,22,1000,real_plus_synthetic_gaussian_cct,/home/jovyan/eeg-repro/high-gamma-data/data/processed/vae_repo_90_10_seed42/real_splits/S07_real_splits.npz,/home/jovyan/eeg-repro/high-gamma-data/data/generated/vae_repo_90_10_seed42/gaussian/gaussian_class_channel_time/S07_generator-seed2.npz,159.2460373453796,Additive augmentation with Gaussian class-channel-time synthetic EEG; all 259 real training trials retained; 259 synthetic trials added; synthetic amount=100% relative to original real training size; final training size=518; final synthetic composition=50.00%; synthetic subset class-stratified and nested; validation and official test sets remain entirely real.,
success,vae_repo_90_10_seed42,gaussian_cct_add_100pct_synth,7,2,1,83,0.03448275862068961,0.25,259,259,29,288,22,1000,real_plus_synthetic_gaussian_cct,/home/jovyan/eeg-repro/high-gamma-data/data/processed/vae_repo_90_10_seed42/real_splits/S07_real_splits.npz,/home/jovyan/eeg-repro/high-gamma-data/data/generated/vae_repo_90_10_seed42/gaussian/gaussian_class_channel_time/S07_generator-seed2.npz,116.80032381415367,Additive augmentation with Gaussian class-channel-time synthetic EEG; all 259 real training trials retained; 259 synthetic trials added; synthetic amount=100% relative to original real training size; final training size=518; final synthetic composition=50.00%; synthetic subset class-stratified and nested; validation and official test sets remain entirely real.,
success,vae_repo_90_10_seed42,gaussian_cct_add_100pct_synth,7,2,2,78,0.03448275862068961,0.26041666666666663,259,259,29,288,22,1000,real_plus_synthetic_gaussian_cct,/home/jovyan/eeg-repro/high-gamma-data/data/processed/vae_repo_90_10_seed42/real_splits/S07_real_splits.npz,/home/jovyan/eeg-repro/high-gamma-data/data/generated/vae_repo_90_10_seed42/gaussian/gaussian_class_channel_time/S07_generator-seed2.npz,143.59142249450088,Additive augmentation with Gaussian class-channel-time synthetic EEG; all 259 real training trials retained; 259 synthetic trials added; synthetic amount=100% relative to original real training size; final training size=518; final synthetic composition=50.00%; synthetic subset class-stratified and nested; validation and official test sets remain entirely real.,
success,vae_repo_90_10_seed42,gaussian_cct_add_25pct_synth,8,0,0,74,0.1724137931034483,0.20486111111111116,259,65,29,288,22,1000,real_plus_synthetic_gaussian_cct,/home/jovyan/eeg-repro/high-gamma-data/data/processed/vae_repo_90_10_seed42/real_splits/S08_real_splits.npz,/home/jovyan/eeg-repro/high-gamma-data/data/generated/vae_repo_90_10_seed42/gaussian/gaussian_class_channel_time/S08_generator-seed0.npz,58.80884438753128,Additive augmentation with Gaussian class-channel-time synthetic EEG; all 259 real training trials retained; 65 synthetic trials added; synthetic amount=25% relative to original real training size; final training size=324; final synthetic composition=20.06%; synthetic subset class-stratified and nested; validation and official test sets remain entirely real.,
success,vae_repo_90_10_seed42,gaussian_cct_add_25pct_synth,8,0,1,40,0.2068965517241379,0.21875,259,65,29,288,22,1000,real_plus_synthetic_gaussian_cct,/home/jovyan/eeg-repro/high-gamma-data/data/processed/vae_repo_90_10_seed42/real_splits/S08_real_splits.npz,/home/jovyan/eeg-repro/high-gamma-data/data/generated/vae_repo_90_10_seed42/gaussian/gaussian_class_channel_time/S08_generator-seed0.npz,40.96948464214802,Additive augmentation with Gaussian class-channel-time synthetic EEG; all 259 real training trials retained; 65 synthetic trials added; synthetic amount=25% relative to original real training size; final training size=324; final synthetic composition=20.06%; synthetic subset class-stratified and nested; validation and official test sets remain entirely real.,
success,vae_repo_90_10_seed42,gaussian_cct_add_25pct_synth,8,0,2,62,0.2068965517241379,0.21180555555555558,259,65,29,288,22,1000,real_plus_synthetic_gaussian_cct,/home/jovyan/eeg-repro/high-gamma-data/data/processed/vae_repo_90_10_seed42/real_splits/S08_real_splits.npz,/home/jovyan/eeg-repro/high-gamma-data/data/generated/vae_repo_90_10_seed42/gaussian/gaussian_class_channel_time/S08_generator-seed0.npz,49.15437730029225,Additive augmentation with Gaussian class-channel-time synthetic EEG; all 259 real training trials retained; 65 synthetic trials added; synthetic amount=25% relative to original real training size; final training size=324; final synthetic composition=20.06%; synthetic subset class-stratified and nested; validation and official test sets remain entirely real.,
success,vae_repo_90_10_seed42,gaussian_cct_add_50pct_synth,8,0,0,52,0.2068965517241379,0.2847222222222222,259,131,29,288,22,1000,real_plus_synthetic_gaussian_cct,/home/jovyan/eeg-repro/high-gamma-data/data/processed/vae_repo_90_10_seed42/real_splits/S08_real_splits.npz,/home/jovyan/eeg-repro/high-gamma-data/data/generated/vae_repo_90_10_seed42/gaussian/gaussian_class_channel_time/S08_generator-seed0.npz,72.35205865651369,Additive augmentation with Gaussian class-channel-time synthetic EEG; all 259 real training trials retained; 131 synthetic trials added; synthetic amount=50% relative to original real training size; final training size=390; final synthetic composition=33.59%; synthetic subset class-stratified and nested; validation and official test sets remain entirely real.,
success,vae_repo_90_10_seed42,gaussian_cct_add_50pct_synth,8,0,1,55,0.2068965517241379,0.22916666666666663,259,131,29,288,22,1000,real_plus_synthetic_gaussian_cct,/home/jovyan/eeg-repro/high-gamma-data/data/processed/vae_repo_90_10_seed42/real_splits/S08_real_splits.npz,/home/jovyan/eeg-repro/high-gamma-data/data/generated/vae_repo_90_10_seed42/gaussian/gaussian_class_channel_time/S08_generator-seed0.npz,57.500878270715475,Additive augmentation with Gaussian class-channel-time synthetic EEG; all 259 real training trials retained; 131 synthetic trials added; synthetic amount=50% relative to original real training size; final training size=390; final synthetic composition=33.59%; synthetic subset class-stratified and nested; validation and official test sets remain entirely real.,
success,vae_repo_90_10_seed42,gaussian_cct_add_50pct_synth,8,0,2,87,0.13793103448275867,0.19791666666666663,259,131,29,288,22,1000,real_plus_synthetic_gaussian_cct,/home/jovyan/eeg-repro/high-gamma-data/data/processed/vae_repo_90_10_seed42/real_splits/S08_real_splits.npz,/home/jovyan/eeg-repro/high-gamma-data/data/generated/vae_repo_90_10_seed42/gaussian/gaussian_class_channel_time/S08_generator-seed0.npz,108.14966005459428,Additive augmentation with Gaussian class-channel-time synthetic EEG; all 259 real training trials retained; 131 synthetic trials added; synthetic amount=50% relative to original real training size; final training size=390; final synthetic composition=33.59%; synthetic subset class-stratified and nested; validation and official test sets remain entirely real.,
success,vae_repo_90_10_seed42,gaussian_cct_add_75pct_synth,8,0,0,76,0.2068965517241379,0.2465277777777778,259,194,29,288,22,1000,real_plus_synthetic_gaussian_cct,/home/jovyan/eeg-repro/high-gamma-data/data/processed/vae_repo_90_10_seed42/real_splits/S08_real_splits.npz,/home/jovyan/eeg-repro/high-gamma-data/data/generated/vae_repo_90_10_seed42/gaussian/gaussian_class_channel_time/S08_generator-seed0.npz,90.46379201114178,Additive augmentation with Gaussian class-channel-time synthetic EEG; all 259 real training trials retained; 194 synthetic trials added; synthetic amount=75% relative to original real training size; final training size=453; final synthetic composition=42.83%; synthetic subset class-stratified and nested; validation and official test sets remain entirely real.,
success,vae_repo_90_10_seed42,gaussian_cct_add_75pct_synth,8,0,1,79,0.2068965517241379,0.2534722222222222,259,194,29,288,22,1000,real_plus_synthetic_gaussian_cct,/home/jovyan/eeg-repro/high-gamma-data/data/processed/vae_repo_90_10_seed42/real_splits/S08_real_splits.npz,/home/jovyan/eeg-repro/high-gamma-data/data/generated/vae_repo_90_10_seed42/gaussian/gaussian_class_channel_time/S08_generator-seed0.npz,109.4406637661159,Additive augmentation with Gaussian class-channel-time synthetic EEG; all 259 real training trials retained; 194 synthetic trials added; synthetic amount=75% relative to original real training size; final training size=453; final synthetic composition=42.83%; synthetic subset class-stratified and nested; validation and official test sets remain entirely real.,
success,vae_repo_90_10_seed42,gaussian_cct_add_75pct_synth,8,0,2,43,0.24137931034482762,0.26736111111111116,259,194,29,288,22,1000,real_plus_synthetic_gaussian_cct,/home/jovyan/eeg-repro/high-gamma-data/data/processed/vae_repo_90_10_seed42/real_splits/S08_real_splits.npz,/home/jovyan/eeg-repro/high-gamma-data/data/generated/vae_repo_90_10_seed42/gaussian/gaussian_class_channel_time/S08_generator-seed0.npz,53.694277074187994,Additive augmentation with Gaussian class-channel-time synthetic EEG; all 259 real training trials retained; 194 synthetic trials added; synthetic amount=75% relative to original real training size; final training size=453; final synthetic composition=42.83%; synthetic subset class-stratified and nested; validation and official test sets remain entirely real.,
success,vae_repo_90_10_seed42,gaussian_cct_add_100pct_synth,8,0,0,56,0.24137931034482762,0.27083333333333337,259,259,29,288,22,1000,real_plus_synthetic_gaussian_cct,/home/jovyan/eeg-repro/high-gamma-data/data/processed/vae_repo_90_10_seed42/real_splits/S08_real_splits.npz,/home/jovyan/eeg-repro/high-gamma-data/data/generated/vae_repo_90_10_seed42/gaussian/gaussian_class_channel_time/S08_generator-seed0.npz,79.50829256698489,Additive augmentation with Gaussian class-channel-time synthetic EEG; all 259 real training trials retained; 259 synthetic trials added; synthetic amount=100% relative to original real training size; final training size=518; final synthetic composition=50.00%; synthetic subset class-stratified and nested; validation and official test sets remain entirely real.,
success,vae_repo_90_10_seed42,gaussian_cct_add_100pct_synth,8,0,1,59,0.2068965517241379,0.2534722222222222,259,259,29,288,22,1000,real_plus_synthetic_gaussian_cct,/home/jovyan/eeg-repro/high-gamma-data/data/processed/vae_repo_90_10_seed42/real_splits/S08_real_splits.npz,/home/jovyan/eeg-repro/high-gamma-data/data/generated/vae_repo_90_10_seed42/gaussian/gaussian_class_channel_time/S08_generator-seed0.npz,114.63504940271378,Additive augmentation with Gaussian class-channel-time synthetic EEG; all 259 real training trials retained; 259 synthetic trials added; synthetic amount=100% relative to original real training size; final training size=518; final synthetic composition=50.00%; synthetic subset class-stratified and nested; validation and official test sets remain entirely real.,
success,vae_repo_90_10_seed42,gaussian_cct_add_100pct_synth,8,0,2,82,0.24137931034482762,0.2534722222222222,259,259,29,288,22,1000,real_plus_synthetic_gaussian_cct,/home/jovyan/eeg-repro/high-gamma-data/data/processed/vae_repo_90_10_seed42/real_splits/S08_real_splits.npz,/home/jovyan/eeg-repro/high-gamma-data/data/generated/vae_repo_90_10_seed42/gaussian/gaussian_class_channel_time/S08_generator-seed0.npz,110.33127650991082,Additive augmentation with Gaussian class-channel-time synthetic EEG; all 259 real training trials retained; 259 synthetic trials added; synthetic amount=100% relative to original real training size; final training size=518; final synthetic composition=50.00%; synthetic subset class-stratified and nested; validation and official test sets remain entirely real.,
success,vae_repo_90_10_seed42,gaussian_cct_add_25pct_synth,8,1,0,74,0.1724137931034483,0.1875,259,65,29,288,22,1000,real_plus_synthetic_gaussian_cct,/home/jovyan/eeg-repro/high-gamma-data/data/processed/vae_repo_90_10_seed42/real_splits/S08_real_splits.npz,/home/jovyan/eeg-repro/high-gamma-data/data/generated/vae_repo_90_10_seed42/gaussian/gaussian_class_channel_time/S08_generator-seed1.npz,62.055887792259455,Additive augmentation with Gaussian class-channel-time synthetic EEG; all 259 real training trials retained; 65 synthetic trials added; synthetic amount=25% relative to original real training size; final training size=324; final synthetic composition=20.06%; synthetic subset class-stratified and nested; validation and official test sets remain entirely real.,
success,vae_repo_90_10_seed42,gaussian_cct_add_25pct_synth,8,1,1,58,0.1724137931034483,0.2465277777777778,259,65,29,288,22,1000,real_plus_synthetic_gaussian_cct,/home/jovyan/eeg-repro/high-gamma-data/data/processed/vae_repo_90_10_seed42/real_splits/S08_real_splits.npz,/home/jovyan/eeg-repro/high-gamma-data/data/generated/vae_repo_90_10_seed42/gaussian/gaussian_class_channel_time/S08_generator-seed1.npz,51.12250613793731,Additive augmentation with Gaussian class-channel-time synthetic EEG; all 259 real training trials retained; 65 synthetic trials added; synthetic amount=25% relative to original real training size; final training size=324; final synthetic composition=20.06%; synthetic subset class-stratified and nested; validation and official test sets remain entirely real.,
success,vae_repo_90_10_seed42,gaussian_cct_add_25pct_synth,8,1,2,58,0.2068965517241379,0.22569444444444442,259,65,29,288,22,1000,real_plus_synthetic_gaussian_cct,/home/jovyan/eeg-repro/high-gamma-data/data/processed/vae_repo_90_10_seed42/real_splits/S08_real_splits.npz,/home/jovyan/eeg-repro/high-gamma-data/data/generated/vae_repo_90_10_seed42/gaussian/gaussian_class_channel_time/S08_generator-seed1.npz,46.86346206814051,Additive augmentation with Gaussian class-channel-time synthetic EEG; all 259 real training trials retained; 65 synthetic trials added; synthetic amount=25% relative to original real training size; final training size=324; final synthetic composition=20.06%; synthetic subset class-stratified and nested; validation and official test sets remain entirely real.,
success,vae_repo_90_10_seed42,gaussian_cct_add_50pct_synth,8,1,0,63,0.1724137931034483,0.21875,259,131,29,288,22,1000,real_plus_synthetic_gaussian_cct,/home/jovyan/eeg-repro/high-gamma-data/data/processed/vae_repo_90_10_seed42/real_splits/S08_real_splits.npz,/home/jovyan/eeg-repro/high-gamma-data/data/generated/vae_repo_90_10_seed42/gaussian/gaussian_class_channel_time/S08_generator-seed1.npz,85.62913903966546,Additive augmentation with Gaussian class-channel-time synthetic EEG; all 259 real training trials retained; 131 synthetic trials added; synthetic amount=50% relative to original real training size; final training size=390; final synthetic composition=33.59%; synthetic subset class-stratified and nested; validation and official test sets remain entirely real.,
success,vae_repo_90_10_seed42,gaussian_cct_add_50pct_synth,8,1,1,55,0.2068965517241379,0.2152777777777778,259,131,29,288,22,1000,real_plus_synthetic_gaussian_cct,/home/jovyan/eeg-repro/high-gamma-data/data/processed/vae_repo_90_10_seed42/real_splits/S08_real_splits.npz,/home/jovyan/eeg-repro/high-gamma-data/data/generated/vae_repo_90_10_seed42/gaussian/gaussian_class_channel_time/S08_generator-seed1.npz,59.42754991352558,Additive augmentation with Gaussian class-channel-time synthetic EEG; all 259 real training trials retained; 131 synthetic trials added; synthetic amount=50% relative to original real training size; final training size=390; final synthetic composition=33.59%; synthetic subset class-stratified and nested; validation and official test sets remain entirely real.,
success,vae_repo_90_10_seed42,gaussian_cct_add_50pct_synth,8,1,2,66,0.2068965517241379,0.22916666666666663,259,131,29,288,22,1000,real_plus_synthetic_gaussian_cct,/home/jovyan/eeg-repro/high-gamma-data/data/processed/vae_repo_90_10_seed42/real_splits/S08_real_splits.npz,/home/jovyan/eeg-repro/high-gamma-data/data/generated/vae_repo_90_10_seed42/gaussian/gaussian_class_channel_time/S08_generator-seed1.npz,64.75663753971457,Additive augmentation with Gaussian class-channel-time synthetic EEG; all 259 real training trials retained; 131 synthetic trials added; synthetic amount=50% relative to original real training size; final training size=390; final synthetic composition=33.59%; synthetic subset class-stratified and nested; validation and official test sets remain entirely real.,
success,vae_repo_90_10_seed42,gaussian_cct_add_75pct_synth,8,1,0,73,0.2068965517241379,0.23958333333333337,259,194,29,288,22,1000,real_plus_synthetic_gaussian_cct,/home/jovyan/eeg-repro/high-gamma-data/data/processed/vae_repo_90_10_seed42/real_splits/S08_real_splits.npz,/home/jovyan/eeg-repro/high-gamma-data/data/generated/vae_repo_90_10_seed42/gaussian/gaussian_class_channel_time/S08_generator-seed1.npz,86.57397148758173,Additive augmentation with Gaussian class-channel-time synthetic EEG; all 259 real training trials retained; 194 synthetic trials added; synthetic amount=75% relative to original real training size; final training size=453; final synthetic composition=42.83%; synthetic subset class-stratified and nested; validation and official test sets remain entirely real.,
success,vae_repo_90_10_seed42,gaussian_cct_add_75pct_synth,8,1,1,45,0.2068965517241379,0.28125,259,194,29,288,22,1000,real_plus_synthetic_gaussian_cct,/home/jovyan/eeg-repro/high-gamma-data/data/processed/vae_repo_90_10_seed42/real_splits/S08_real_splits.npz,/home/jovyan/eeg-repro/high-gamma-data/data/generated/vae_repo_90_10_seed42/gaussian/gaussian_class_channel_time/S08_generator-seed1.npz,66.49940256774426,Additive augmentation with Gaussian class-channel-time synthetic EEG; all 259 real training trials retained; 194 synthetic trials added; synthetic amount=75% relative to original real training size; final training size=453; final synthetic composition=42.83%; synthetic subset class-stratified and nested; validation and official test sets remain entirely real.,
success,vae_repo_90_10_seed42,gaussian_cct_add_75pct_synth,8,1,2,64,0.2068965517241379,0.23611111111111116,259,194,29,288,22,1000,real_plus_synthetic_gaussian_cct,/home/jovyan/eeg-repro/high-gamma-data/data/processed/vae_repo_90_10_seed42/real_splits/S08_real_splits.npz,/home/jovyan/eeg-repro/high-gamma-data/data/generated/vae_repo_90_10_seed42/gaussian/gaussian_class_channel_time/S08_generator-seed1.npz,76.03314650431275,Additive augmentation with Gaussian class-channel-time synthetic EEG; all 259 real training trials retained; 194 synthetic trials added; synthetic amount=75% relative to original real training size; final training size=453; final synthetic composition=42.83%; synthetic subset class-stratified and nested; validation and official test sets remain entirely real.,
success,vae_repo_90_10_seed42,gaussian_cct_add_100pct_synth,8,1,0,46,0.2068965517241379,0.2569444444444444,259,259,29,288,22,1000,real_plus_synthetic_gaussian_cct,/home/jovyan/eeg-repro/high-gamma-data/data/processed/vae_repo_90_10_seed42/real_splits/S08_real_splits.npz,/home/jovyan/eeg-repro/high-gamma-data/data/generated/vae_repo_90_10_seed42/gaussian/gaussian_class_channel_time/S08_generator-seed1.npz,101.31519997119904,Additive augmentation with Gaussian class-channel-time synthetic EEG; all 259 real training trials retained; 259 synthetic trials added; synthetic amount=100% relative to original real training size; final training size=518; final synthetic composition=50.00%; synthetic subset class-stratified and nested; validation and official test sets remain entirely real.,
success,vae_repo_90_10_seed42,gaussian_cct_add_100pct_synth,8,1,1,73,0.24137931034482762,0.23263888888888884,259,259,29,288,22,1000,real_plus_synthetic_gaussian_cct,/home/jovyan/eeg-repro/high-gamma-data/data/processed/vae_repo_90_10_seed42/real_splits/S08_real_splits.npz,/home/jovyan/eeg-repro/high-gamma-data/data/generated/vae_repo_90_10_seed42/gaussian/gaussian_class_channel_time/S08_generator-seed1.npz,109.10906145349145,Additive augmentation with Gaussian class-channel-time synthetic EEG; all 259 real training trials retained; 259 synthetic trials added; synthetic amount=100% relative to original real training size; final training size=518; final synthetic composition=50.00%; synthetic subset class-stratified and nested; validation and official test sets remain entirely real.,
success,vae_repo_90_10_seed42,gaussian_cct_add_100pct_synth,8,1,2,51,0.24137931034482762,0.26736111111111116,259,259,29,288,22,1000,real_plus_synthetic_gaussian_cct,/home/jovyan/eeg-repro/high-gamma-data/data/processed/vae_repo_90_10_seed42/real_splits/S08_real_splits.npz,/home/jovyan/eeg-repro/high-gamma-data/data/generated/vae_repo_90_10_seed42/gaussian/gaussian_class_channel_time/S08_generator-seed1.npz,71.33076605200768,Additive augmentation with Gaussian class-channel-time synthetic EEG; all 259 real training trials retained; 259 synthetic trials added; synthetic amount=100% relative to original real training size; final training size=518; final synthetic composition=50.00%; synthetic subset class-stratified and nested; validation and official test sets remain entirely real.,
success,vae_repo_90_10_seed42,gaussian_cct_add_25pct_synth,8,2,0,54,0.1724137931034483,0.21180555555555558,259,65,29,288,22,1000,real_plus_synthetic_gaussian_cct,/home/jovyan/eeg-repro/high-gamma-data/data/processed/vae_repo_90_10_seed42/real_splits/S08_real_splits.npz,/home/jovyan/eeg-repro/high-gamma-data/data/generated/vae_repo_90_10_seed42/gaussian/gaussian_class_channel_time/S08_generator-seed2.npz,47.207044150680304,Additive augmentation with Gaussian class-channel-time synthetic EEG; all 259 real training trials retained; 65 synthetic trials added; synthetic amount=25% relative to original real training size; final training size=324; final synthetic composition=20.06%; synthetic subset class-stratified and nested; validation and official test sets remain entirely real.,
success,vae_repo_90_10_seed42,gaussian_cct_add_25pct_synth,8,2,1,55,0.24137931034482762,0.21875,259,65,29,288,22,1000,real_plus_synthetic_gaussian_cct,/home/jovyan/eeg-repro/high-gamma-data/data/processed/vae_repo_90_10_seed42/real_splits/S08_real_splits.npz,/home/jovyan/eeg-repro/high-gamma-data/data/generated/vae_repo_90_10_seed42/gaussian/gaussian_class_channel_time/S08_generator-seed2.npz,46.61984908208251,Additive augmentation with Gaussian class-channel-time synthetic EEG; all 259 real training trials retained; 65 synthetic trials added; synthetic amount=25% relative to original real training size; final training size=324; final synthetic composition=20.06%; synthetic subset class-stratified and nested; validation and official test sets remain entirely real.,
success,vae_repo_90_10_seed42,gaussian_cct_add_25pct_synth,8,2,2,48,0.24137931034482762,0.25,259,65,29,288,22,1000,real_plus_synthetic_gaussian_cct,/home/jovyan/eeg-repro/high-gamma-data/data/processed/vae_repo_90_10_seed42/real_splits/S08_real_splits.npz,/home/jovyan/eeg-repro/high-gamma-data/data/generated/vae_repo_90_10_seed42/gaussian/gaussian_class_channel_time/S08_generator-seed2.npz,40.96223892644048,Additive augmentation with Gaussian class-channel-time synthetic EEG; all 259 real training trials retained; 65 synthetic trials added; synthetic amount=25% relative to original real training size; final training size=324; final synthetic composition=20.06%; synthetic subset class-stratified and nested; validation and official test sets remain entirely real.,
success,vae_repo_90_10_seed42,gaussian_cct_add_50pct_synth,8,2,0,17,0.24137931034482762,0.3402777777777778,259,131,29,288,22,1000,real_plus_synthetic_gaussian_cct,/home/jovyan/eeg-repro/high-gamma-data/data/processed/vae_repo_90_10_seed42/real_splits/S08_real_splits.npz,/home/jovyan/eeg-repro/high-gamma-data/data/generated/vae_repo_90_10_seed42/gaussian/gaussian_class_channel_time/S08_generator-seed2.npz,44.0033038854599,Additive augmentation with Gaussian class-channel-time synthetic EEG; all 259 real training trials retained; 131 synthetic trials added; synthetic amount=50% relative to original real training size; final training size=390; final synthetic composition=33.59%; synthetic subset class-stratified and nested; validation and official test sets remain entirely real.,
success,vae_repo_90_10_seed42,gaussian_cct_add_50pct_synth,8,2,1,74,0.2068965517241379,0.22916666666666663,259,131,29,288,22,1000,real_plus_synthetic_gaussian_cct,/home/jovyan/eeg-repro/high-gamma-data/data/processed/vae_repo_90_10_seed42/real_splits/S08_real_splits.npz,/home/jovyan/eeg-repro/high-gamma-data/data/generated/vae_repo_90_10_seed42/gaussian/gaussian_class_channel_time/S08_generator-seed2.npz,70.58538864925504,Additive augmentation with Gaussian class-channel-time synthetic EEG; all 259 real training trials retained; 131 synthetic trials added; synthetic amount=50% relative to original real training size; final training size=390; final synthetic composition=33.59%; synthetic subset class-stratified and nested; validation and official test sets remain entirely real.,
success,vae_repo_90_10_seed42,gaussian_cct_add_50pct_synth,8,2,2,22,0.2068965517241379,0.2569444444444444,259,131,29,288,22,1000,real_plus_synthetic_gaussian_cct,/home/jovyan/eeg-repro/high-gamma-data/data/processed/vae_repo_90_10_seed42/real_splits/S08_real_splits.npz,/home/jovyan/eeg-repro/high-gamma-data/data/generated/vae_repo_90_10_seed42/gaussian/gaussian_class_channel_time/S08_generator-seed2.npz,47.64053139463067,Additive augmentation with Gaussian class-channel-time synthetic EEG; all 259 real training trials retained; 131 synthetic trials added; synthetic amount=50% relative to original real training size; final training size=390; final synthetic composition=33.59%; synthetic subset class-stratified and nested; validation and official test sets remain entirely real.,
success,vae_repo_90_10_seed42,gaussian_cct_add_75pct_synth,8,2,0,63,0.2068965517241379,0.23263888888888884,259,194,29,288,22,1000,real_plus_synthetic_gaussian_cct,/home/jovyan/eeg-repro/high-gamma-data/data/processed/vae_repo_90_10_seed42/real_splits/S08_real_splits.npz,/home/jovyan/eeg-repro/high-gamma-data/data/generated/vae_repo_90_10_seed42/gaussian/gaussian_class_channel_time/S08_generator-seed2.npz,106.56658648326993,Additive augmentation with Gaussian class-channel-time synthetic EEG; all 259 real training trials retained; 194 synthetic trials added; synthetic amount=75% relative to original real training size; final training size=453; final synthetic composition=42.83%; synthetic subset class-stratified and nested; validation and official test sets remain entirely real.,
success,vae_repo_90_10_seed42,gaussian_cct_add_75pct_synth,8,2,1,66,0.2068965517241379,0.23611111111111116,259,194,29,288,22,1000,real_plus_synthetic_gaussian_cct,/home/jovyan/eeg-repro/high-gamma-data/data/processed/vae_repo_90_10_seed42/real_splits/S08_real_splits.npz,/home/jovyan/eeg-repro/high-gamma-data/data/generated/vae_repo_90_10_seed42/gaussian/gaussian_class_channel_time/S08_generator-seed2.npz,92.61845161393285,Additive augmentation with Gaussian class-channel-time synthetic EEG; all 259 real training trials retained; 194 synthetic trials added; synthetic amount=75% relative to original real training size; final training size=453; final synthetic composition=42.83%; synthetic subset class-stratified and nested; validation and official test sets remain entirely real.,
success,vae_repo_90_10_seed42,gaussian_cct_add_75pct_synth,8,2,2,47,0.24137931034482762,0.2847222222222222,259,194,29,288,22,1000,real_plus_synthetic_gaussian_cct,/home/jovyan/eeg-repro/high-gamma-data/data/processed/vae_repo_90_10_seed42/real_splits/S08_real_splits.npz,/home/jovyan/eeg-repro/high-gamma-data/data/generated/vae_repo_90_10_seed42/gaussian/gaussian_class_channel_time/S08_generator-seed2.npz,58.271930914372206,Additive augmentation with Gaussian class-channel-time synthetic EEG; all 259 real training trials retained; 194 synthetic trials added; synthetic amount=75% relative to original real training size; final training size=453; final synthetic composition=42.83%; synthetic subset class-stratified and nested; validation and official test sets remain entirely real.,
success,vae_repo_90_10_seed42,gaussian_cct_add_100pct_synth,8,2,0,100,0.2068965517241379,0.23263888888888884,259,259,29,288,22,1000,real_plus_synthetic_gaussian_cct,/home/jovyan/eeg-repro/high-gamma-data/data/processed/vae_repo_90_10_seed42/real_splits/S08_real_splits.npz,/home/jovyan/eeg-repro/high-gamma-data/data/generated/vae_repo_90_10_seed42/gaussian/gaussian_class_channel_time/S08_generator-seed2.npz,139.45236031711102,Additive augmentation with Gaussian class-channel-time synthetic EEG; all 259 real training trials retained; 259 synthetic trials added; synthetic amount=100% relative to original real training size; final training size=518; final synthetic composition=50.00%; synthetic subset class-stratified and nested; validation and official test sets remain entirely real.,
success,vae_repo_90_10_seed42,gaussian_cct_add_100pct_synth,8,2,1,49,0.2068965517241379,0.25,259,259,29,288,22,1000,real_plus_synthetic_gaussian_cct,/home/jovyan/eeg-repro/high-gamma-data/data/processed/vae_repo_90_10_seed42/real_splits/S08_real_splits.npz,/home/jovyan/eeg-repro/high-gamma-data/data/generated/vae_repo_90_10_seed42/gaussian/gaussian_class_channel_time/S08_generator-seed2.npz,104.44282095879316,Additive augmentation with Gaussian class-channel-time synthetic EEG; all 259 real training trials retained; 259 synthetic trials added; synthetic amount=100% relative to original real training size; final training size=518; final synthetic composition=50.00%; synthetic subset class-stratified and nested; validation and official test sets remain entirely real.,
success,vae_repo_90_10_seed42,gaussian_cct_add_100pct_synth,8,2,2,64,0.24137931034482762,0.23263888888888884,259,259,29,288,22,1000,real_plus_synthetic_gaussian_cct,/home/jovyan/eeg-repro/high-gamma-data/data/processed/vae_repo_90_10_seed42/real_splits/S08_real_splits.npz,/home/jovyan/eeg-repro/high-gamma-data/data/generated/vae_repo_90_10_seed42/gaussian/gaussian_class_channel_time/S08_generator-seed2.npz,96.01860877871513,Additive augmentation with Gaussian class-channel-time synthetic EEG; all 259 real training trials retained; 259 synthetic trials added; synthetic amount=100% relative to original real training size; final training size=518; final synthetic composition=50.00%; synthetic subset class-stratified and nested; validation and official test sets remain entirely real.,
success,vae_repo_90_10_seed42,gaussian_cct_add_25pct_synth,9,0,0,36,0.10344827586206895,0.2881944444444444,259,64,29,288,22,1000,real_plus_synthetic_gaussian_cct,/home/jovyan/eeg-repro/high-gamma-data/data/processed/vae_repo_90_10_seed42/real_splits/S09_real_splits.npz,/home/jovyan/eeg-repro/high-gamma-data/data/generated/vae_repo_90_10_seed42/gaussian/gaussian_class_channel_time/S09_generator-seed0.npz,41.51283360645175,Additive augmentation with Gaussian class-channel-time synthetic EEG; all 259 real training trials retained; 64 synthetic trials added; synthetic amount=25% relative to original real training size; final training size=323; final synthetic composition=19.81%; synthetic subset class-stratified and nested; validation and official test sets remain entirely real.,
success,vae_repo_90_10_seed42,gaussian_cct_add_25pct_synth,9,0,1,23,0.10344827586206895,0.29861111111111116,259,64,29,288,22,1000,real_plus_synthetic_gaussian_cct,/home/jovyan/eeg-repro/high-gamma-data/data/processed/vae_repo_90_10_seed42/real_splits/S09_real_splits.npz,/home/jovyan/eeg-repro/high-gamma-data/data/generated/vae_repo_90_10_seed42/gaussian/gaussian_class_channel_time/S09_generator-seed0.npz,41.4351310133934,Additive augmentation with Gaussian class-channel-time synthetic EEG; all 259 real training trials retained; 64 synthetic trials added; synthetic amount=25% relative to original real training size; final training size=323; final synthetic composition=19.81%; synthetic subset class-stratified and nested; validation and official test sets remain entirely real.,
success,vae_repo_90_10_seed42,gaussian_cct_add_25pct_synth,9,0,2,62,0.10344827586206895,0.29166666666666663,259,64,29,288,22,1000,real_plus_synthetic_gaussian_cct,/home/jovyan/eeg-repro/high-gamma-data/data/processed/vae_repo_90_10_seed42/real_splits/S09_real_splits.npz,/home/jovyan/eeg-repro/high-gamma-data/data/generated/vae_repo_90_10_seed42/gaussian/gaussian_class_channel_time/S09_generator-seed0.npz,60.25065679475665,Additive augmentation with Gaussian class-channel-time synthetic EEG; all 259 real training trials retained; 64 synthetic trials added; synthetic amount=25% relative to original real training size; final training size=323; final synthetic composition=19.81%; synthetic subset class-stratified and nested; validation and official test sets remain entirely real.,
success,vae_repo_90_10_seed42,gaussian_cct_add_50pct_synth,9,0,0,69,0.06896551724137934,0.27083333333333337,259,130,29,288,22,1000,real_plus_synthetic_gaussian_cct,/home/jovyan/eeg-repro/high-gamma-data/data/processed/vae_repo_90_10_seed42/real_splits/S09_real_splits.npz,/home/jovyan/eeg-repro/high-gamma-data/data/generated/vae_repo_90_10_seed42/gaussian/gaussian_class_channel_time/S09_generator-seed0.npz,90.35002890601754,Additive augmentation with Gaussian class-channel-time synthetic EEG; all 259 real training trials retained; 130 synthetic trials added; synthetic amount=50% relative to original real training size; final training size=389; final synthetic composition=33.42%; synthetic subset class-stratified and nested; validation and official test sets remain entirely real.,
success,vae_repo_90_10_seed42,gaussian_cct_add_50pct_synth,9,0,1,75,0.13793103448275867,0.32291666666666663,259,130,29,288,22,1000,real_plus_synthetic_gaussian_cct,/home/jovyan/eeg-repro/high-gamma-data/data/processed/vae_repo_90_10_seed42/real_splits/S09_real_splits.npz,/home/jovyan/eeg-repro/high-gamma-data/data/generated/vae_repo_90_10_seed42/gaussian/gaussian_class_channel_time/S09_generator-seed0.npz,68.55702427774668,Additive augmentation with Gaussian class-channel-time synthetic EEG; all 259 real training trials retained; 130 synthetic trials added; synthetic amount=50% relative to original real training size; final training size=389; final synthetic composition=33.42%; synthetic subset class-stratified and nested; validation and official test sets remain entirely real.,
success,vae_repo_90_10_seed42,gaussian_cct_add_50pct_synth,9,0,2,53,0.13793103448275867,0.30208333333333337,259,130,29,288,22,1000,real_plus_synthetic_gaussian_cct,/home/jovyan/eeg-repro/high-gamma-data/data/processed/vae_repo_90_10_seed42/real_splits/S09_real_splits.npz,/home/jovyan/eeg-repro/high-gamma-data/data/generated/vae_repo_90_10_seed42/gaussian/gaussian_class_channel_time/S09_generator-seed0.npz,54.9024379812181,Additive augmentation with Gaussian class-channel-time synthetic EEG; all 259 real training trials retained; 130 synthetic trials added; synthetic amount=50% relative to original real training size; final training size=389; final synthetic composition=33.42%; synthetic subset class-stratified and nested; validation and official test sets remain entirely real.,
success,vae_repo_90_10_seed42,gaussian_cct_add_75pct_synth,9,0,0,46,0.13793103448275867,0.30208333333333337,259,195,29,288,22,1000,real_plus_synthetic_gaussian_cct,/home/jovyan/eeg-repro/high-gamma-data/data/processed/vae_repo_90_10_seed42/real_splits/S09_real_splits.npz,/home/jovyan/eeg-repro/high-gamma-data/data/generated/vae_repo_90_10_seed42/gaussian/gaussian_class_channel_time/S09_generator-seed0.npz,55.58285455033183,Additive augmentation with Gaussian class-channel-time synthetic EEG; all 259 real training trials retained; 195 synthetic trials added; synthetic amount=75% relative to original real training size; final training size=454; final synthetic composition=42.95%; synthetic subset class-stratified and nested; validation and official test sets remain entirely real.,
success,vae_repo_90_10_seed42,gaussian_cct_add_75pct_synth,9,0,1,59,0.1724137931034483,0.2743055555555556,259,195,29,288,22,1000,real_plus_synthetic_gaussian_cct,/home/jovyan/eeg-repro/high-gamma-data/data/processed/vae_repo_90_10_seed42/real_splits/S09_real_splits.npz,/home/jovyan/eeg-repro/high-gamma-data/data/generated/vae_repo_90_10_seed42/gaussian/gaussian_class_channel_time/S09_generator-seed0.npz,80.07619026303291,Additive augmentation with Gaussian class-channel-time synthetic EEG; all 259 real training trials retained; 195 synthetic trials added; synthetic amount=75% relative to original real training size; final training size=454; final synthetic composition=42.95%; synthetic subset class-stratified and nested; validation and official test sets remain entirely real.,
success,vae_repo_90_10_seed42,gaussian_cct_add_75pct_synth,9,0,2,75,0.10344827586206895,0.2847222222222222,259,195,29,288,22,1000,real_plus_synthetic_gaussian_cct,/home/jovyan/eeg-repro/high-gamma-data/data/processed/vae_repo_90_10_seed42/real_splits/S09_real_splits.npz,/home/jovyan/eeg-repro/high-gamma-data/data/generated/vae_repo_90_10_seed42/gaussian/gaussian_class_channel_time/S09_generator-seed0.npz,93.15485653653741,Additive augmentation with Gaussian class-channel-time synthetic EEG; all 259 real training trials retained; 195 synthetic trials added; synthetic amount=75% relative to original real training size; final training size=454; final synthetic composition=42.95%; synthetic subset class-stratified and nested; validation and official test sets remain entirely real.,
success,vae_repo_90_10_seed42,gaussian_cct_add_100pct_synth,9,0,0,45,0.1724137931034483,0.3125,259,259,29,288,22,1000,real_plus_synthetic_gaussian_cct,/home/jovyan/eeg-repro/high-gamma-data/data/processed/vae_repo_90_10_seed42/real_splits/S09_real_splits.npz,/home/jovyan/eeg-repro/high-gamma-data/data/generated/vae_repo_90_10_seed42/gaussian/gaussian_class_channel_time/S09_generator-seed0.npz,61.041281551122665,Additive augmentation with Gaussian class-channel-time synthetic EEG; all 259 real training trials retained; 259 synthetic trials added; synthetic amount=100% relative to original real training size; final training size=518; final synthetic composition=50.00%; synthetic subset class-stratified and nested; validation and official test sets remain entirely real.,
success,vae_repo_90_10_seed42,gaussian_cct_add_100pct_synth,9,0,1,57,0.1724137931034483,0.32986111111111116,259,259,29,288,22,1000,real_plus_synthetic_gaussian_cct,/home/jovyan/eeg-repro/high-gamma-data/data/processed/vae_repo_90_10_seed42/real_splits/S09_real_splits.npz,/home/jovyan/eeg-repro/high-gamma-data/data/generated/vae_repo_90_10_seed42/gaussian/gaussian_class_channel_time/S09_generator-seed0.npz,85.06468058750033,Additive augmentation with Gaussian class-channel-time synthetic EEG; all 259 real training trials retained; 259 synthetic trials added; synthetic amount=100% relative to original real training size; final training size=518; final synthetic composition=50.00%; synthetic subset class-stratified and nested; validation and official test sets remain entirely real.,
success,vae_repo_90_10_seed42,gaussian_cct_add_100pct_synth,9,0,2,47,0.13793103448275867,0.32986111111111116,259,259,29,288,22,1000,real_plus_synthetic_gaussian_cct,/home/jovyan/eeg-repro/high-gamma-data/data/processed/vae_repo_90_10_seed42/real_splits/S09_real_splits.npz,/home/jovyan/eeg-repro/high-gamma-data/data/generated/vae_repo_90_10_seed42/gaussian/gaussian_class_channel_time/S09_generator-seed0.npz,94.96841626241803,Additive augmentation with Gaussian class-channel-time synthetic EEG; all 259 real training trials retained; 259 synthetic trials added; synthetic amount=100% relative to original real training size; final training size=518; final synthetic composition=50.00%; synthetic subset class-stratified and nested; validation and official test sets remain entirely real.,
success,vae_repo_90_10_seed42,gaussian_cct_add_25pct_synth,9,1,0,35,0.10344827586206895,0.29513888888888884,259,64,29,288,22,1000,real_plus_synthetic_gaussian_cct,/home/jovyan/eeg-repro/high-gamma-data/data/processed/vae_repo_90_10_seed42/real_splits/S09_real_splits.npz,/home/jovyan/eeg-repro/high-gamma-data/data/generated/vae_repo_90_10_seed42/gaussian/gaussian_class_channel_time/S09_generator-seed1.npz,50.9465897642076,Additive augmentation with Gaussian class-channel-time synthetic EEG; all 259 real training trials retained; 64 synthetic trials added; synthetic amount=25% relative to original real training size; final training size=323; final synthetic composition=19.81%; synthetic subset class-stratified and nested; validation and official test sets remain entirely real.,
success,vae_repo_90_10_seed42,gaussian_cct_add_25pct_synth,9,1,1,54,0.10344827586206895,0.2743055555555556,259,64,29,288,22,1000,real_plus_synthetic_gaussian_cct,/home/jovyan/eeg-repro/high-gamma-data/data/processed/vae_repo_90_10_seed42/real_splits/S09_real_splits.npz,/home/jovyan/eeg-repro/high-gamma-data/data/generated/vae_repo_90_10_seed42/gaussian/gaussian_class_channel_time/S09_generator-seed1.npz,65.05415108054876,Additive augmentation with Gaussian class-channel-time synthetic EEG; all 259 real training trials retained; 64 synthetic trials added; synthetic amount=25% relative to original real training size; final training size=323; final synthetic composition=19.81%; synthetic subset class-stratified and nested; validation and official test sets remain entirely real.,
success,vae_repo_90_10_seed42,gaussian_cct_add_25pct_synth,9,1,2,53,0.13793103448275867,0.29513888888888884,259,64,29,288,22,1000,real_plus_synthetic_gaussian_cct,/home/jovyan/eeg-repro/high-gamma-data/data/processed/vae_repo_90_10_seed42/real_splits/S09_real_splits.npz,/home/jovyan/eeg-repro/high-gamma-data/data/generated/vae_repo_90_10_seed42/gaussian/gaussian_class_channel_time/S09_generator-seed1.npz,43.63989244773984,Additive augmentation with Gaussian class-channel-time synthetic EEG; all 259 real training trials retained; 64 synthetic trials added; synthetic amount=25% relative to original real training size; final training size=323; final synthetic composition=19.81%; synthetic subset class-stratified and nested; validation and official test sets remain entirely real.,
success,vae_repo_90_10_seed42,gaussian_cct_add_50pct_synth,9,1,0,45,0.1724137931034483,0.2777777777777778,259,130,29,288,22,1000,real_plus_synthetic_gaussian_cct,/home/jovyan/eeg-repro/high-gamma-data/data/processed/vae_repo_90_10_seed42/real_splits/S09_real_splits.npz,/home/jovyan/eeg-repro/high-gamma-data/data/generated/vae_repo_90_10_seed42/gaussian/gaussian_class_channel_time/S09_generator-seed1.npz,41.753004405647516,Additive augmentation with Gaussian class-channel-time synthetic EEG; all 259 real training trials retained; 130 synthetic trials added; synthetic amount=50% relative to original real training size; final training size=389; final synthetic composition=33.42%; synthetic subset class-stratified and nested; validation and official test sets remain entirely real.,
success,vae_repo_90_10_seed42,gaussian_cct_add_50pct_synth,9,1,1,47,0.1724137931034483,0.3090277777777778,259,130,29,288,22,1000,real_plus_synthetic_gaussian_cct,/home/jovyan/eeg-repro/high-gamma-data/data/processed/vae_repo_90_10_seed42/real_splits/S09_real_splits.npz,/home/jovyan/eeg-repro/high-gamma-data/data/generated/vae_repo_90_10_seed42/gaussian/gaussian_class_channel_time/S09_generator-seed1.npz,45.088580541312695,Additive augmentation with Gaussian class-channel-time synthetic EEG; all 259 real training trials retained; 130 synthetic trials added; synthetic amount=50% relative to original real training size; final training size=389; final synthetic composition=33.42%; synthetic subset class-stratified and nested; validation and official test sets remain entirely real.,
success,vae_repo_90_10_seed42,gaussian_cct_add_50pct_synth,9,1,2,47,0.13793103448275867,0.3125,259,130,29,288,22,1000,real_plus_synthetic_gaussian_cct,/home/jovyan/eeg-repro/high-gamma-data/data/processed/vae_repo_90_10_seed42/real_splits/S09_real_splits.npz,/home/jovyan/eeg-repro/high-gamma-data/data/generated/vae_repo_90_10_seed42/gaussian/gaussian_class_channel_time/S09_generator-seed1.npz,54.42483006045222,Additive augmentation with Gaussian class-channel-time synthetic EEG; all 259 real training trials retained; 130 synthetic trials added; synthetic amount=50% relative to original real training size; final training size=389; final synthetic composition=33.42%; synthetic subset class-stratified and nested; validation and official test sets remain entirely real.,
success,vae_repo_90_10_seed42,gaussian_cct_add_75pct_synth,9,1,0,38,0.1724137931034483,0.3055555555555556,259,195,29,288,22,1000,real_plus_synthetic_gaussian_cct,/home/jovyan/eeg-repro/high-gamma-data/data/processed/vae_repo_90_10_seed42/real_splits/S09_real_splits.npz,/home/jovyan/eeg-repro/high-gamma-data/data/generated/vae_repo_90_10_seed42/gaussian/gaussian_class_channel_time/S09_generator-seed1.npz,56.95006078481674,Additive augmentation with Gaussian class-channel-time synthetic EEG; all 259 real training trials retained; 195 synthetic trials added; synthetic amount=75% relative to original real training size; final training size=454; final synthetic composition=42.95%; synthetic subset class-stratified and nested; validation and official test sets remain entirely real.,
success,vae_repo_90_10_seed42,gaussian_cct_add_75pct_synth,9,1,1,39,0.2068965517241379,0.2881944444444444,259,195,29,288,22,1000,real_plus_synthetic_gaussian_cct,/home/jovyan/eeg-repro/high-gamma-data/data/processed/vae_repo_90_10_seed42/real_splits/S09_real_splits.npz,/home/jovyan/eeg-repro/high-gamma-data/data/generated/vae_repo_90_10_seed42/gaussian/gaussian_class_channel_time/S09_generator-seed1.npz,54.74636407569051,Additive augmentation with Gaussian class-channel-time synthetic EEG; all 259 real training trials retained; 195 synthetic trials added; synthetic amount=75% relative to original real training size; final training size=454; final synthetic composition=42.95%; synthetic subset class-stratified and nested; validation and official test sets remain entirely real.,
success,vae_repo_90_10_seed42,gaussian_cct_add_75pct_synth,9,1,2,42,0.1724137931034483,0.34375,259,195,29,288,22,1000,real_plus_synthetic_gaussian_cct,/home/jovyan/eeg-repro/high-gamma-data/data/processed/vae_repo_90_10_seed42/real_splits/S09_real_splits.npz,/home/jovyan/eeg-repro/high-gamma-data/data/generated/vae_repo_90_10_seed42/gaussian/gaussian_class_channel_time/S09_generator-seed1.npz,53.230273734778166,Additive augmentation with Gaussian class-channel-time synthetic EEG; all 259 real training trials retained; 195 synthetic trials added; synthetic amount=75% relative to original real training size; final training size=454; final synthetic composition=42.95%; synthetic subset class-stratified and nested; validation and official test sets remain entirely real.,
success,vae_repo_90_10_seed42,gaussian_cct_add_100pct_synth,9,1,0,86,0.13793103448275867,0.29166666666666663,259,259,29,288,22,1000,real_plus_synthetic_gaussian_cct,/home/jovyan/eeg-repro/high-gamma-data/data/processed/vae_repo_90_10_seed42/real_splits/S09_real_splits.npz,/home/jovyan/eeg-repro/high-gamma-data/data/generated/vae_repo_90_10_seed42/gaussian/gaussian_class_channel_time/S09_generator-seed1.npz,120.19485149160028,Additive augmentation with Gaussian class-channel-time synthetic EEG; all 259 real training trials retained; 259 synthetic trials added; synthetic amount=100% relative to original real training size; final training size=518; final synthetic composition=50.00%; synthetic subset class-stratified and nested; validation and official test sets remain entirely real.,
success,vae_repo_90_10_seed42,gaussian_cct_add_100pct_synth,9,1,1,50,0.1724137931034483,0.3159722222222222,259,259,29,288,22,1000,real_plus_synthetic_gaussian_cct,/home/jovyan/eeg-repro/high-gamma-data/data/processed/vae_repo_90_10_seed42/real_splits/S09_real_splits.npz,/home/jovyan/eeg-repro/high-gamma-data/data/generated/vae_repo_90_10_seed42/gaussian/gaussian_class_channel_time/S09_generator-seed1.npz,86.3326616436243,Additive augmentation with Gaussian class-channel-time synthetic EEG; all 259 real training trials retained; 259 synthetic trials added; synthetic amount=100% relative to original real training size; final training size=518; final synthetic composition=50.00%; synthetic subset class-stratified and nested; validation and official test sets remain entirely real.,
success,vae_repo_90_10_seed42,gaussian_cct_add_100pct_synth,9,1,2,57,0.13793103448275867,0.3090277777777778,259,259,29,288,22,1000,real_plus_synthetic_gaussian_cct,/home/jovyan/eeg-repro/high-gamma-data/data/processed/vae_repo_90_10_seed42/real_splits/S09_real_splits.npz,/home/jovyan/eeg-repro/high-gamma-data/data/generated/vae_repo_90_10_seed42/gaussian/gaussian_class_channel_time/S09_generator-seed1.npz,83.22438360750675,Additive augmentation with Gaussian class-channel-time synthetic EEG; all 259 real training trials retained; 259 synthetic trials added; synthetic amount=100% relative to original real training size; final training size=518; final synthetic composition=50.00%; synthetic subset class-stratified and nested; validation and official test sets remain entirely real.,
success,vae_repo_90_10_seed42,gaussian_cct_add_25pct_synth,9,2,0,54,0.10344827586206895,0.28125,259,64,29,288,22,1000,real_plus_synthetic_gaussian_cct,/home/jovyan/eeg-repro/high-gamma-data/data/processed/vae_repo_90_10_seed42/real_splits/S09_real_splits.npz,/home/jovyan/eeg-repro/high-gamma-data/data/generated/vae_repo_90_10_seed42/gaussian/gaussian_class_channel_time/S09_generator-seed2.npz,48.38061900064349,Additive augmentation with Gaussian class-channel-time synthetic EEG; all 259 real training trials retained; 64 synthetic trials added; synthetic amount=25% relative to original real training size; final training size=323; final synthetic composition=19.81%; synthetic subset class-stratified and nested; validation and official test sets remain entirely real.,
success,vae_repo_90_10_seed42,gaussian_cct_add_25pct_synth,9,2,1,63,0.13793103448275867,0.2777777777777778,259,64,29,288,22,1000,real_plus_synthetic_gaussian_cct,/home/jovyan/eeg-repro/high-gamma-data/data/processed/vae_repo_90_10_seed42/real_splits/S09_real_splits.npz,/home/jovyan/eeg-repro/high-gamma-data/data/generated/vae_repo_90_10_seed42/gaussian/gaussian_class_channel_time/S09_generator-seed2.npz,54.96747525036335,Additive augmentation with Gaussian class-channel-time synthetic EEG; all 259 real training trials retained; 64 synthetic trials added; synthetic amount=25% relative to original real training size; final training size=323; final synthetic composition=19.81%; synthetic subset class-stratified and nested; validation and official test sets remain entirely real.,
success,vae_repo_90_10_seed42,gaussian_cct_add_25pct_synth,9,2,2,53,0.10344827586206895,0.27083333333333337,259,64,29,288,22,1000,real_plus_synthetic_gaussian_cct,/home/jovyan/eeg-repro/high-gamma-data/data/processed/vae_repo_90_10_seed42/real_splits/S09_real_splits.npz,/home/jovyan/eeg-repro/high-gamma-data/data/generated/vae_repo_90_10_seed42/gaussian/gaussian_class_channel_time/S09_generator-seed2.npz,50.96461780741811,Additive augmentation with Gaussian class-channel-time synthetic EEG; all 259 real training trials retained; 64 synthetic trials added; synthetic amount=25% relative to original real training size; final training size=323; final synthetic composition=19.81%; synthetic subset class-stratified and nested; validation and official test sets remain entirely real.,
success,vae_repo_90_10_seed42,gaussian_cct_add_50pct_synth,9,2,0,43,0.10344827586206895,0.2777777777777778,259,130,29,288,22,1000,real_plus_synthetic_gaussian_cct,/home/jovyan/eeg-repro/high-gamma-data/data/processed/vae_repo_90_10_seed42/real_splits/S09_real_splits.npz,/home/jovyan/eeg-repro/high-gamma-data/data/generated/vae_repo_90_10_seed42/gaussian/gaussian_class_channel_time/S09_generator-seed2.npz,50.690117694437504,Additive augmentation with Gaussian class-channel-time synthetic EEG; all 259 real training trials retained; 130 synthetic trials added; synthetic amount=50% relative to original real training size; final training size=389; final synthetic composition=33.42%; synthetic subset class-stratified and nested; validation and official test sets remain entirely real.,
success,vae_repo_90_10_seed42,gaussian_cct_add_50pct_synth,9,2,1,68,0.10344827586206895,0.3055555555555556,259,130,29,288,22,1000,real_plus_synthetic_gaussian_cct,/home/jovyan/eeg-repro/high-gamma-data/data/processed/vae_repo_90_10_seed42/real_splits/S09_real_splits.npz,/home/jovyan/eeg-repro/high-gamma-data/data/generated/vae_repo_90_10_seed42/gaussian/gaussian_class_channel_time/S09_generator-seed2.npz,88.15454918518662,Additive augmentation with Gaussian class-channel-time synthetic EEG; all 259 real training trials retained; 130 synthetic trials added; synthetic amount=50% relative to original real training size; final training size=389; final synthetic composition=33.42%; synthetic subset class-stratified and nested; validation and official test sets remain entirely real.,
success,vae_repo_90_10_seed42,gaussian_cct_add_50pct_synth,9,2,2,47,0.13793103448275867,0.2847222222222222,259,130,29,288,22,1000,real_plus_synthetic_gaussian_cct,/home/jovyan/eeg-repro/high-gamma-data/data/processed/vae_repo_90_10_seed42/real_splits/S09_real_splits.npz,/home/jovyan/eeg-repro/high-gamma-data/data/generated/vae_repo_90_10_seed42/gaussian/gaussian_class_channel_time/S09_generator-seed2.npz,43.54018075764179,Additive augmentation with Gaussian class-channel-time synthetic EEG; all 259 real training trials retained; 130 synthetic trials added; synthetic amount=50% relative to original real training size; final training size=389; final synthetic composition=33.42%; synthetic subset class-stratified and nested; validation and official test sets remain entirely real.,
success,vae_repo_90_10_seed42,gaussian_cct_add_75pct_synth,9,2,0,48,0.13793103448275867,0.29166666666666663,259,195,29,288,22,1000,real_plus_synthetic_gaussian_cct,/home/jovyan/eeg-repro/high-gamma-data/data/processed/vae_repo_90_10_seed42/real_splits/S09_real_splits.npz,/home/jovyan/eeg-repro/high-gamma-data/data/generated/vae_repo_90_10_seed42/gaussian/gaussian_class_channel_time/S09_generator-seed2.npz,62.33996707573533,Additive augmentation with Gaussian class-channel-time synthetic EEG; all 259 real training trials retained; 195 synthetic trials added; synthetic amount=75% relative to original real training size; final training size=454; final synthetic composition=42.95%; synthetic subset class-stratified and nested; validation and official test sets remain entirely real.,
success,vae_repo_90_10_seed42,gaussian_cct_add_75pct_synth,9,2,1,35,0.1724137931034483,0.33333333333333337,259,195,29,288,22,1000,real_plus_synthetic_gaussian_cct,/home/jovyan/eeg-repro/high-gamma-data/data/processed/vae_repo_90_10_seed42/real_splits/S09_real_splits.npz,/home/jovyan/eeg-repro/high-gamma-data/data/generated/vae_repo_90_10_seed42/gaussian/gaussian_class_channel_time/S09_generator-seed2.npz,45.4441101886332,Additive augmentation with Gaussian class-channel-time synthetic EEG; all 259 real training trials retained; 195 synthetic trials added; synthetic amount=75% relative to original real training size; final training size=454; final synthetic composition=42.95%; synthetic subset class-stratified and nested; validation and official test sets remain entirely real.,
success,vae_repo_90_10_seed42,gaussian_cct_add_75pct_synth,9,2,2,53,0.13793103448275867,0.28125,259,195,29,288,22,1000,real_plus_synthetic_gaussian_cct,/home/jovyan/eeg-repro/high-gamma-data/data/processed/vae_repo_90_10_seed42/real_splits/S09_real_splits.npz,/home/jovyan/eeg-repro/high-gamma-data/data/generated/vae_repo_90_10_seed42/gaussian/gaussian_class_channel_time/S09_generator-seed2.npz,64.53974725678563,Additive augmentation with Gaussian class-channel-time synthetic EEG; all 259 real training trials retained; 195 synthetic trials added; synthetic amount=75% relative to original real training size; final training size=454; final synthetic composition=42.95%; synthetic subset class-stratified and nested; validation and official test sets remain entirely real.,
success,vae_repo_90_10_seed42,gaussian_cct_add_100pct_synth,9,2,0,40,0.06896551724137934,0.3159722222222222,259,259,29,288,22,1000,real_plus_synthetic_gaussian_cct,/home/jovyan/eeg-repro/high-gamma-data/data/processed/vae_repo_90_10_seed42/real_splits/S09_real_splits.npz,/home/jovyan/eeg-repro/high-gamma-data/data/generated/vae_repo_90_10_seed42/gaussian/gaussian_class_channel_time/S09_generator-seed2.npz,92.85835584625602,Additive augmentation with Gaussian class-channel-time synthetic EEG; all 259 real training trials retained; 259 synthetic trials added; synthetic amount=100% relative to original real training size; final training size=518; final synthetic composition=50.00%; synthetic subset class-stratified and nested; validation and official test sets remain entirely real.,
success,vae_repo_90_10_seed42,gaussian_cct_add_100pct_synth,9,2,1,82,0.13793103448275867,0.33333333333333337,259,259,29,288,22,1000,real_plus_synthetic_gaussian_cct,/home/jovyan/eeg-repro/high-gamma-data/data/processed/vae_repo_90_10_seed42/real_splits/S09_real_splits.npz,/home/jovyan/eeg-repro/high-gamma-data/data/generated/vae_repo_90_10_seed42/gaussian/gaussian_class_channel_time/S09_generator-seed2.npz,112.40110311284661,Additive augmentation with Gaussian class-channel-time synthetic EEG; all 259 real training trials retained; 259 synthetic trials added; synthetic amount=100% relative to original real training size; final training size=518; final synthetic composition=50.00%; synthetic subset class-stratified and nested; validation and official test sets remain entirely real.,
success,vae_repo_90_10_seed42,gaussian_cct_add_100pct_synth,9,2,2,37,0.2068965517241379,0.32291666666666663,259,259,29,288,22,1000,real_plus_synthetic_gaussian_cct,/home/jovyan/eeg-repro/high-gamma-data/data/processed/vae_repo_90_10_seed42/real_splits/S09_real_splits.npz,/home/jovyan/eeg-repro/high-gamma-data/data/generated/vae_repo_90_10_seed42/gaussian/gaussian_class_channel_time/S09_generator-seed2.npz,54.4129821844399,Additive augmentation with Gaussian class-channel-time synthetic EEG; all 259 real training trials retained; 259 synthetic trials added; synthetic amount=100% relative to original real training size; final training size=518; final synthetic composition=50.00%; synthetic subset class-stratified and nested; validation and official test sets remain entirely real.,
