status,protocol_id,method,subject_id,generator_seed,classifier_seed,selected_epoch,validation_misclass,test_misclass,n_real_train_trials,n_synthetic_train_trials,n_valid_trials,n_test_trials,n_channels,n_times,train_data_type,split_file,train_data_file,runtime_seconds,notes,error
success,gaussian_class_channel_time_fixed_size_ratios_90_10_seed42,gaussian_cct_replace_25pct_real,1,0,0,76,0.13793103448275867,0.3159722222222222,194,65,29,288,22,1000,real_gaussian_fixed_size_replacement,/home/jovyan/eeg-repro/high-gamma-data/data/processed/vae_repo_90_10_seed42/real_splits/S01_real_splits.npz,/home/jovyan/eeg-repro/high-gamma-data/data/generated/vae_repo_90_10_seed42/gaussian/gaussian_class_channel_time/S01_generator-seed0.npz,53.36054112762213,Fixed-size paired replacement; requested synthetic ratio=25%; real trials=194; synthetic trials=65; total trials=259; class counts and frozen label order preserved; replacement subsets nested across ratios; validation and test are real EEG,
success,gaussian_class_channel_time_fixed_size_ratios_90_10_seed42,gaussian_cct_replace_25pct_real,1,0,1,63,0.13793103448275867,0.23263888888888884,194,65,29,288,22,1000,real_gaussian_fixed_size_replacement,/home/jovyan/eeg-repro/high-gamma-data/data/processed/vae_repo_90_10_seed42/real_splits/S01_real_splits.npz,/home/jovyan/eeg-repro/high-gamma-data/data/generated/vae_repo_90_10_seed42/gaussian/gaussian_class_channel_time/S01_generator-seed0.npz,42.90258138626814,Fixed-size paired replacement; requested synthetic ratio=25%; real trials=194; synthetic trials=65; total trials=259; class counts and frozen label order preserved; replacement subsets nested across ratios; validation and test are real EEG,
success,gaussian_class_channel_time_fixed_size_ratios_90_10_seed42,gaussian_cct_replace_25pct_real,1,0,2,50,0.1724137931034483,0.28125,194,65,29,288,22,1000,real_gaussian_fixed_size_replacement,/home/jovyan/eeg-repro/high-gamma-data/data/processed/vae_repo_90_10_seed42/real_splits/S01_real_splits.npz,/home/jovyan/eeg-repro/high-gamma-data/data/generated/vae_repo_90_10_seed42/gaussian/gaussian_class_channel_time/S01_generator-seed0.npz,33.07841137051582,Fixed-size paired replacement; requested synthetic ratio=25%; real trials=194; synthetic trials=65; total trials=259; class counts and frozen label order preserved; replacement subsets nested across ratios; validation and test are real EEG,
success,gaussian_class_channel_time_fixed_size_ratios_90_10_seed42,gaussian_cct_replace_25pct_real,1,1,0,50,0.10344827586206895,0.23263888888888884,194,65,29,288,22,1000,real_gaussian_fixed_size_replacement,/home/jovyan/eeg-repro/high-gamma-data/data/processed/vae_repo_90_10_seed42/real_splits/S01_real_splits.npz,/home/jovyan/eeg-repro/high-gamma-data/data/generated/vae_repo_90_10_seed42/gaussian/gaussian_class_channel_time/S01_generator-seed1.npz,35.92540732771158,Fixed-size paired replacement; requested synthetic ratio=25%; real trials=194; synthetic trials=65; total trials=259; class counts and frozen label order preserved; replacement subsets nested across ratios; validation and test are real EEG,
success,gaussian_class_channel_time_fixed_size_ratios_90_10_seed42,gaussian_cct_replace_25pct_real,1,1,1,75,0.10344827586206895,0.2743055555555556,194,65,29,288,22,1000,real_gaussian_fixed_size_replacement,/home/jovyan/eeg-repro/high-gamma-data/data/processed/vae_repo_90_10_seed42/real_splits/S01_real_splits.npz,/home/jovyan/eeg-repro/high-gamma-data/data/generated/vae_repo_90_10_seed42/gaussian/gaussian_class_channel_time/S01_generator-seed1.npz,52.49970779195428,Fixed-size paired replacement; requested synthetic ratio=25%; real trials=194; synthetic trials=65; total trials=259; class counts and frozen label order preserved; replacement subsets nested across ratios; validation and test are real EEG,
success,gaussian_class_channel_time_fixed_size_ratios_90_10_seed42,gaussian_cct_replace_25pct_real,1,1,2,53,0.2068965517241379,0.27083333333333337,194,65,29,288,22,1000,real_gaussian_fixed_size_replacement,/home/jovyan/eeg-repro/high-gamma-data/data/processed/vae_repo_90_10_seed42/real_splits/S01_real_splits.npz,/home/jovyan/eeg-repro/high-gamma-data/data/generated/vae_repo_90_10_seed42/gaussian/gaussian_class_channel_time/S01_generator-seed1.npz,42.594886884093285,Fixed-size paired replacement; requested synthetic ratio=25%; real trials=194; synthetic trials=65; total trials=259; class counts and frozen label order preserved; replacement subsets nested across ratios; validation and test are real EEG,
success,gaussian_class_channel_time_fixed_size_ratios_90_10_seed42,gaussian_cct_replace_25pct_real,1,2,0,50,0.10344827586206895,0.2569444444444444,194,65,29,288,22,1000,real_gaussian_fixed_size_replacement,/home/jovyan/eeg-repro/high-gamma-data/data/processed/vae_repo_90_10_seed42/real_splits/S01_real_splits.npz,/home/jovyan/eeg-repro/high-gamma-data/data/generated/vae_repo_90_10_seed42/gaussian/gaussian_class_channel_time/S01_generator-seed2.npz,38.874627858400345,Fixed-size paired replacement; requested synthetic ratio=25%; real trials=194; synthetic trials=65; total trials=259; class counts and frozen label order preserved; replacement subsets nested across ratios; validation and test are real EEG,
success,gaussian_class_channel_time_fixed_size_ratios_90_10_seed42,gaussian_cct_replace_25pct_real,1,2,1,36,0.06896551724137934,0.26041666666666663,194,65,29,288,22,1000,real_gaussian_fixed_size_replacement,/home/jovyan/eeg-repro/high-gamma-data/data/processed/vae_repo_90_10_seed42/real_splits/S01_real_splits.npz,/home/jovyan/eeg-repro/high-gamma-data/data/generated/vae_repo_90_10_seed42/gaussian/gaussian_class_channel_time/S01_generator-seed2.npz,42.15789031609893,Fixed-size paired replacement; requested synthetic ratio=25%; real trials=194; synthetic trials=65; total trials=259; class counts and frozen label order preserved; replacement subsets nested across ratios; validation and test are real EEG,
success,gaussian_class_channel_time_fixed_size_ratios_90_10_seed42,gaussian_cct_replace_25pct_real,1,2,2,78,0.13793103448275867,0.28125,194,65,29,288,22,1000,real_gaussian_fixed_size_replacement,/home/jovyan/eeg-repro/high-gamma-data/data/processed/vae_repo_90_10_seed42/real_splits/S01_real_splits.npz,/home/jovyan/eeg-repro/high-gamma-data/data/generated/vae_repo_90_10_seed42/gaussian/gaussian_class_channel_time/S01_generator-seed2.npz,51.496725387871265,Fixed-size paired replacement; requested synthetic ratio=25%; real trials=194; synthetic trials=65; total trials=259; class counts and frozen label order preserved; replacement subsets nested across ratios; validation and test are real EEG,
success,gaussian_class_channel_time_fixed_size_ratios_90_10_seed42,gaussian_cct_replace_25pct_real,2,0,0,66,0.4137931034482759,0.4965277777777778,194,65,29,288,22,1000,real_gaussian_fixed_size_replacement,/home/jovyan/eeg-repro/high-gamma-data/data/processed/vae_repo_90_10_seed42/real_splits/S02_real_splits.npz,/home/jovyan/eeg-repro/high-gamma-data/data/generated/vae_repo_90_10_seed42/gaussian/gaussian_class_channel_time/S02_generator-seed0.npz,52.05852026864886,Fixed-size paired replacement; requested synthetic ratio=25%; real trials=194; synthetic trials=65; total trials=259; class counts and frozen label order preserved; replacement subsets nested across ratios; validation and test are real EEG,
success,gaussian_class_channel_time_fixed_size_ratios_90_10_seed42,gaussian_cct_replace_25pct_real,2,0,1,50,0.4137931034482759,0.6006944444444444,194,65,29,288,22,1000,real_gaussian_fixed_size_replacement,/home/jovyan/eeg-repro/high-gamma-data/data/processed/vae_repo_90_10_seed42/real_splits/S02_real_splits.npz,/home/jovyan/eeg-repro/high-gamma-data/data/generated/vae_repo_90_10_seed42/gaussian/gaussian_class_channel_time/S02_generator-seed0.npz,49.88644723966718,Fixed-size paired replacement; requested synthetic ratio=25%; real trials=194; synthetic trials=65; total trials=259; class counts and frozen label order preserved; replacement subsets nested across ratios; validation and test are real EEG,
success,gaussian_class_channel_time_fixed_size_ratios_90_10_seed42,gaussian_cct_replace_25pct_real,2,0,2,54,0.4137931034482759,0.5763888888888888,194,65,29,288,22,1000,real_gaussian_fixed_size_replacement,/home/jovyan/eeg-repro/high-gamma-data/data/processed/vae_repo_90_10_seed42/real_splits/S02_real_splits.npz,/home/jovyan/eeg-repro/high-gamma-data/data/generated/vae_repo_90_10_seed42/gaussian/gaussian_class_channel_time/S02_generator-seed0.npz,40.40831687673926,Fixed-size paired replacement; requested synthetic ratio=25%; real trials=194; synthetic trials=65; total trials=259; class counts and frozen label order preserved; replacement subsets nested across ratios; validation and test are real EEG,
success,gaussian_class_channel_time_fixed_size_ratios_90_10_seed42,gaussian_cct_replace_25pct_real,2,1,0,61,0.3793103448275862,0.5902777777777778,194,65,29,288,22,1000,real_gaussian_fixed_size_replacement,/home/jovyan/eeg-repro/high-gamma-data/data/processed/vae_repo_90_10_seed42/real_splits/S02_real_splits.npz,/home/jovyan/eeg-repro/high-gamma-data/data/generated/vae_repo_90_10_seed42/gaussian/gaussian_class_channel_time/S02_generator-seed1.npz,39.81941856443882,Fixed-size paired replacement; requested synthetic ratio=25%; real trials=194; synthetic trials=65; total trials=259; class counts and frozen label order preserved; replacement subsets nested across ratios; validation and test are real EEG,
success,gaussian_class_channel_time_fixed_size_ratios_90_10_seed42,gaussian_cct_replace_25pct_real,2,1,1,79,0.4137931034482759,0.5243055555555556,194,65,29,288,22,1000,real_gaussian_fixed_size_replacement,/home/jovyan/eeg-repro/high-gamma-data/data/processed/vae_repo_90_10_seed42/real_splits/S02_real_splits.npz,/home/jovyan/eeg-repro/high-gamma-data/data/generated/vae_repo_90_10_seed42/gaussian/gaussian_class_channel_time/S02_generator-seed1.npz,51.516331534832716,Fixed-size paired replacement; requested synthetic ratio=25%; real trials=194; synthetic trials=65; total trials=259; class counts and frozen label order preserved; replacement subsets nested across ratios; validation and test are real EEG,
success,gaussian_class_channel_time_fixed_size_ratios_90_10_seed42,gaussian_cct_replace_25pct_real,2,1,2,75,0.31034482758620685,0.5659722222222222,194,65,29,288,22,1000,real_gaussian_fixed_size_replacement,/home/jovyan/eeg-repro/high-gamma-data/data/processed/vae_repo_90_10_seed42/real_splits/S02_real_splits.npz,/home/jovyan/eeg-repro/high-gamma-data/data/generated/vae_repo_90_10_seed42/gaussian/gaussian_class_channel_time/S02_generator-seed1.npz,66.8802492544055,Fixed-size paired replacement; requested synthetic ratio=25%; real trials=194; synthetic trials=65; total trials=259; class counts and frozen label order preserved; replacement subsets nested across ratios; validation and test are real EEG,
success,gaussian_class_channel_time_fixed_size_ratios_90_10_seed42,gaussian_cct_replace_25pct_real,2,2,0,42,0.3793103448275862,0.6736111111111112,194,65,29,288,22,1000,real_gaussian_fixed_size_replacement,/home/jovyan/eeg-repro/high-gamma-data/data/processed/vae_repo_90_10_seed42/real_splits/S02_real_splits.npz,/home/jovyan/eeg-repro/high-gamma-data/data/generated/vae_repo_90_10_seed42/gaussian/gaussian_class_channel_time/S02_generator-seed2.npz,40.96049662679434,Fixed-size paired replacement; requested synthetic ratio=25%; real trials=194; synthetic trials=65; total trials=259; class counts and frozen label order preserved; replacement subsets nested across ratios; validation and test are real EEG,
success,gaussian_class_channel_time_fixed_size_ratios_90_10_seed42,gaussian_cct_replace_25pct_real,2,2,1,72,0.3793103448275862,0.5625,194,65,29,288,22,1000,real_gaussian_fixed_size_replacement,/home/jovyan/eeg-repro/high-gamma-data/data/processed/vae_repo_90_10_seed42/real_splits/S02_real_splits.npz,/home/jovyan/eeg-repro/high-gamma-data/data/generated/vae_repo_90_10_seed42/gaussian/gaussian_class_channel_time/S02_generator-seed2.npz,51.42275422811508,Fixed-size paired replacement; requested synthetic ratio=25%; real trials=194; synthetic trials=65; total trials=259; class counts and frozen label order preserved; replacement subsets nested across ratios; validation and test are real EEG,
success,gaussian_class_channel_time_fixed_size_ratios_90_10_seed42,gaussian_cct_replace_25pct_real,2,2,2,75,0.3793103448275862,0.5486111111111112,194,65,29,288,22,1000,real_gaussian_fixed_size_replacement,/home/jovyan/eeg-repro/high-gamma-data/data/processed/vae_repo_90_10_seed42/real_splits/S02_real_splits.npz,/home/jovyan/eeg-repro/high-gamma-data/data/generated/vae_repo_90_10_seed42/gaussian/gaussian_class_channel_time/S02_generator-seed2.npz,48.40633497387171,Fixed-size paired replacement; requested synthetic ratio=25%; real trials=194; synthetic trials=65; total trials=259; class counts and frozen label order preserved; replacement subsets nested across ratios; validation and test are real EEG,
success,gaussian_class_channel_time_fixed_size_ratios_90_10_seed42,gaussian_cct_replace_25pct_real,3,0,0,72,0.06896551724137934,0.1527777777777778,194,65,29,288,22,1000,real_gaussian_fixed_size_replacement,/home/jovyan/eeg-repro/high-gamma-data/data/processed/vae_repo_90_10_seed42/real_splits/S03_real_splits.npz,/home/jovyan/eeg-repro/high-gamma-data/data/generated/vae_repo_90_10_seed42/gaussian/gaussian_class_channel_time/S03_generator-seed0.npz,53.43333227187395,Fixed-size paired replacement; requested synthetic ratio=25%; real trials=194; synthetic trials=65; total trials=259; class counts and frozen label order preserved; replacement subsets nested across ratios; validation and test are real EEG,
success,gaussian_class_channel_time_fixed_size_ratios_90_10_seed42,gaussian_cct_replace_25pct_real,3,0,1,67,0.06896551724137934,0.1284722222222222,194,65,29,288,22,1000,real_gaussian_fixed_size_replacement,/home/jovyan/eeg-repro/high-gamma-data/data/processed/vae_repo_90_10_seed42/real_splits/S03_real_splits.npz,/home/jovyan/eeg-repro/high-gamma-data/data/generated/vae_repo_90_10_seed42/gaussian/gaussian_class_channel_time/S03_generator-seed0.npz,61.65502259880304,Fixed-size paired replacement; requested synthetic ratio=25%; real trials=194; synthetic trials=65; total trials=259; class counts and frozen label order preserved; replacement subsets nested across ratios; validation and test are real EEG,
success,gaussian_class_channel_time_fixed_size_ratios_90_10_seed42,gaussian_cct_replace_25pct_real,3,0,2,30,0.06896551724137934,0.17708333333333337,194,65,29,288,22,1000,real_gaussian_fixed_size_replacement,/home/jovyan/eeg-repro/high-gamma-data/data/processed/vae_repo_90_10_seed42/real_splits/S03_real_splits.npz,/home/jovyan/eeg-repro/high-gamma-data/data/generated/vae_repo_90_10_seed42/gaussian/gaussian_class_channel_time/S03_generator-seed0.npz,38.546276301145554,Fixed-size paired replacement; requested synthetic ratio=25%; real trials=194; synthetic trials=65; total trials=259; class counts and frozen label order preserved; replacement subsets nested across ratios; validation and test are real EEG,
success,gaussian_class_channel_time_fixed_size_ratios_90_10_seed42,gaussian_cct_replace_25pct_real,3,1,0,61,0.10344827586206895,0.1527777777777778,194,65,29,288,22,1000,real_gaussian_fixed_size_replacement,/home/jovyan/eeg-repro/high-gamma-data/data/processed/vae_repo_90_10_seed42/real_splits/S03_real_splits.npz,/home/jovyan/eeg-repro/high-gamma-data/data/generated/vae_repo_90_10_seed42/gaussian/gaussian_class_channel_time/S03_generator-seed1.npz,39.360231425613165,Fixed-size paired replacement; requested synthetic ratio=25%; real trials=194; synthetic trials=65; total trials=259; class counts and frozen label order preserved; replacement subsets nested across ratios; validation and test are real EEG,
success,gaussian_class_channel_time_fixed_size_ratios_90_10_seed42,gaussian_cct_replace_25pct_real,3,1,1,61,0.10344827586206895,0.13194444444444442,194,65,29,288,22,1000,real_gaussian_fixed_size_replacement,/home/jovyan/eeg-repro/high-gamma-data/data/processed/vae_repo_90_10_seed42/real_splits/S03_real_splits.npz,/home/jovyan/eeg-repro/high-gamma-data/data/generated/vae_repo_90_10_seed42/gaussian/gaussian_class_channel_time/S03_generator-seed1.npz,44.70714530721307,Fixed-size paired replacement; requested synthetic ratio=25%; real trials=194; synthetic trials=65; total trials=259; class counts and frozen label order preserved; replacement subsets nested across ratios; validation and test are real EEG,
success,gaussian_class_channel_time_fixed_size_ratios_90_10_seed42,gaussian_cct_replace_25pct_real,3,1,2,59,0.10344827586206895,0.15625,194,65,29,288,22,1000,real_gaussian_fixed_size_replacement,/home/jovyan/eeg-repro/high-gamma-data/data/processed/vae_repo_90_10_seed42/real_splits/S03_real_splits.npz,/home/jovyan/eeg-repro/high-gamma-data/data/generated/vae_repo_90_10_seed42/gaussian/gaussian_class_channel_time/S03_generator-seed1.npz,39.40199439227581,Fixed-size paired replacement; requested synthetic ratio=25%; real trials=194; synthetic trials=65; total trials=259; class counts and frozen label order preserved; replacement subsets nested across ratios; validation and test are real EEG,
success,gaussian_class_channel_time_fixed_size_ratios_90_10_seed42,gaussian_cct_replace_25pct_real,3,2,0,32,0.06896551724137934,0.17013888888888884,194,65,29,288,22,1000,real_gaussian_fixed_size_replacement,/home/jovyan/eeg-repro/high-gamma-data/data/processed/vae_repo_90_10_seed42/real_splits/S03_real_splits.npz,/home/jovyan/eeg-repro/high-gamma-data/data/generated/vae_repo_90_10_seed42/gaussian/gaussian_class_channel_time/S03_generator-seed2.npz,40.90880970284343,Fixed-size paired replacement; requested synthetic ratio=25%; real trials=194; synthetic trials=65; total trials=259; class counts and frozen label order preserved; replacement subsets nested across ratios; validation and test are real EEG,
success,gaussian_class_channel_time_fixed_size_ratios_90_10_seed42,gaussian_cct_replace_25pct_real,3,2,1,51,0.10344827586206895,0.18055555555555558,194,65,29,288,22,1000,real_gaussian_fixed_size_replacement,/home/jovyan/eeg-repro/high-gamma-data/data/processed/vae_repo_90_10_seed42/real_splits/S03_real_splits.npz,/home/jovyan/eeg-repro/high-gamma-data/data/generated/vae_repo_90_10_seed42/gaussian/gaussian_class_channel_time/S03_generator-seed2.npz,43.6022876650095,Fixed-size paired replacement; requested synthetic ratio=25%; real trials=194; synthetic trials=65; total trials=259; class counts and frozen label order preserved; replacement subsets nested across ratios; validation and test are real EEG,
success,gaussian_class_channel_time_fixed_size_ratios_90_10_seed42,gaussian_cct_replace_25pct_real,3,2,2,61,0.10344827586206895,0.17708333333333337,194,65,29,288,22,1000,real_gaussian_fixed_size_replacement,/home/jovyan/eeg-repro/high-gamma-data/data/processed/vae_repo_90_10_seed42/real_splits/S03_real_splits.npz,/home/jovyan/eeg-repro/high-gamma-data/data/generated/vae_repo_90_10_seed42/gaussian/gaussian_class_channel_time/S03_generator-seed2.npz,41.79830218479037,Fixed-size paired replacement; requested synthetic ratio=25%; real trials=194; synthetic trials=65; total trials=259; class counts and frozen label order preserved; replacement subsets nested across ratios; validation and test are real EEG,
success,gaussian_class_channel_time_fixed_size_ratios_90_10_seed42,gaussian_cct_replace_25pct_real,4,0,0,82,0.3448275862068966,0.4305555555555556,195,64,29,288,22,1000,real_gaussian_fixed_size_replacement,/home/jovyan/eeg-repro/high-gamma-data/data/processed/vae_repo_90_10_seed42/real_splits/S04_real_splits.npz,/home/jovyan/eeg-repro/high-gamma-data/data/generated/vae_repo_90_10_seed42/gaussian/gaussian_class_channel_time/S04_generator-seed0.npz,58.917772341519594,Fixed-size paired replacement; requested synthetic ratio=25%; real trials=195; synthetic trials=64; total trials=259; class counts and frozen label order preserved; replacement subsets nested across ratios; validation and test are real EEG,
success,gaussian_class_channel_time_fixed_size_ratios_90_10_seed42,gaussian_cct_replace_25pct_real,4,0,1,116,0.31034482758620685,0.4097222222222222,195,64,29,288,22,1000,real_gaussian_fixed_size_replacement,/home/jovyan/eeg-repro/high-gamma-data/data/processed/vae_repo_90_10_seed42/real_splits/S04_real_splits.npz,/home/jovyan/eeg-repro/high-gamma-data/data/generated/vae_repo_90_10_seed42/gaussian/gaussian_class_channel_time/S04_generator-seed0.npz,77.5095599219203,Fixed-size paired replacement; requested synthetic ratio=25%; real trials=195; synthetic trials=64; total trials=259; class counts and frozen label order preserved; replacement subsets nested across ratios; validation and test are real EEG,
success,gaussian_class_channel_time_fixed_size_ratios_90_10_seed42,gaussian_cct_replace_25pct_real,4,0,2,40,0.4137931034482759,0.4375,195,64,29,288,22,1000,real_gaussian_fixed_size_replacement,/home/jovyan/eeg-repro/high-gamma-data/data/processed/vae_repo_90_10_seed42/real_splits/S04_real_splits.npz,/home/jovyan/eeg-repro/high-gamma-data/data/generated/vae_repo_90_10_seed42/gaussian/gaussian_class_channel_time/S04_generator-seed0.npz,41.52577371895313,Fixed-size paired replacement; requested synthetic ratio=25%; real trials=195; synthetic trials=64; total trials=259; class counts and frozen label order preserved; replacement subsets nested across ratios; validation and test are real EEG,
success,gaussian_class_channel_time_fixed_size_ratios_90_10_seed42,gaussian_cct_replace_25pct_real,4,1,0,84,0.31034482758620685,0.4305555555555556,195,64,29,288,22,1000,real_gaussian_fixed_size_replacement,/home/jovyan/eeg-repro/high-gamma-data/data/processed/vae_repo_90_10_seed42/real_splits/S04_real_splits.npz,/home/jovyan/eeg-repro/high-gamma-data/data/generated/vae_repo_90_10_seed42/gaussian/gaussian_class_channel_time/S04_generator-seed1.npz,73.27885899320245,Fixed-size paired replacement; requested synthetic ratio=25%; real trials=195; synthetic trials=64; total trials=259; class counts and frozen label order preserved; replacement subsets nested across ratios; validation and test are real EEG,
success,gaussian_class_channel_time_fixed_size_ratios_90_10_seed42,gaussian_cct_replace_25pct_real,4,1,1,97,0.31034482758620685,0.4305555555555556,195,64,29,288,22,1000,real_gaussian_fixed_size_replacement,/home/jovyan/eeg-repro/high-gamma-data/data/processed/vae_repo_90_10_seed42/real_splits/S04_real_splits.npz,/home/jovyan/eeg-repro/high-gamma-data/data/generated/vae_repo_90_10_seed42/gaussian/gaussian_class_channel_time/S04_generator-seed1.npz,65.60573372244835,Fixed-size paired replacement; requested synthetic ratio=25%; real trials=195; synthetic trials=64; total trials=259; class counts and frozen label order preserved; replacement subsets nested across ratios; validation and test are real EEG,
success,gaussian_class_channel_time_fixed_size_ratios_90_10_seed42,gaussian_cct_replace_25pct_real,4,1,2,46,0.4482758620689655,0.45833333333333337,195,64,29,288,22,1000,real_gaussian_fixed_size_replacement,/home/jovyan/eeg-repro/high-gamma-data/data/processed/vae_repo_90_10_seed42/real_splits/S04_real_splits.npz,/home/jovyan/eeg-repro/high-gamma-data/data/generated/vae_repo_90_10_seed42/gaussian/gaussian_class_channel_time/S04_generator-seed1.npz,31.685317415744066,Fixed-size paired replacement; requested synthetic ratio=25%; real trials=195; synthetic trials=64; total trials=259; class counts and frozen label order preserved; replacement subsets nested across ratios; validation and test are real EEG,
success,gaussian_class_channel_time_fixed_size_ratios_90_10_seed42,gaussian_cct_replace_25pct_real,4,2,0,30,0.3448275862068966,0.4722222222222222,195,64,29,288,22,1000,real_gaussian_fixed_size_replacement,/home/jovyan/eeg-repro/high-gamma-data/data/processed/vae_repo_90_10_seed42/real_splits/S04_real_splits.npz,/home/jovyan/eeg-repro/high-gamma-data/data/generated/vae_repo_90_10_seed42/gaussian/gaussian_class_channel_time/S04_generator-seed2.npz,36.369984835386276,Fixed-size paired replacement; requested synthetic ratio=25%; real trials=195; synthetic trials=64; total trials=259; class counts and frozen label order preserved; replacement subsets nested across ratios; validation and test are real EEG,
success,gaussian_class_channel_time_fixed_size_ratios_90_10_seed42,gaussian_cct_replace_25pct_real,4,2,1,87,0.3793103448275862,0.4131944444444444,195,64,29,288,22,1000,real_gaussian_fixed_size_replacement,/home/jovyan/eeg-repro/high-gamma-data/data/processed/vae_repo_90_10_seed42/real_splits/S04_real_splits.npz,/home/jovyan/eeg-repro/high-gamma-data/data/generated/vae_repo_90_10_seed42/gaussian/gaussian_class_channel_time/S04_generator-seed2.npz,57.09921786561608,Fixed-size paired replacement; requested synthetic ratio=25%; real trials=195; synthetic trials=64; total trials=259; class counts and frozen label order preserved; replacement subsets nested across ratios; validation and test are real EEG,
success,gaussian_class_channel_time_fixed_size_ratios_90_10_seed42,gaussian_cct_replace_25pct_real,4,2,2,40,0.4137931034482759,0.44791666666666663,195,64,29,288,22,1000,real_gaussian_fixed_size_replacement,/home/jovyan/eeg-repro/high-gamma-data/data/processed/vae_repo_90_10_seed42/real_splits/S04_real_splits.npz,/home/jovyan/eeg-repro/high-gamma-data/data/generated/vae_repo_90_10_seed42/gaussian/gaussian_class_channel_time/S04_generator-seed2.npz,45.512185491621494,Fixed-size paired replacement; requested synthetic ratio=25%; real trials=195; synthetic trials=64; total trials=259; class counts and frozen label order preserved; replacement subsets nested across ratios; validation and test are real EEG,
success,gaussian_class_channel_time_fixed_size_ratios_90_10_seed42,gaussian_cct_replace_25pct_real,5,0,0,75,0.27586206896551724,0.5902777777777778,194,65,29,288,22,1000,real_gaussian_fixed_size_replacement,/home/jovyan/eeg-repro/high-gamma-data/data/processed/vae_repo_90_10_seed42/real_splits/S05_real_splits.npz,/home/jovyan/eeg-repro/high-gamma-data/data/generated/vae_repo_90_10_seed42/gaussian/gaussian_class_channel_time/S05_generator-seed0.npz,56.22949244081974,Fixed-size paired replacement; requested synthetic ratio=25%; real trials=194; synthetic trials=65; total trials=259; class counts and frozen label order preserved; replacement subsets nested across ratios; validation and test are real EEG,
success,gaussian_class_channel_time_fixed_size_ratios_90_10_seed42,gaussian_cct_replace_25pct_real,5,0,1,87,0.31034482758620685,0.6805555555555556,194,65,29,288,22,1000,real_gaussian_fixed_size_replacement,/home/jovyan/eeg-repro/high-gamma-data/data/processed/vae_repo_90_10_seed42/real_splits/S05_real_splits.npz,/home/jovyan/eeg-repro/high-gamma-data/data/generated/vae_repo_90_10_seed42/gaussian/gaussian_class_channel_time/S05_generator-seed0.npz,55.93150329962373,Fixed-size paired replacement; requested synthetic ratio=25%; real trials=194; synthetic trials=65; total trials=259; class counts and frozen label order preserved; replacement subsets nested across ratios; validation and test are real EEG,
success,gaussian_class_channel_time_fixed_size_ratios_90_10_seed42,gaussian_cct_replace_25pct_real,5,0,2,77,0.27586206896551724,0.6805555555555556,194,65,29,288,22,1000,real_gaussian_fixed_size_replacement,/home/jovyan/eeg-repro/high-gamma-data/data/processed/vae_repo_90_10_seed42/real_splits/S05_real_splits.npz,/home/jovyan/eeg-repro/high-gamma-data/data/generated/vae_repo_90_10_seed42/gaussian/gaussian_class_channel_time/S05_generator-seed0.npz,54.81178490072489,Fixed-size paired replacement; requested synthetic ratio=25%; real trials=194; synthetic trials=65; total trials=259; class counts and frozen label order preserved; replacement subsets nested across ratios; validation and test are real EEG,
success,gaussian_class_channel_time_fixed_size_ratios_90_10_seed42,gaussian_cct_replace_25pct_real,5,1,0,85,0.2068965517241379,0.75,194,65,29,288,22,1000,real_gaussian_fixed_size_replacement,/home/jovyan/eeg-repro/high-gamma-data/data/processed/vae_repo_90_10_seed42/real_splits/S05_real_splits.npz,/home/jovyan/eeg-repro/high-gamma-data/data/generated/vae_repo_90_10_seed42/gaussian/gaussian_class_channel_time/S05_generator-seed1.npz,70.21611326560378,Fixed-size paired replacement; requested synthetic ratio=25%; real trials=194; synthetic trials=65; total trials=259; class counts and frozen label order preserved; replacement subsets nested across ratios; validation and test are real EEG,
success,gaussian_class_channel_time_fixed_size_ratios_90_10_seed42,gaussian_cct_replace_25pct_real,5,1,1,110,0.24137931034482762,0.6770833333333333,194,65,29,288,22,1000,real_gaussian_fixed_size_replacement,/home/jovyan/eeg-repro/high-gamma-data/data/processed/vae_repo_90_10_seed42/real_splits/S05_real_splits.npz,/home/jovyan/eeg-repro/high-gamma-data/data/generated/vae_repo_90_10_seed42/gaussian/gaussian_class_channel_time/S05_generator-seed1.npz,77.50125730037689,Fixed-size paired replacement; requested synthetic ratio=25%; real trials=194; synthetic trials=65; total trials=259; class counts and frozen label order preserved; replacement subsets nested across ratios; validation and test are real EEG,
success,gaussian_class_channel_time_fixed_size_ratios_90_10_seed42,gaussian_cct_replace_25pct_real,5,1,2,83,0.24137931034482762,0.7152777777777778,194,65,29,288,22,1000,real_gaussian_fixed_size_replacement,/home/jovyan/eeg-repro/high-gamma-data/data/processed/vae_repo_90_10_seed42/real_splits/S05_real_splits.npz,/home/jovyan/eeg-repro/high-gamma-data/data/generated/vae_repo_90_10_seed42/gaussian/gaussian_class_channel_time/S05_generator-seed1.npz,60.08131368085742,Fixed-size paired replacement; requested synthetic ratio=25%; real trials=194; synthetic trials=65; total trials=259; class counts and frozen label order preserved; replacement subsets nested across ratios; validation and test are real EEG,
success,gaussian_class_channel_time_fixed_size_ratios_90_10_seed42,gaussian_cct_replace_25pct_real,5,2,0,74,0.31034482758620685,0.7291666666666667,194,65,29,288,22,1000,real_gaussian_fixed_size_replacement,/home/jovyan/eeg-repro/high-gamma-data/data/processed/vae_repo_90_10_seed42/real_splits/S05_real_splits.npz,/home/jovyan/eeg-repro/high-gamma-data/data/generated/vae_repo_90_10_seed42/gaussian/gaussian_class_channel_time/S05_generator-seed2.npz,50.339791622012854,Fixed-size paired replacement; requested synthetic ratio=25%; real trials=194; synthetic trials=65; total trials=259; class counts and frozen label order preserved; replacement subsets nested across ratios; validation and test are real EEG,
success,gaussian_class_channel_time_fixed_size_ratios_90_10_seed42,gaussian_cct_replace_25pct_real,5,2,1,56,0.31034482758620685,0.7152777777777778,194,65,29,288,22,1000,real_gaussian_fixed_size_replacement,/home/jovyan/eeg-repro/high-gamma-data/data/processed/vae_repo_90_10_seed42/real_splits/S05_real_splits.npz,/home/jovyan/eeg-repro/high-gamma-data/data/generated/vae_repo_90_10_seed42/gaussian/gaussian_class_channel_time/S05_generator-seed2.npz,50.4776596724987,Fixed-size paired replacement; requested synthetic ratio=25%; real trials=194; synthetic trials=65; total trials=259; class counts and frozen label order preserved; replacement subsets nested across ratios; validation and test are real EEG,
success,gaussian_class_channel_time_fixed_size_ratios_90_10_seed42,gaussian_cct_replace_25pct_real,5,2,2,67,0.27586206896551724,0.7048611111111112,194,65,29,288,22,1000,real_gaussian_fixed_size_replacement,/home/jovyan/eeg-repro/high-gamma-data/data/processed/vae_repo_90_10_seed42/real_splits/S05_real_splits.npz,/home/jovyan/eeg-repro/high-gamma-data/data/generated/vae_repo_90_10_seed42/gaussian/gaussian_class_channel_time/S05_generator-seed2.npz,43.80855605006218,Fixed-size paired replacement; requested synthetic ratio=25%; real trials=194; synthetic trials=65; total trials=259; class counts and frozen label order preserved; replacement subsets nested across ratios; validation and test are real EEG,
success,gaussian_class_channel_time_fixed_size_ratios_90_10_seed42,gaussian_cct_replace_25pct_real,6,0,0,16,0.4137931034482759,0.5902777777777778,195,64,29,288,22,1000,real_gaussian_fixed_size_replacement,/home/jovyan/eeg-repro/high-gamma-data/data/processed/vae_repo_90_10_seed42/real_splits/S06_real_splits.npz,/home/jovyan/eeg-repro/high-gamma-data/data/generated/vae_repo_90_10_seed42/gaussian/gaussian_class_channel_time/S06_generator-seed0.npz,29.045145329087973,Fixed-size paired replacement; requested synthetic ratio=25%; real trials=195; synthetic trials=64; total trials=259; class counts and frozen label order preserved; replacement subsets nested across ratios; validation and test are real EEG,
success,gaussian_class_channel_time_fixed_size_ratios_90_10_seed42,gaussian_cct_replace_25pct_real,6,0,1,15,0.48275862068965514,0.5972222222222222,195,64,29,288,22,1000,real_gaussian_fixed_size_replacement,/home/jovyan/eeg-repro/high-gamma-data/data/processed/vae_repo_90_10_seed42/real_splits/S06_real_splits.npz,/home/jovyan/eeg-repro/high-gamma-data/data/generated/vae_repo_90_10_seed42/gaussian/gaussian_class_channel_time/S06_generator-seed0.npz,29.403397526592016,Fixed-size paired replacement; requested synthetic ratio=25%; real trials=195; synthetic trials=64; total trials=259; class counts and frozen label order preserved; replacement subsets nested across ratios; validation and test are real EEG,
success,gaussian_class_channel_time_fixed_size_ratios_90_10_seed42,gaussian_cct_replace_25pct_real,6,0,2,69,0.4482758620689655,0.48263888888888884,195,64,29,288,22,1000,real_gaussian_fixed_size_replacement,/home/jovyan/eeg-repro/high-gamma-data/data/processed/vae_repo_90_10_seed42/real_splits/S06_real_splits.npz,/home/jovyan/eeg-repro/high-gamma-data/data/generated/vae_repo_90_10_seed42/gaussian/gaussian_class_channel_time/S06_generator-seed0.npz,45.406714878976345,Fixed-size paired replacement; requested synthetic ratio=25%; real trials=195; synthetic trials=64; total trials=259; class counts and frozen label order preserved; replacement subsets nested across ratios; validation and test are real EEG,
success,gaussian_class_channel_time_fixed_size_ratios_90_10_seed42,gaussian_cct_replace_25pct_real,6,1,0,40,0.48275862068965514,0.48958333333333337,195,64,29,288,22,1000,real_gaussian_fixed_size_replacement,/home/jovyan/eeg-repro/high-gamma-data/data/processed/vae_repo_90_10_seed42/real_splits/S06_real_splits.npz,/home/jovyan/eeg-repro/high-gamma-data/data/generated/vae_repo_90_10_seed42/gaussian/gaussian_class_channel_time/S06_generator-seed1.npz,26.659090969711542,Fixed-size paired replacement; requested synthetic ratio=25%; real trials=195; synthetic trials=64; total trials=259; class counts and frozen label order preserved; replacement subsets nested across ratios; validation and test are real EEG,
success,gaussian_class_channel_time_fixed_size_ratios_90_10_seed42,gaussian_cct_replace_25pct_real,6,1,1,63,0.4482758620689655,0.5381944444444444,195,64,29,288,22,1000,real_gaussian_fixed_size_replacement,/home/jovyan/eeg-repro/high-gamma-data/data/processed/vae_repo_90_10_seed42/real_splits/S06_real_splits.npz,/home/jovyan/eeg-repro/high-gamma-data/data/generated/vae_repo_90_10_seed42/gaussian/gaussian_class_channel_time/S06_generator-seed1.npz,47.14753891527653,Fixed-size paired replacement; requested synthetic ratio=25%; real trials=195; synthetic trials=64; total trials=259; class counts and frozen label order preserved; replacement subsets nested across ratios; validation and test are real EEG,
success,gaussian_class_channel_time_fixed_size_ratios_90_10_seed42,gaussian_cct_replace_25pct_real,6,1,2,36,0.48275862068965514,0.4965277777777778,195,64,29,288,22,1000,real_gaussian_fixed_size_replacement,/home/jovyan/eeg-repro/high-gamma-data/data/processed/vae_repo_90_10_seed42/real_splits/S06_real_splits.npz,/home/jovyan/eeg-repro/high-gamma-data/data/generated/vae_repo_90_10_seed42/gaussian/gaussian_class_channel_time/S06_generator-seed1.npz,24.825215306133032,Fixed-size paired replacement; requested synthetic ratio=25%; real trials=195; synthetic trials=64; total trials=259; class counts and frozen label order preserved; replacement subsets nested across ratios; validation and test are real EEG,
success,gaussian_class_channel_time_fixed_size_ratios_90_10_seed42,gaussian_cct_replace_25pct_real,6,2,0,16,0.4482758620689655,0.5555555555555556,195,64,29,288,22,1000,real_gaussian_fixed_size_replacement,/home/jovyan/eeg-repro/high-gamma-data/data/processed/vae_repo_90_10_seed42/real_splits/S06_real_splits.npz,/home/jovyan/eeg-repro/high-gamma-data/data/generated/vae_repo_90_10_seed42/gaussian/gaussian_class_channel_time/S06_generator-seed2.npz,30.304493188858032,Fixed-size paired replacement; requested synthetic ratio=25%; real trials=195; synthetic trials=64; total trials=259; class counts and frozen label order preserved; replacement subsets nested across ratios; validation and test are real EEG,
success,gaussian_class_channel_time_fixed_size_ratios_90_10_seed42,gaussian_cct_replace_25pct_real,6,2,1,44,0.48275862068965514,0.5277777777777778,195,64,29,288,22,1000,real_gaussian_fixed_size_replacement,/home/jovyan/eeg-repro/high-gamma-data/data/processed/vae_repo_90_10_seed42/real_splits/S06_real_splits.npz,/home/jovyan/eeg-repro/high-gamma-data/data/generated/vae_repo_90_10_seed42/gaussian/gaussian_class_channel_time/S06_generator-seed2.npz,28.71146371588111,Fixed-size paired replacement; requested synthetic ratio=25%; real trials=195; synthetic trials=64; total trials=259; class counts and frozen label order preserved; replacement subsets nested across ratios; validation and test are real EEG,
success,gaussian_class_channel_time_fixed_size_ratios_90_10_seed42,gaussian_cct_replace_25pct_real,6,2,2,63,0.48275862068965514,0.48263888888888884,195,64,29,288,22,1000,real_gaussian_fixed_size_replacement,/home/jovyan/eeg-repro/high-gamma-data/data/processed/vae_repo_90_10_seed42/real_splits/S06_real_splits.npz,/home/jovyan/eeg-repro/high-gamma-data/data/generated/vae_repo_90_10_seed42/gaussian/gaussian_class_channel_time/S06_generator-seed2.npz,42.4917532466352,Fixed-size paired replacement; requested synthetic ratio=25%; real trials=195; synthetic trials=64; total trials=259; class counts and frozen label order preserved; replacement subsets nested across ratios; validation and test are real EEG,
success,gaussian_class_channel_time_fixed_size_ratios_90_10_seed42,gaussian_cct_replace_25pct_real,7,0,0,78,0.06896551724137934,0.19791666666666663,194,65,29,288,22,1000,real_gaussian_fixed_size_replacement,/home/jovyan/eeg-repro/high-gamma-data/data/processed/vae_repo_90_10_seed42/real_splits/S07_real_splits.npz,/home/jovyan/eeg-repro/high-gamma-data/data/generated/vae_repo_90_10_seed42/gaussian/gaussian_class_channel_time/S07_generator-seed0.npz,51.21277964860201,Fixed-size paired replacement; requested synthetic ratio=25%; real trials=194; synthetic trials=65; total trials=259; class counts and frozen label order preserved; replacement subsets nested across ratios; validation and test are real EEG,
success,gaussian_class_channel_time_fixed_size_ratios_90_10_seed42,gaussian_cct_replace_25pct_real,7,0,1,77,0.10344827586206895,0.29513888888888884,194,65,29,288,22,1000,real_gaussian_fixed_size_replacement,/home/jovyan/eeg-repro/high-gamma-data/data/processed/vae_repo_90_10_seed42/real_splits/S07_real_splits.npz,/home/jovyan/eeg-repro/high-gamma-data/data/generated/vae_repo_90_10_seed42/gaussian/gaussian_class_channel_time/S07_generator-seed0.npz,52.24429206177592,Fixed-size paired replacement; requested synthetic ratio=25%; real trials=194; synthetic trials=65; total trials=259; class counts and frozen label order preserved; replacement subsets nested across ratios; validation and test are real EEG,
success,gaussian_class_channel_time_fixed_size_ratios_90_10_seed42,gaussian_cct_replace_25pct_real,7,0,2,116,0.06896551724137934,0.1875,194,65,29,288,22,1000,real_gaussian_fixed_size_replacement,/home/jovyan/eeg-repro/high-gamma-data/data/processed/vae_repo_90_10_seed42/real_splits/S07_real_splits.npz,/home/jovyan/eeg-repro/high-gamma-data/data/generated/vae_repo_90_10_seed42/gaussian/gaussian_class_channel_time/S07_generator-seed0.npz,79.11784078925848,Fixed-size paired replacement; requested synthetic ratio=25%; real trials=194; synthetic trials=65; total trials=259; class counts and frozen label order preserved; replacement subsets nested across ratios; validation and test are real EEG,
success,gaussian_class_channel_time_fixed_size_ratios_90_10_seed42,gaussian_cct_replace_25pct_real,7,1,0,89,0.03448275862068961,0.20138888888888884,194,65,29,288,22,1000,real_gaussian_fixed_size_replacement,/home/jovyan/eeg-repro/high-gamma-data/data/processed/vae_repo_90_10_seed42/real_splits/S07_real_splits.npz,/home/jovyan/eeg-repro/high-gamma-data/data/generated/vae_repo_90_10_seed42/gaussian/gaussian_class_channel_time/S07_generator-seed1.npz,62.597177390009165,Fixed-size paired replacement; requested synthetic ratio=25%; real trials=194; synthetic trials=65; total trials=259; class counts and frozen label order preserved; replacement subsets nested across ratios; validation and test are real EEG,
success,gaussian_class_channel_time_fixed_size_ratios_90_10_seed42,gaussian_cct_replace_25pct_real,7,1,1,85,0.06896551724137934,0.20486111111111116,194,65,29,288,22,1000,real_gaussian_fixed_size_replacement,/home/jovyan/eeg-repro/high-gamma-data/data/processed/vae_repo_90_10_seed42/real_splits/S07_real_splits.npz,/home/jovyan/eeg-repro/high-gamma-data/data/generated/vae_repo_90_10_seed42/gaussian/gaussian_class_channel_time/S07_generator-seed1.npz,57.507334027439356,Fixed-size paired replacement; requested synthetic ratio=25%; real trials=194; synthetic trials=65; total trials=259; class counts and frozen label order preserved; replacement subsets nested across ratios; validation and test are real EEG,
success,gaussian_class_channel_time_fixed_size_ratios_90_10_seed42,gaussian_cct_replace_25pct_real,7,1,2,87,0.13793103448275867,0.24305555555555558,194,65,29,288,22,1000,real_gaussian_fixed_size_replacement,/home/jovyan/eeg-repro/high-gamma-data/data/processed/vae_repo_90_10_seed42/real_splits/S07_real_splits.npz,/home/jovyan/eeg-repro/high-gamma-data/data/generated/vae_repo_90_10_seed42/gaussian/gaussian_class_channel_time/S07_generator-seed1.npz,59.704887703061104,Fixed-size paired replacement; requested synthetic ratio=25%; real trials=194; synthetic trials=65; total trials=259; class counts and frozen label order preserved; replacement subsets nested across ratios; validation and test are real EEG,
success,gaussian_class_channel_time_fixed_size_ratios_90_10_seed42,gaussian_cct_replace_25pct_real,7,2,0,99,0.03448275862068961,0.16666666666666663,194,65,29,288,22,1000,real_gaussian_fixed_size_replacement,/home/jovyan/eeg-repro/high-gamma-data/data/processed/vae_repo_90_10_seed42/real_splits/S07_real_splits.npz,/home/jovyan/eeg-repro/high-gamma-data/data/generated/vae_repo_90_10_seed42/gaussian/gaussian_class_channel_time/S07_generator-seed2.npz,67.09431751072407,Fixed-size paired replacement; requested synthetic ratio=25%; real trials=194; synthetic trials=65; total trials=259; class counts and frozen label order preserved; replacement subsets nested across ratios; validation and test are real EEG,
success,gaussian_class_channel_time_fixed_size_ratios_90_10_seed42,gaussian_cct_replace_25pct_real,7,2,1,101,0.03448275862068961,0.20138888888888884,194,65,29,288,22,1000,real_gaussian_fixed_size_replacement,/home/jovyan/eeg-repro/high-gamma-data/data/processed/vae_repo_90_10_seed42/real_splits/S07_real_splits.npz,/home/jovyan/eeg-repro/high-gamma-data/data/generated/vae_repo_90_10_seed42/gaussian/gaussian_class_channel_time/S07_generator-seed2.npz,64.60475750640035,Fixed-size paired replacement; requested synthetic ratio=25%; real trials=194; synthetic trials=65; total trials=259; class counts and frozen label order preserved; replacement subsets nested across ratios; validation and test are real EEG,
success,gaussian_class_channel_time_fixed_size_ratios_90_10_seed42,gaussian_cct_replace_25pct_real,7,2,2,118,0.06896551724137934,0.25,194,65,29,288,22,1000,real_gaussian_fixed_size_replacement,/home/jovyan/eeg-repro/high-gamma-data/data/processed/vae_repo_90_10_seed42/real_splits/S07_real_splits.npz,/home/jovyan/eeg-repro/high-gamma-data/data/generated/vae_repo_90_10_seed42/gaussian/gaussian_class_channel_time/S07_generator-seed2.npz,77.03031724318862,Fixed-size paired replacement; requested synthetic ratio=25%; real trials=194; synthetic trials=65; total trials=259; class counts and frozen label order preserved; replacement subsets nested across ratios; validation and test are real EEG,
success,gaussian_class_channel_time_fixed_size_ratios_90_10_seed42,gaussian_cct_replace_25pct_real,8,0,0,49,0.24137931034482762,0.26041666666666663,194,65,29,288,22,1000,real_gaussian_fixed_size_replacement,/home/jovyan/eeg-repro/high-gamma-data/data/processed/vae_repo_90_10_seed42/real_splits/S08_real_splits.npz,/home/jovyan/eeg-repro/high-gamma-data/data/generated/vae_repo_90_10_seed42/gaussian/gaussian_class_channel_time/S08_generator-seed0.npz,35.991420704871416,Fixed-size paired replacement; requested synthetic ratio=25%; real trials=194; synthetic trials=65; total trials=259; class counts and frozen label order preserved; replacement subsets nested across ratios; validation and test are real EEG,
success,gaussian_class_channel_time_fixed_size_ratios_90_10_seed42,gaussian_cct_replace_25pct_real,8,0,1,71,0.1724137931034483,0.2222222222222222,194,65,29,288,22,1000,real_gaussian_fixed_size_replacement,/home/jovyan/eeg-repro/high-gamma-data/data/processed/vae_repo_90_10_seed42/real_splits/S08_real_splits.npz,/home/jovyan/eeg-repro/high-gamma-data/data/generated/vae_repo_90_10_seed42/gaussian/gaussian_class_channel_time/S08_generator-seed0.npz,50.09146640449762,Fixed-size paired replacement; requested synthetic ratio=25%; real trials=194; synthetic trials=65; total trials=259; class counts and frozen label order preserved; replacement subsets nested across ratios; validation and test are real EEG,
success,gaussian_class_channel_time_fixed_size_ratios_90_10_seed42,gaussian_cct_replace_25pct_real,8,0,2,87,0.2068965517241379,0.25,194,65,29,288,22,1000,real_gaussian_fixed_size_replacement,/home/jovyan/eeg-repro/high-gamma-data/data/processed/vae_repo_90_10_seed42/real_splits/S08_real_splits.npz,/home/jovyan/eeg-repro/high-gamma-data/data/generated/vae_repo_90_10_seed42/gaussian/gaussian_class_channel_time/S08_generator-seed0.npz,58.949229929596186,Fixed-size paired replacement; requested synthetic ratio=25%; real trials=194; synthetic trials=65; total trials=259; class counts and frozen label order preserved; replacement subsets nested across ratios; validation and test are real EEG,
success,gaussian_class_channel_time_fixed_size_ratios_90_10_seed42,gaussian_cct_replace_25pct_real,8,1,0,84,0.13793103448275867,0.23958333333333337,194,65,29,288,22,1000,real_gaussian_fixed_size_replacement,/home/jovyan/eeg-repro/high-gamma-data/data/processed/vae_repo_90_10_seed42/real_splits/S08_real_splits.npz,/home/jovyan/eeg-repro/high-gamma-data/data/generated/vae_repo_90_10_seed42/gaussian/gaussian_class_channel_time/S08_generator-seed1.npz,56.8709813952446,Fixed-size paired replacement; requested synthetic ratio=25%; real trials=194; synthetic trials=65; total trials=259; class counts and frozen label order preserved; replacement subsets nested across ratios; validation and test are real EEG,
success,gaussian_class_channel_time_fixed_size_ratios_90_10_seed42,gaussian_cct_replace_25pct_real,8,1,1,61,0.24137931034482762,0.26736111111111116,194,65,29,288,22,1000,real_gaussian_fixed_size_replacement,/home/jovyan/eeg-repro/high-gamma-data/data/processed/vae_repo_90_10_seed42/real_splits/S08_real_splits.npz,/home/jovyan/eeg-repro/high-gamma-data/data/generated/vae_repo_90_10_seed42/gaussian/gaussian_class_channel_time/S08_generator-seed1.npz,39.239796973764896,Fixed-size paired replacement; requested synthetic ratio=25%; real trials=194; synthetic trials=65; total trials=259; class counts and frozen label order preserved; replacement subsets nested across ratios; validation and test are real EEG,
success,gaussian_class_channel_time_fixed_size_ratios_90_10_seed42,gaussian_cct_replace_25pct_real,8,1,2,69,0.13793103448275867,0.2881944444444444,194,65,29,288,22,1000,real_gaussian_fixed_size_replacement,/home/jovyan/eeg-repro/high-gamma-data/data/processed/vae_repo_90_10_seed42/real_splits/S08_real_splits.npz,/home/jovyan/eeg-repro/high-gamma-data/data/generated/vae_repo_90_10_seed42/gaussian/gaussian_class_channel_time/S08_generator-seed1.npz,63.84735967218876,Fixed-size paired replacement; requested synthetic ratio=25%; real trials=194; synthetic trials=65; total trials=259; class counts and frozen label order preserved; replacement subsets nested across ratios; validation and test are real EEG,
success,gaussian_class_channel_time_fixed_size_ratios_90_10_seed42,gaussian_cct_replace_25pct_real,8,2,0,58,0.13793103448275867,0.23611111111111116,194,65,29,288,22,1000,real_gaussian_fixed_size_replacement,/home/jovyan/eeg-repro/high-gamma-data/data/processed/vae_repo_90_10_seed42/real_splits/S08_real_splits.npz,/home/jovyan/eeg-repro/high-gamma-data/data/generated/vae_repo_90_10_seed42/gaussian/gaussian_class_channel_time/S08_generator-seed2.npz,57.38608967512846,Fixed-size paired replacement; requested synthetic ratio=25%; real trials=194; synthetic trials=65; total trials=259; class counts and frozen label order preserved; replacement subsets nested across ratios; validation and test are real EEG,
success,gaussian_class_channel_time_fixed_size_ratios_90_10_seed42,gaussian_cct_replace_25pct_real,8,2,1,52,0.24137931034482762,0.2222222222222222,194,65,29,288,22,1000,real_gaussian_fixed_size_replacement,/home/jovyan/eeg-repro/high-gamma-data/data/processed/vae_repo_90_10_seed42/real_splits/S08_real_splits.npz,/home/jovyan/eeg-repro/high-gamma-data/data/generated/vae_repo_90_10_seed42/gaussian/gaussian_class_channel_time/S08_generator-seed2.npz,35.880159344524145,Fixed-size paired replacement; requested synthetic ratio=25%; real trials=194; synthetic trials=65; total trials=259; class counts and frozen label order preserved; replacement subsets nested across ratios; validation and test are real EEG,
success,gaussian_class_channel_time_fixed_size_ratios_90_10_seed42,gaussian_cct_replace_25pct_real,8,2,2,79,0.2068965517241379,0.2777777777777778,194,65,29,288,22,1000,real_gaussian_fixed_size_replacement,/home/jovyan/eeg-repro/high-gamma-data/data/processed/vae_repo_90_10_seed42/real_splits/S08_real_splits.npz,/home/jovyan/eeg-repro/high-gamma-data/data/generated/vae_repo_90_10_seed42/gaussian/gaussian_class_channel_time/S08_generator-seed2.npz,56.81093500927091,Fixed-size paired replacement; requested synthetic ratio=25%; real trials=194; synthetic trials=65; total trials=259; class counts and frozen label order preserved; replacement subsets nested across ratios; validation and test are real EEG,
success,gaussian_class_channel_time_fixed_size_ratios_90_10_seed42,gaussian_cct_replace_25pct_real,9,0,0,64,0.10344827586206895,0.3159722222222222,195,64,29,288,22,1000,real_gaussian_fixed_size_replacement,/home/jovyan/eeg-repro/high-gamma-data/data/processed/vae_repo_90_10_seed42/real_splits/S09_real_splits.npz,/home/jovyan/eeg-repro/high-gamma-data/data/generated/vae_repo_90_10_seed42/gaussian/gaussian_class_channel_time/S09_generator-seed0.npz,43.845801305025816,Fixed-size paired replacement; requested synthetic ratio=25%; real trials=195; synthetic trials=64; total trials=259; class counts and frozen label order preserved; replacement subsets nested across ratios; validation and test are real EEG,
success,gaussian_class_channel_time_fixed_size_ratios_90_10_seed42,gaussian_cct_replace_25pct_real,9,0,1,71,0.10344827586206895,0.29166666666666663,195,64,29,288,22,1000,real_gaussian_fixed_size_replacement,/home/jovyan/eeg-repro/high-gamma-data/data/processed/vae_repo_90_10_seed42/real_splits/S09_real_splits.npz,/home/jovyan/eeg-repro/high-gamma-data/data/generated/vae_repo_90_10_seed42/gaussian/gaussian_class_channel_time/S09_generator-seed0.npz,66.08588623255491,Fixed-size paired replacement; requested synthetic ratio=25%; real trials=195; synthetic trials=64; total trials=259; class counts and frozen label order preserved; replacement subsets nested across ratios; validation and test are real EEG,
success,gaussian_class_channel_time_fixed_size_ratios_90_10_seed42,gaussian_cct_replace_25pct_real,9,0,2,56,0.10344827586206895,0.32291666666666663,195,64,29,288,22,1000,real_gaussian_fixed_size_replacement,/home/jovyan/eeg-repro/high-gamma-data/data/processed/vae_repo_90_10_seed42/real_splits/S09_real_splits.npz,/home/jovyan/eeg-repro/high-gamma-data/data/generated/vae_repo_90_10_seed42/gaussian/gaussian_class_channel_time/S09_generator-seed0.npz,42.6162312887609,Fixed-size paired replacement; requested synthetic ratio=25%; real trials=195; synthetic trials=64; total trials=259; class counts and frozen label order preserved; replacement subsets nested across ratios; validation and test are real EEG,
success,gaussian_class_channel_time_fixed_size_ratios_90_10_seed42,gaussian_cct_replace_25pct_real,9,1,0,84,0.10344827586206895,0.2847222222222222,195,64,29,288,22,1000,real_gaussian_fixed_size_replacement,/home/jovyan/eeg-repro/high-gamma-data/data/processed/vae_repo_90_10_seed42/real_splits/S09_real_splits.npz,/home/jovyan/eeg-repro/high-gamma-data/data/generated/vae_repo_90_10_seed42/gaussian/gaussian_class_channel_time/S09_generator-seed1.npz,58.78763486072421,Fixed-size paired replacement; requested synthetic ratio=25%; real trials=195; synthetic trials=64; total trials=259; class counts and frozen label order preserved; replacement subsets nested across ratios; validation and test are real EEG,
success,gaussian_class_channel_time_fixed_size_ratios_90_10_seed42,gaussian_cct_replace_25pct_real,9,1,1,83,0.10344827586206895,0.29513888888888884,195,64,29,288,22,1000,real_gaussian_fixed_size_replacement,/home/jovyan/eeg-repro/high-gamma-data/data/processed/vae_repo_90_10_seed42/real_splits/S09_real_splits.npz,/home/jovyan/eeg-repro/high-gamma-data/data/generated/vae_repo_90_10_seed42/gaussian/gaussian_class_channel_time/S09_generator-seed1.npz,65.96755688637495,Fixed-size paired replacement; requested synthetic ratio=25%; real trials=195; synthetic trials=64; total trials=259; class counts and frozen label order preserved; replacement subsets nested across ratios; validation and test are real EEG,
success,gaussian_class_channel_time_fixed_size_ratios_90_10_seed42,gaussian_cct_replace_25pct_real,9,1,2,54,0.1724137931034483,0.30208333333333337,195,64,29,288,22,1000,real_gaussian_fixed_size_replacement,/home/jovyan/eeg-repro/high-gamma-data/data/processed/vae_repo_90_10_seed42/real_splits/S09_real_splits.npz,/home/jovyan/eeg-repro/high-gamma-data/data/generated/vae_repo_90_10_seed42/gaussian/gaussian_class_channel_time/S09_generator-seed1.npz,37.703184738755226,Fixed-size paired replacement; requested synthetic ratio=25%; real trials=195; synthetic trials=64; total trials=259; class counts and frozen label order preserved; replacement subsets nested across ratios; validation and test are real EEG,
success,gaussian_class_channel_time_fixed_size_ratios_90_10_seed42,gaussian_cct_replace_25pct_real,9,2,0,65,0.10344827586206895,0.2777777777777778,195,64,29,288,22,1000,real_gaussian_fixed_size_replacement,/home/jovyan/eeg-repro/high-gamma-data/data/processed/vae_repo_90_10_seed42/real_splits/S09_real_splits.npz,/home/jovyan/eeg-repro/high-gamma-data/data/generated/vae_repo_90_10_seed42/gaussian/gaussian_class_channel_time/S09_generator-seed2.npz,41.66628586873412,Fixed-size paired replacement; requested synthetic ratio=25%; real trials=195; synthetic trials=64; total trials=259; class counts and frozen label order preserved; replacement subsets nested across ratios; validation and test are real EEG,
success,gaussian_class_channel_time_fixed_size_ratios_90_10_seed42,gaussian_cct_replace_25pct_real,9,2,1,53,0.13793103448275867,0.30208333333333337,195,64,29,288,22,1000,real_gaussian_fixed_size_replacement,/home/jovyan/eeg-repro/high-gamma-data/data/processed/vae_repo_90_10_seed42/real_splits/S09_real_splits.npz,/home/jovyan/eeg-repro/high-gamma-data/data/generated/vae_repo_90_10_seed42/gaussian/gaussian_class_channel_time/S09_generator-seed2.npz,41.871381647884846,Fixed-size paired replacement; requested synthetic ratio=25%; real trials=195; synthetic trials=64; total trials=259; class counts and frozen label order preserved; replacement subsets nested across ratios; validation and test are real EEG,
success,gaussian_class_channel_time_fixed_size_ratios_90_10_seed42,gaussian_cct_replace_25pct_real,9,2,2,41,0.10344827586206895,0.3125,195,64,29,288,22,1000,real_gaussian_fixed_size_replacement,/home/jovyan/eeg-repro/high-gamma-data/data/processed/vae_repo_90_10_seed42/real_splits/S09_real_splits.npz,/home/jovyan/eeg-repro/high-gamma-data/data/generated/vae_repo_90_10_seed42/gaussian/gaussian_class_channel_time/S09_generator-seed2.npz,44.213368982076645,Fixed-size paired replacement; requested synthetic ratio=25%; real trials=195; synthetic trials=64; total trials=259; class counts and frozen label order preserved; replacement subsets nested across ratios; validation and test are real EEG,
success,gaussian_class_channel_time_fixed_size_ratios_90_10_seed42,gaussian_cct_replace_50pct_real,1,0,0,37,0.24137931034482762,0.34375,130,129,29,288,22,1000,real_gaussian_fixed_size_replacement,/home/jovyan/eeg-repro/high-gamma-data/data/processed/vae_repo_90_10_seed42/real_splits/S01_real_splits.npz,/home/jovyan/eeg-repro/high-gamma-data/data/generated/vae_repo_90_10_seed42/gaussian/gaussian_class_channel_time/S01_generator-seed0.npz,42.3553475625813,Fixed-size paired replacement; requested synthetic ratio=50%; real trials=130; synthetic trials=129; total trials=259; class counts and frozen label order preserved; replacement subsets nested across ratios; validation and test are real EEG,
success,gaussian_class_channel_time_fixed_size_ratios_90_10_seed42,gaussian_cct_replace_50pct_real,1,0,1,25,0.24137931034482762,0.3402777777777778,130,129,29,288,22,1000,real_gaussian_fixed_size_replacement,/home/jovyan/eeg-repro/high-gamma-data/data/processed/vae_repo_90_10_seed42/real_splits/S01_real_splits.npz,/home/jovyan/eeg-repro/high-gamma-data/data/generated/vae_repo_90_10_seed42/gaussian/gaussian_class_channel_time/S01_generator-seed0.npz,35.988415375351906,Fixed-size paired replacement; requested synthetic ratio=50%; real trials=130; synthetic trials=129; total trials=259; class counts and frozen label order preserved; replacement subsets nested across ratios; validation and test are real EEG,
success,gaussian_class_channel_time_fixed_size_ratios_90_10_seed42,gaussian_cct_replace_50pct_real,1,0,2,52,0.27586206896551724,0.30208333333333337,130,129,29,288,22,1000,real_gaussian_fixed_size_replacement,/home/jovyan/eeg-repro/high-gamma-data/data/processed/vae_repo_90_10_seed42/real_splits/S01_real_splits.npz,/home/jovyan/eeg-repro/high-gamma-data/data/generated/vae_repo_90_10_seed42/gaussian/gaussian_class_channel_time/S01_generator-seed0.npz,42.020023956894875,Fixed-size paired replacement; requested synthetic ratio=50%; real trials=130; synthetic trials=129; total trials=259; class counts and frozen label order preserved; replacement subsets nested across ratios; validation and test are real EEG,
success,gaussian_class_channel_time_fixed_size_ratios_90_10_seed42,gaussian_cct_replace_50pct_real,1,1,0,42,0.24137931034482762,0.32291666666666663,130,129,29,288,22,1000,real_gaussian_fixed_size_replacement,/home/jovyan/eeg-repro/high-gamma-data/data/processed/vae_repo_90_10_seed42/real_splits/S01_real_splits.npz,/home/jovyan/eeg-repro/high-gamma-data/data/generated/vae_repo_90_10_seed42/gaussian/gaussian_class_channel_time/S01_generator-seed1.npz,30.646838758140802,Fixed-size paired replacement; requested synthetic ratio=50%; real trials=130; synthetic trials=129; total trials=259; class counts and frozen label order preserved; replacement subsets nested across ratios; validation and test are real EEG,
success,gaussian_class_channel_time_fixed_size_ratios_90_10_seed42,gaussian_cct_replace_50pct_real,1,1,1,50,0.3448275862068966,0.3402777777777778,130,129,29,288,22,1000,real_gaussian_fixed_size_replacement,/home/jovyan/eeg-repro/high-gamma-data/data/processed/vae_repo_90_10_seed42/real_splits/S01_real_splits.npz,/home/jovyan/eeg-repro/high-gamma-data/data/generated/vae_repo_90_10_seed42/gaussian/gaussian_class_channel_time/S01_generator-seed1.npz,35.78625290840864,Fixed-size paired replacement; requested synthetic ratio=50%; real trials=130; synthetic trials=129; total trials=259; class counts and frozen label order preserved; replacement subsets nested across ratios; validation and test are real EEG,
success,gaussian_class_channel_time_fixed_size_ratios_90_10_seed42,gaussian_cct_replace_50pct_real,1,1,2,36,0.3448275862068966,0.3472222222222222,130,129,29,288,22,1000,real_gaussian_fixed_size_replacement,/home/jovyan/eeg-repro/high-gamma-data/data/processed/vae_repo_90_10_seed42/real_splits/S01_real_splits.npz,/home/jovyan/eeg-repro/high-gamma-data/data/generated/vae_repo_90_10_seed42/gaussian/gaussian_class_channel_time/S01_generator-seed1.npz,34.55143824219704,Fixed-size paired replacement; requested synthetic ratio=50%; real trials=130; synthetic trials=129; total trials=259; class counts and frozen label order preserved; replacement subsets nested across ratios; validation and test are real EEG,
success,gaussian_class_channel_time_fixed_size_ratios_90_10_seed42,gaussian_cct_replace_50pct_real,1,2,0,48,0.24137931034482762,0.32638888888888884,130,129,29,288,22,1000,real_gaussian_fixed_size_replacement,/home/jovyan/eeg-repro/high-gamma-data/data/processed/vae_repo_90_10_seed42/real_splits/S01_real_splits.npz,/home/jovyan/eeg-repro/high-gamma-data/data/generated/vae_repo_90_10_seed42/gaussian/gaussian_class_channel_time/S01_generator-seed2.npz,51.67501964047551,Fixed-size paired replacement; requested synthetic ratio=50%; real trials=130; synthetic trials=129; total trials=259; class counts and frozen label order preserved; replacement subsets nested across ratios; validation and test are real EEG,
success,gaussian_class_channel_time_fixed_size_ratios_90_10_seed42,gaussian_cct_replace_50pct_real,1,2,1,56,0.27586206896551724,0.3194444444444444,130,129,29,288,22,1000,real_gaussian_fixed_size_replacement,/home/jovyan/eeg-repro/high-gamma-data/data/processed/vae_repo_90_10_seed42/real_splits/S01_real_splits.npz,/home/jovyan/eeg-repro/high-gamma-data/data/generated/vae_repo_90_10_seed42/gaussian/gaussian_class_channel_time/S01_generator-seed2.npz,52.30308298021555,Fixed-size paired replacement; requested synthetic ratio=50%; real trials=130; synthetic trials=129; total trials=259; class counts and frozen label order preserved; replacement subsets nested across ratios; validation and test are real EEG,
success,gaussian_class_channel_time_fixed_size_ratios_90_10_seed42,gaussian_cct_replace_50pct_real,1,2,2,85,0.31034482758620685,0.32291666666666663,130,129,29,288,22,1000,real_gaussian_fixed_size_replacement,/home/jovyan/eeg-repro/high-gamma-data/data/processed/vae_repo_90_10_seed42/real_splits/S01_real_splits.npz,/home/jovyan/eeg-repro/high-gamma-data/data/generated/vae_repo_90_10_seed42/gaussian/gaussian_class_channel_time/S01_generator-seed2.npz,55.845619674772024,Fixed-size paired replacement; requested synthetic ratio=50%; real trials=130; synthetic trials=129; total trials=259; class counts and frozen label order preserved; replacement subsets nested across ratios; validation and test are real EEG,
success,gaussian_class_channel_time_fixed_size_ratios_90_10_seed42,gaussian_cct_replace_50pct_real,2,0,0,47,0.3448275862068966,0.5763888888888888,128,131,29,288,22,1000,real_gaussian_fixed_size_replacement,/home/jovyan/eeg-repro/high-gamma-data/data/processed/vae_repo_90_10_seed42/real_splits/S02_real_splits.npz,/home/jovyan/eeg-repro/high-gamma-data/data/generated/vae_repo_90_10_seed42/gaussian/gaussian_class_channel_time/S02_generator-seed0.npz,49.618233885616064,Fixed-size paired replacement; requested synthetic ratio=50%; real trials=128; synthetic trials=131; total trials=259; class counts and frozen label order preserved; replacement subsets nested across ratios; validation and test are real EEG,
success,gaussian_class_channel_time_fixed_size_ratios_90_10_seed42,gaussian_cct_replace_50pct_real,2,0,1,65,0.4137931034482759,0.5138888888888888,128,131,29,288,22,1000,real_gaussian_fixed_size_replacement,/home/jovyan/eeg-repro/high-gamma-data/data/processed/vae_repo_90_10_seed42/real_splits/S02_real_splits.npz,/home/jovyan/eeg-repro/high-gamma-data/data/generated/vae_repo_90_10_seed42/gaussian/gaussian_class_channel_time/S02_generator-seed0.npz,44.49458397179842,Fixed-size paired replacement; requested synthetic ratio=50%; real trials=128; synthetic trials=131; total trials=259; class counts and frozen label order preserved; replacement subsets nested across ratios; validation and test are real EEG,
success,gaussian_class_channel_time_fixed_size_ratios_90_10_seed42,gaussian_cct_replace_50pct_real,2,0,2,55,0.27586206896551724,0.5902777777777778,128,131,29,288,22,1000,real_gaussian_fixed_size_replacement,/home/jovyan/eeg-repro/high-gamma-data/data/processed/vae_repo_90_10_seed42/real_splits/S02_real_splits.npz,/home/jovyan/eeg-repro/high-gamma-data/data/generated/vae_repo_90_10_seed42/gaussian/gaussian_class_channel_time/S02_generator-seed0.npz,56.31787737831473,Fixed-size paired replacement; requested synthetic ratio=50%; real trials=128; synthetic trials=131; total trials=259; class counts and frozen label order preserved; replacement subsets nested across ratios; validation and test are real EEG,
success,gaussian_class_channel_time_fixed_size_ratios_90_10_seed42,gaussian_cct_replace_50pct_real,2,1,0,66,0.3793103448275862,0.6388888888888888,128,131,29,288,22,1000,real_gaussian_fixed_size_replacement,/home/jovyan/eeg-repro/high-gamma-data/data/processed/vae_repo_90_10_seed42/real_splits/S02_real_splits.npz,/home/jovyan/eeg-repro/high-gamma-data/data/generated/vae_repo_90_10_seed42/gaussian/gaussian_class_channel_time/S02_generator-seed1.npz,44.06501101702452,Fixed-size paired replacement; requested synthetic ratio=50%; real trials=128; synthetic trials=131; total trials=259; class counts and frozen label order preserved; replacement subsets nested across ratios; validation and test are real EEG,
success,gaussian_class_channel_time_fixed_size_ratios_90_10_seed42,gaussian_cct_replace_50pct_real,2,1,1,36,0.4482758620689655,0.6006944444444444,128,131,29,288,22,1000,real_gaussian_fixed_size_replacement,/home/jovyan/eeg-repro/high-gamma-data/data/processed/vae_repo_90_10_seed42/real_splits/S02_real_splits.npz,/home/jovyan/eeg-repro/high-gamma-data/data/generated/vae_repo_90_10_seed42/gaussian/gaussian_class_channel_time/S02_generator-seed1.npz,24.16387226432562,Fixed-size paired replacement; requested synthetic ratio=50%; real trials=128; synthetic trials=131; total trials=259; class counts and frozen label order preserved; replacement subsets nested across ratios; validation and test are real EEG,
success,gaussian_class_channel_time_fixed_size_ratios_90_10_seed42,gaussian_cct_replace_50pct_real,2,1,2,40,0.4137931034482759,0.6145833333333333,128,131,29,288,22,1000,real_gaussian_fixed_size_replacement,/home/jovyan/eeg-repro/high-gamma-data/data/processed/vae_repo_90_10_seed42/real_splits/S02_real_splits.npz,/home/jovyan/eeg-repro/high-gamma-data/data/generated/vae_repo_90_10_seed42/gaussian/gaussian_class_channel_time/S02_generator-seed1.npz,40.84358626976609,Fixed-size paired replacement; requested synthetic ratio=50%; real trials=128; synthetic trials=131; total trials=259; class counts and frozen label order preserved; replacement subsets nested across ratios; validation and test are real EEG,
success,gaussian_class_channel_time_fixed_size_ratios_90_10_seed42,gaussian_cct_replace_50pct_real,2,2,0,47,0.4482758620689655,0.5902777777777778,128,131,29,288,22,1000,real_gaussian_fixed_size_replacement,/home/jovyan/eeg-repro/high-gamma-data/data/processed/vae_repo_90_10_seed42/real_splits/S02_real_splits.npz,/home/jovyan/eeg-repro/high-gamma-data/data/generated/vae_repo_90_10_seed42/gaussian/gaussian_class_channel_time/S02_generator-seed2.npz,32.272392231971025,Fixed-size paired replacement; requested synthetic ratio=50%; real trials=128; synthetic trials=131; total trials=259; class counts and frozen label order preserved; replacement subsets nested across ratios; validation and test are real EEG,
success,gaussian_class_channel_time_fixed_size_ratios_90_10_seed42,gaussian_cct_replace_50pct_real,2,2,1,100,0.31034482758620685,0.5,128,131,29,288,22,1000,real_gaussian_fixed_size_replacement,/home/jovyan/eeg-repro/high-gamma-data/data/processed/vae_repo_90_10_seed42/real_splits/S02_real_splits.npz,/home/jovyan/eeg-repro/high-gamma-data/data/generated/vae_repo_90_10_seed42/gaussian/gaussian_class_channel_time/S02_generator-seed2.npz,76.74075058847666,Fixed-size paired replacement; requested synthetic ratio=50%; real trials=128; synthetic trials=131; total trials=259; class counts and frozen label order preserved; replacement subsets nested across ratios; validation and test are real EEG,
success,gaussian_class_channel_time_fixed_size_ratios_90_10_seed42,gaussian_cct_replace_50pct_real,2,2,2,33,0.3793103448275862,0.6319444444444444,128,131,29,288,22,1000,real_gaussian_fixed_size_replacement,/home/jovyan/eeg-repro/high-gamma-data/data/processed/vae_repo_90_10_seed42/real_splits/S02_real_splits.npz,/home/jovyan/eeg-repro/high-gamma-data/data/generated/vae_repo_90_10_seed42/gaussian/gaussian_class_channel_time/S02_generator-seed2.npz,40.91593986004591,Fixed-size paired replacement; requested synthetic ratio=50%; real trials=128; synthetic trials=131; total trials=259; class counts and frozen label order preserved; replacement subsets nested across ratios; validation and test are real EEG,
success,gaussian_class_channel_time_fixed_size_ratios_90_10_seed42,gaussian_cct_replace_50pct_real,3,0,0,26,0.13793103448275867,0.2465277777777778,128,131,29,288,22,1000,real_gaussian_fixed_size_replacement,/home/jovyan/eeg-repro/high-gamma-data/data/processed/vae_repo_90_10_seed42/real_splits/S03_real_splits.npz,/home/jovyan/eeg-repro/high-gamma-data/data/generated/vae_repo_90_10_seed42/gaussian/gaussian_class_channel_time/S03_generator-seed0.npz,35.51454737409949,Fixed-size paired replacement; requested synthetic ratio=50%; real trials=128; synthetic trials=131; total trials=259; class counts and frozen label order preserved; replacement subsets nested across ratios; validation and test are real EEG,
success,gaussian_class_channel_time_fixed_size_ratios_90_10_seed42,gaussian_cct_replace_50pct_real,3,0,1,63,0.1724137931034483,0.22916666666666663,128,131,29,288,22,1000,real_gaussian_fixed_size_replacement,/home/jovyan/eeg-repro/high-gamma-data/data/processed/vae_repo_90_10_seed42/real_splits/S03_real_splits.npz,/home/jovyan/eeg-repro/high-gamma-data/data/generated/vae_repo_90_10_seed42/gaussian/gaussian_class_channel_time/S03_generator-seed0.npz,44.70158740133047,Fixed-size paired replacement; requested synthetic ratio=50%; real trials=128; synthetic trials=131; total trials=259; class counts and frozen label order preserved; replacement subsets nested across ratios; validation and test are real EEG,
success,gaussian_class_channel_time_fixed_size_ratios_90_10_seed42,gaussian_cct_replace_50pct_real,3,0,2,49,0.1724137931034483,0.25,128,131,29,288,22,1000,real_gaussian_fixed_size_replacement,/home/jovyan/eeg-repro/high-gamma-data/data/processed/vae_repo_90_10_seed42/real_splits/S03_real_splits.npz,/home/jovyan/eeg-repro/high-gamma-data/data/generated/vae_repo_90_10_seed42/gaussian/gaussian_class_channel_time/S03_generator-seed0.npz,32.990146175026894,Fixed-size paired replacement; requested synthetic ratio=50%; real trials=128; synthetic trials=131; total trials=259; class counts and frozen label order preserved; replacement subsets nested across ratios; validation and test are real EEG,
success,gaussian_class_channel_time_fixed_size_ratios_90_10_seed42,gaussian_cct_replace_50pct_real,3,1,0,35,0.13793103448275867,0.20138888888888884,128,131,29,288,22,1000,real_gaussian_fixed_size_replacement,/home/jovyan/eeg-repro/high-gamma-data/data/processed/vae_repo_90_10_seed42/real_splits/S03_real_splits.npz,/home/jovyan/eeg-repro/high-gamma-data/data/generated/vae_repo_90_10_seed42/gaussian/gaussian_class_channel_time/S03_generator-seed1.npz,42.1876579746604,Fixed-size paired replacement; requested synthetic ratio=50%; real trials=128; synthetic trials=131; total trials=259; class counts and frozen label order preserved; replacement subsets nested across ratios; validation and test are real EEG,
success,gaussian_class_channel_time_fixed_size_ratios_90_10_seed42,gaussian_cct_replace_50pct_real,3,1,1,76,0.1724137931034483,0.2465277777777778,128,131,29,288,22,1000,real_gaussian_fixed_size_replacement,/home/jovyan/eeg-repro/high-gamma-data/data/processed/vae_repo_90_10_seed42/real_splits/S03_real_splits.npz,/home/jovyan/eeg-repro/high-gamma-data/data/generated/vae_repo_90_10_seed42/gaussian/gaussian_class_channel_time/S03_generator-seed1.npz,50.68911426141858,Fixed-size paired replacement; requested synthetic ratio=50%; real trials=128; synthetic trials=131; total trials=259; class counts and frozen label order preserved; replacement subsets nested across ratios; validation and test are real EEG,
success,gaussian_class_channel_time_fixed_size_ratios_90_10_seed42,gaussian_cct_replace_50pct_real,3,1,2,53,0.1724137931034483,0.24305555555555558,128,131,29,288,22,1000,real_gaussian_fixed_size_replacement,/home/jovyan/eeg-repro/high-gamma-data/data/processed/vae_repo_90_10_seed42/real_splits/S03_real_splits.npz,/home/jovyan/eeg-repro/high-gamma-data/data/generated/vae_repo_90_10_seed42/gaussian/gaussian_class_channel_time/S03_generator-seed1.npz,34.328362219035625,Fixed-size paired replacement; requested synthetic ratio=50%; real trials=128; synthetic trials=131; total trials=259; class counts and frozen label order preserved; replacement subsets nested across ratios; validation and test are real EEG,
success,gaussian_class_channel_time_fixed_size_ratios_90_10_seed42,gaussian_cct_replace_50pct_real,3,2,0,65,0.13793103448275867,0.18055555555555558,128,131,29,288,22,1000,real_gaussian_fixed_size_replacement,/home/jovyan/eeg-repro/high-gamma-data/data/processed/vae_repo_90_10_seed42/real_splits/S03_real_splits.npz,/home/jovyan/eeg-repro/high-gamma-data/data/generated/vae_repo_90_10_seed42/gaussian/gaussian_class_channel_time/S03_generator-seed2.npz,41.96029282733798,Fixed-size paired replacement; requested synthetic ratio=50%; real trials=128; synthetic trials=131; total trials=259; class counts and frozen label order preserved; replacement subsets nested across ratios; validation and test are real EEG,
success,gaussian_class_channel_time_fixed_size_ratios_90_10_seed42,gaussian_cct_replace_50pct_real,3,2,1,44,0.1724137931034483,0.21875,128,131,29,288,22,1000,real_gaussian_fixed_size_replacement,/home/jovyan/eeg-repro/high-gamma-data/data/processed/vae_repo_90_10_seed42/real_splits/S03_real_splits.npz,/home/jovyan/eeg-repro/high-gamma-data/data/generated/vae_repo_90_10_seed42/gaussian/gaussian_class_channel_time/S03_generator-seed2.npz,34.073998369276524,Fixed-size paired replacement; requested synthetic ratio=50%; real trials=128; synthetic trials=131; total trials=259; class counts and frozen label order preserved; replacement subsets nested across ratios; validation and test are real EEG,
success,gaussian_class_channel_time_fixed_size_ratios_90_10_seed42,gaussian_cct_replace_50pct_real,3,2,2,50,0.13793103448275867,0.23611111111111116,128,131,29,288,22,1000,real_gaussian_fixed_size_replacement,/home/jovyan/eeg-repro/high-gamma-data/data/processed/vae_repo_90_10_seed42/real_splits/S03_real_splits.npz,/home/jovyan/eeg-repro/high-gamma-data/data/generated/vae_repo_90_10_seed42/gaussian/gaussian_class_channel_time/S03_generator-seed2.npz,48.381241388618946,Fixed-size paired replacement; requested synthetic ratio=50%; real trials=128; synthetic trials=131; total trials=259; class counts and frozen label order preserved; replacement subsets nested across ratios; validation and test are real EEG,
success,gaussian_class_channel_time_fixed_size_ratios_90_10_seed42,gaussian_cct_replace_50pct_real,4,0,0,61,0.3793103448275862,0.4375,130,129,29,288,22,1000,real_gaussian_fixed_size_replacement,/home/jovyan/eeg-repro/high-gamma-data/data/processed/vae_repo_90_10_seed42/real_splits/S04_real_splits.npz,/home/jovyan/eeg-repro/high-gamma-data/data/generated/vae_repo_90_10_seed42/gaussian/gaussian_class_channel_time/S04_generator-seed0.npz,58.848851431161165,Fixed-size paired replacement; requested synthetic ratio=50%; real trials=130; synthetic trials=129; total trials=259; class counts and frozen label order preserved; replacement subsets nested across ratios; validation and test are real EEG,
success,gaussian_class_channel_time_fixed_size_ratios_90_10_seed42,gaussian_cct_replace_50pct_real,4,0,1,49,0.4482758620689655,0.5104166666666667,130,129,29,288,22,1000,real_gaussian_fixed_size_replacement,/home/jovyan/eeg-repro/high-gamma-data/data/processed/vae_repo_90_10_seed42/real_splits/S04_real_splits.npz,/home/jovyan/eeg-repro/high-gamma-data/data/generated/vae_repo_90_10_seed42/gaussian/gaussian_class_channel_time/S04_generator-seed0.npz,40.65955141186714,Fixed-size paired replacement; requested synthetic ratio=50%; real trials=130; synthetic trials=129; total trials=259; class counts and frozen label order preserved; replacement subsets nested across ratios; validation and test are real EEG,
success,gaussian_class_channel_time_fixed_size_ratios_90_10_seed42,gaussian_cct_replace_50pct_real,4,0,2,45,0.48275862068965514,0.4965277777777778,130,129,29,288,22,1000,real_gaussian_fixed_size_replacement,/home/jovyan/eeg-repro/high-gamma-data/data/processed/vae_repo_90_10_seed42/real_splits/S04_real_splits.npz,/home/jovyan/eeg-repro/high-gamma-data/data/generated/vae_repo_90_10_seed42/gaussian/gaussian_class_channel_time/S04_generator-seed0.npz,37.678444284945726,Fixed-size paired replacement; requested synthetic ratio=50%; real trials=130; synthetic trials=129; total trials=259; class counts and frozen label order preserved; replacement subsets nested across ratios; validation and test are real EEG,
success,gaussian_class_channel_time_fixed_size_ratios_90_10_seed42,gaussian_cct_replace_50pct_real,4,1,0,36,0.4137931034482759,0.48263888888888884,130,129,29,288,22,1000,real_gaussian_fixed_size_replacement,/home/jovyan/eeg-repro/high-gamma-data/data/processed/vae_repo_90_10_seed42/real_splits/S04_real_splits.npz,/home/jovyan/eeg-repro/high-gamma-data/data/generated/vae_repo_90_10_seed42/gaussian/gaussian_class_channel_time/S04_generator-seed1.npz,37.55903095379472,Fixed-size paired replacement; requested synthetic ratio=50%; real trials=130; synthetic trials=129; total trials=259; class counts and frozen label order preserved; replacement subsets nested across ratios; validation and test are real EEG,
success,gaussian_class_channel_time_fixed_size_ratios_90_10_seed42,gaussian_cct_replace_50pct_real,4,1,1,46,0.4482758620689655,0.47916666666666663,130,129,29,288,22,1000,real_gaussian_fixed_size_replacement,/home/jovyan/eeg-repro/high-gamma-data/data/processed/vae_repo_90_10_seed42/real_splits/S04_real_splits.npz,/home/jovyan/eeg-repro/high-gamma-data/data/generated/vae_repo_90_10_seed42/gaussian/gaussian_class_channel_time/S04_generator-seed1.npz,42.2175908498466,Fixed-size paired replacement; requested synthetic ratio=50%; real trials=130; synthetic trials=129; total trials=259; class counts and frozen label order preserved; replacement subsets nested across ratios; validation and test are real EEG,
success,gaussian_class_channel_time_fixed_size_ratios_90_10_seed42,gaussian_cct_replace_50pct_real,4,1,2,99,0.3793103448275862,0.45833333333333337,130,129,29,288,22,1000,real_gaussian_fixed_size_replacement,/home/jovyan/eeg-repro/high-gamma-data/data/processed/vae_repo_90_10_seed42/real_splits/S04_real_splits.npz,/home/jovyan/eeg-repro/high-gamma-data/data/generated/vae_repo_90_10_seed42/gaussian/gaussian_class_channel_time/S04_generator-seed1.npz,65.2050469070673,Fixed-size paired replacement; requested synthetic ratio=50%; real trials=130; synthetic trials=129; total trials=259; class counts and frozen label order preserved; replacement subsets nested across ratios; validation and test are real EEG,
success,gaussian_class_channel_time_fixed_size_ratios_90_10_seed42,gaussian_cct_replace_50pct_real,4,2,0,61,0.4137931034482759,0.4305555555555556,130,129,29,288,22,1000,real_gaussian_fixed_size_replacement,/home/jovyan/eeg-repro/high-gamma-data/data/processed/vae_repo_90_10_seed42/real_splits/S04_real_splits.npz,/home/jovyan/eeg-repro/high-gamma-data/data/generated/vae_repo_90_10_seed42/gaussian/gaussian_class_channel_time/S04_generator-seed2.npz,45.566469836980104,Fixed-size paired replacement; requested synthetic ratio=50%; real trials=130; synthetic trials=129; total trials=259; class counts and frozen label order preserved; replacement subsets nested across ratios; validation and test are real EEG,
success,gaussian_class_channel_time_fixed_size_ratios_90_10_seed42,gaussian_cct_replace_50pct_real,4,2,1,37,0.48275862068965514,0.5277777777777778,130,129,29,288,22,1000,real_gaussian_fixed_size_replacement,/home/jovyan/eeg-repro/high-gamma-data/data/processed/vae_repo_90_10_seed42/real_splits/S04_real_splits.npz,/home/jovyan/eeg-repro/high-gamma-data/data/generated/vae_repo_90_10_seed42/gaussian/gaussian_class_channel_time/S04_generator-seed2.npz,26.94040086865425,Fixed-size paired replacement; requested synthetic ratio=50%; real trials=130; synthetic trials=129; total trials=259; class counts and frozen label order preserved; replacement subsets nested across ratios; validation and test are real EEG,
success,gaussian_class_channel_time_fixed_size_ratios_90_10_seed42,gaussian_cct_replace_50pct_real,4,2,2,68,0.4482758620689655,0.45833333333333337,130,129,29,288,22,1000,real_gaussian_fixed_size_replacement,/home/jovyan/eeg-repro/high-gamma-data/data/processed/vae_repo_90_10_seed42/real_splits/S04_real_splits.npz,/home/jovyan/eeg-repro/high-gamma-data/data/generated/vae_repo_90_10_seed42/gaussian/gaussian_class_channel_time/S04_generator-seed2.npz,57.20968623459339,Fixed-size paired replacement; requested synthetic ratio=50%; real trials=130; synthetic trials=129; total trials=259; class counts and frozen label order preserved; replacement subsets nested across ratios; validation and test are real EEG,
success,gaussian_class_channel_time_fixed_size_ratios_90_10_seed42,gaussian_cct_replace_50pct_real,5,0,0,102,0.24137931034482762,0.7395833333333333,128,131,29,288,22,1000,real_gaussian_fixed_size_replacement,/home/jovyan/eeg-repro/high-gamma-data/data/processed/vae_repo_90_10_seed42/real_splits/S05_real_splits.npz,/home/jovyan/eeg-repro/high-gamma-data/data/generated/vae_repo_90_10_seed42/gaussian/gaussian_class_channel_time/S05_generator-seed0.npz,77.35113805532455,Fixed-size paired replacement; requested synthetic ratio=50%; real trials=128; synthetic trials=131; total trials=259; class counts and frozen label order preserved; replacement subsets nested across ratios; validation and test are real EEG,
success,gaussian_class_channel_time_fixed_size_ratios_90_10_seed42,gaussian_cct_replace_50pct_real,5,0,1,76,0.3448275862068966,0.7118055555555556,128,131,29,288,22,1000,real_gaussian_fixed_size_replacement,/home/jovyan/eeg-repro/high-gamma-data/data/processed/vae_repo_90_10_seed42/real_splits/S05_real_splits.npz,/home/jovyan/eeg-repro/high-gamma-data/data/generated/vae_repo_90_10_seed42/gaussian/gaussian_class_channel_time/S05_generator-seed0.npz,51.930975407361984,Fixed-size paired replacement; requested synthetic ratio=50%; real trials=128; synthetic trials=131; total trials=259; class counts and frozen label order preserved; replacement subsets nested across ratios; validation and test are real EEG,
success,gaussian_class_channel_time_fixed_size_ratios_90_10_seed42,gaussian_cct_replace_50pct_real,5,0,2,81,0.24137931034482762,0.7222222222222222,128,131,29,288,22,1000,real_gaussian_fixed_size_replacement,/home/jovyan/eeg-repro/high-gamma-data/data/processed/vae_repo_90_10_seed42/real_splits/S05_real_splits.npz,/home/jovyan/eeg-repro/high-gamma-data/data/generated/vae_repo_90_10_seed42/gaussian/gaussian_class_channel_time/S05_generator-seed0.npz,70.95410364493728,Fixed-size paired replacement; requested synthetic ratio=50%; real trials=128; synthetic trials=131; total trials=259; class counts and frozen label order preserved; replacement subsets nested across ratios; validation and test are real EEG,
success,gaussian_class_channel_time_fixed_size_ratios_90_10_seed42,gaussian_cct_replace_50pct_real,5,1,0,58,0.27586206896551724,0.75,128,131,29,288,22,1000,real_gaussian_fixed_size_replacement,/home/jovyan/eeg-repro/high-gamma-data/data/processed/vae_repo_90_10_seed42/real_splits/S05_real_splits.npz,/home/jovyan/eeg-repro/high-gamma-data/data/generated/vae_repo_90_10_seed42/gaussian/gaussian_class_channel_time/S05_generator-seed1.npz,56.67982350662351,Fixed-size paired replacement; requested synthetic ratio=50%; real trials=128; synthetic trials=131; total trials=259; class counts and frozen label order preserved; replacement subsets nested across ratios; validation and test are real EEG,
success,gaussian_class_channel_time_fixed_size_ratios_90_10_seed42,gaussian_cct_replace_50pct_real,5,1,1,81,0.31034482758620685,0.7465277777777778,128,131,29,288,22,1000,real_gaussian_fixed_size_replacement,/home/jovyan/eeg-repro/high-gamma-data/data/processed/vae_repo_90_10_seed42/real_splits/S05_real_splits.npz,/home/jovyan/eeg-repro/high-gamma-data/data/generated/vae_repo_90_10_seed42/gaussian/gaussian_class_channel_time/S05_generator-seed1.npz,59.171707428991795,Fixed-size paired replacement; requested synthetic ratio=50%; real trials=128; synthetic trials=131; total trials=259; class counts and frozen label order preserved; replacement subsets nested across ratios; validation and test are real EEG,
success,gaussian_class_channel_time_fixed_size_ratios_90_10_seed42,gaussian_cct_replace_50pct_real,5,1,2,52,0.24137931034482762,0.75,128,131,29,288,22,1000,real_gaussian_fixed_size_replacement,/home/jovyan/eeg-repro/high-gamma-data/data/processed/vae_repo_90_10_seed42/real_splits/S05_real_splits.npz,/home/jovyan/eeg-repro/high-gamma-data/data/generated/vae_repo_90_10_seed42/gaussian/gaussian_class_channel_time/S05_generator-seed1.npz,53.53720675781369,Fixed-size paired replacement; requested synthetic ratio=50%; real trials=128; synthetic trials=131; total trials=259; class counts and frozen label order preserved; replacement subsets nested across ratios; validation and test are real EEG,
success,gaussian_class_channel_time_fixed_size_ratios_90_10_seed42,gaussian_cct_replace_50pct_real,5,2,0,57,0.27586206896551724,0.7326388888888888,128,131,29,288,22,1000,real_gaussian_fixed_size_replacement,/home/jovyan/eeg-repro/high-gamma-data/data/processed/vae_repo_90_10_seed42/real_splits/S05_real_splits.npz,/home/jovyan/eeg-repro/high-gamma-data/data/generated/vae_repo_90_10_seed42/gaussian/gaussian_class_channel_time/S05_generator-seed2.npz,57.47217121720314,Fixed-size paired replacement; requested synthetic ratio=50%; real trials=128; synthetic trials=131; total trials=259; class counts and frozen label order preserved; replacement subsets nested across ratios; validation and test are real EEG,
success,gaussian_class_channel_time_fixed_size_ratios_90_10_seed42,gaussian_cct_replace_50pct_real,5,2,1,72,0.3448275862068966,0.7083333333333333,128,131,29,288,22,1000,real_gaussian_fixed_size_replacement,/home/jovyan/eeg-repro/high-gamma-data/data/processed/vae_repo_90_10_seed42/real_splits/S05_real_splits.npz,/home/jovyan/eeg-repro/high-gamma-data/data/generated/vae_repo_90_10_seed42/gaussian/gaussian_class_channel_time/S05_generator-seed2.npz,48.613843478262424,Fixed-size paired replacement; requested synthetic ratio=50%; real trials=128; synthetic trials=131; total trials=259; class counts and frozen label order preserved; replacement subsets nested across ratios; validation and test are real EEG,
success,gaussian_class_channel_time_fixed_size_ratios_90_10_seed42,gaussian_cct_replace_50pct_real,5,2,2,70,0.31034482758620685,0.75,128,131,29,288,22,1000,real_gaussian_fixed_size_replacement,/home/jovyan/eeg-repro/high-gamma-data/data/processed/vae_repo_90_10_seed42/real_splits/S05_real_splits.npz,/home/jovyan/eeg-repro/high-gamma-data/data/generated/vae_repo_90_10_seed42/gaussian/gaussian_class_channel_time/S05_generator-seed2.npz,46.56314764544368,Fixed-size paired replacement; requested synthetic ratio=50%; real trials=128; synthetic trials=131; total trials=259; class counts and frozen label order preserved; replacement subsets nested across ratios; validation and test are real EEG,
success,gaussian_class_channel_time_fixed_size_ratios_90_10_seed42,gaussian_cct_replace_50pct_real,6,0,0,45,0.5172413793103448,0.5520833333333333,129,130,29,288,22,1000,real_gaussian_fixed_size_replacement,/home/jovyan/eeg-repro/high-gamma-data/data/processed/vae_repo_90_10_seed42/real_splits/S06_real_splits.npz,/home/jovyan/eeg-repro/high-gamma-data/data/generated/vae_repo_90_10_seed42/gaussian/gaussian_class_channel_time/S06_generator-seed0.npz,30.81544428318739,Fixed-size paired replacement; requested synthetic ratio=50%; real trials=129; synthetic trials=130; total trials=259; class counts and frozen label order preserved; replacement subsets nested across ratios; validation and test are real EEG,
success,gaussian_class_channel_time_fixed_size_ratios_90_10_seed42,gaussian_cct_replace_50pct_real,6,0,1,32,0.48275862068965514,0.5243055555555556,129,130,29,288,22,1000,real_gaussian_fixed_size_replacement,/home/jovyan/eeg-repro/high-gamma-data/data/processed/vae_repo_90_10_seed42/real_splits/S06_real_splits.npz,/home/jovyan/eeg-repro/high-gamma-data/data/generated/vae_repo_90_10_seed42/gaussian/gaussian_class_channel_time/S06_generator-seed0.npz,40.06080447509885,Fixed-size paired replacement; requested synthetic ratio=50%; real trials=129; synthetic trials=130; total trials=259; class counts and frozen label order preserved; replacement subsets nested across ratios; validation and test are real EEG,
success,gaussian_class_channel_time_fixed_size_ratios_90_10_seed42,gaussian_cct_replace_50pct_real,6,0,2,48,0.5172413793103448,0.5486111111111112,129,130,29,288,22,1000,real_gaussian_fixed_size_replacement,/home/jovyan/eeg-repro/high-gamma-data/data/processed/vae_repo_90_10_seed42/real_splits/S06_real_splits.npz,/home/jovyan/eeg-repro/high-gamma-data/data/generated/vae_repo_90_10_seed42/gaussian/gaussian_class_channel_time/S06_generator-seed0.npz,31.014662478119135,Fixed-size paired replacement; requested synthetic ratio=50%; real trials=129; synthetic trials=130; total trials=259; class counts and frozen label order preserved; replacement subsets nested across ratios; validation and test are real EEG,
success,gaussian_class_channel_time_fixed_size_ratios_90_10_seed42,gaussian_cct_replace_50pct_real,6,1,0,45,0.4482758620689655,0.5520833333333333,129,130,29,288,22,1000,real_gaussian_fixed_size_replacement,/home/jovyan/eeg-repro/high-gamma-data/data/processed/vae_repo_90_10_seed42/real_splits/S06_real_splits.npz,/home/jovyan/eeg-repro/high-gamma-data/data/generated/vae_repo_90_10_seed42/gaussian/gaussian_class_channel_time/S06_generator-seed1.npz,31.49271959066391,Fixed-size paired replacement; requested synthetic ratio=50%; real trials=129; synthetic trials=130; total trials=259; class counts and frozen label order preserved; replacement subsets nested across ratios; validation and test are real EEG,
success,gaussian_class_channel_time_fixed_size_ratios_90_10_seed42,gaussian_cct_replace_50pct_real,6,1,1,72,0.48275862068965514,0.5243055555555556,129,130,29,288,22,1000,real_gaussian_fixed_size_replacement,/home/jovyan/eeg-repro/high-gamma-data/data/processed/vae_repo_90_10_seed42/real_splits/S06_real_splits.npz,/home/jovyan/eeg-repro/high-gamma-data/data/generated/vae_repo_90_10_seed42/gaussian/gaussian_class_channel_time/S06_generator-seed1.npz,48.265781722962856,Fixed-size paired replacement; requested synthetic ratio=50%; real trials=129; synthetic trials=130; total trials=259; class counts and frozen label order preserved; replacement subsets nested across ratios; validation and test are real EEG,
success,gaussian_class_channel_time_fixed_size_ratios_90_10_seed42,gaussian_cct_replace_50pct_real,6,1,2,44,0.4137931034482759,0.53125,129,130,29,288,22,1000,real_gaussian_fixed_size_replacement,/home/jovyan/eeg-repro/high-gamma-data/data/processed/vae_repo_90_10_seed42/real_splits/S06_real_splits.npz,/home/jovyan/eeg-repro/high-gamma-data/data/generated/vae_repo_90_10_seed42/gaussian/gaussian_class_channel_time/S06_generator-seed1.npz,47.69254743307829,Fixed-size paired replacement; requested synthetic ratio=50%; real trials=129; synthetic trials=130; total trials=259; class counts and frozen label order preserved; replacement subsets nested across ratios; validation and test are real EEG,
success,gaussian_class_channel_time_fixed_size_ratios_90_10_seed42,gaussian_cct_replace_50pct_real,6,2,0,60,0.4482758620689655,0.5347222222222222,129,130,29,288,22,1000,real_gaussian_fixed_size_replacement,/home/jovyan/eeg-repro/high-gamma-data/data/processed/vae_repo_90_10_seed42/real_splits/S06_real_splits.npz,/home/jovyan/eeg-repro/high-gamma-data/data/generated/vae_repo_90_10_seed42/gaussian/gaussian_class_channel_time/S06_generator-seed2.npz,39.97435676679015,Fixed-size paired replacement; requested synthetic ratio=50%; real trials=129; synthetic trials=130; total trials=259; class counts and frozen label order preserved; replacement subsets nested across ratios; validation and test are real EEG,
success,gaussian_class_channel_time_fixed_size_ratios_90_10_seed42,gaussian_cct_replace_50pct_real,6,2,1,59,0.4482758620689655,0.5555555555555556,129,130,29,288,22,1000,real_gaussian_fixed_size_replacement,/home/jovyan/eeg-repro/high-gamma-data/data/processed/vae_repo_90_10_seed42/real_splits/S06_real_splits.npz,/home/jovyan/eeg-repro/high-gamma-data/data/generated/vae_repo_90_10_seed42/gaussian/gaussian_class_channel_time/S06_generator-seed2.npz,58.205749306827784,Fixed-size paired replacement; requested synthetic ratio=50%; real trials=129; synthetic trials=130; total trials=259; class counts and frozen label order preserved; replacement subsets nested across ratios; validation and test are real EEG,
success,gaussian_class_channel_time_fixed_size_ratios_90_10_seed42,gaussian_cct_replace_50pct_real,6,2,2,59,0.48275862068965514,0.5277777777777778,129,130,29,288,22,1000,real_gaussian_fixed_size_replacement,/home/jovyan/eeg-repro/high-gamma-data/data/processed/vae_repo_90_10_seed42/real_splits/S06_real_splits.npz,/home/jovyan/eeg-repro/high-gamma-data/data/generated/vae_repo_90_10_seed42/gaussian/gaussian_class_channel_time/S06_generator-seed2.npz,41.73225961998105,Fixed-size paired replacement; requested synthetic ratio=50%; real trials=129; synthetic trials=130; total trials=259; class counts and frozen label order preserved; replacement subsets nested across ratios; validation and test are real EEG,
success,gaussian_class_channel_time_fixed_size_ratios_90_10_seed42,gaussian_cct_replace_50pct_real,7,0,0,111,0.13793103448275867,0.35763888888888884,128,131,29,288,22,1000,real_gaussian_fixed_size_replacement,/home/jovyan/eeg-repro/high-gamma-data/data/processed/vae_repo_90_10_seed42/real_splits/S07_real_splits.npz,/home/jovyan/eeg-repro/high-gamma-data/data/generated/vae_repo_90_10_seed42/gaussian/gaussian_class_channel_time/S07_generator-seed0.npz,77.00817870721221,Fixed-size paired replacement; requested synthetic ratio=50%; real trials=128; synthetic trials=131; total trials=259; class counts and frozen label order preserved; replacement subsets nested across ratios; validation and test are real EEG,
success,gaussian_class_channel_time_fixed_size_ratios_90_10_seed42,gaussian_cct_replace_50pct_real,7,0,1,56,0.13793103448275867,0.39583333333333337,128,131,29,288,22,1000,real_gaussian_fixed_size_replacement,/home/jovyan/eeg-repro/high-gamma-data/data/processed/vae_repo_90_10_seed42/real_splits/S07_real_splits.npz,/home/jovyan/eeg-repro/high-gamma-data/data/generated/vae_repo_90_10_seed42/gaussian/gaussian_class_channel_time/S07_generator-seed0.npz,56.26849453523755,Fixed-size paired replacement; requested synthetic ratio=50%; real trials=128; synthetic trials=131; total trials=259; class counts and frozen label order preserved; replacement subsets nested across ratios; validation and test are real EEG,
success,gaussian_class_channel_time_fixed_size_ratios_90_10_seed42,gaussian_cct_replace_50pct_real,7,0,2,93,0.2068965517241379,0.3680555555555556,128,131,29,288,22,1000,real_gaussian_fixed_size_replacement,/home/jovyan/eeg-repro/high-gamma-data/data/processed/vae_repo_90_10_seed42/real_splits/S07_real_splits.npz,/home/jovyan/eeg-repro/high-gamma-data/data/generated/vae_repo_90_10_seed42/gaussian/gaussian_class_channel_time/S07_generator-seed0.npz,66.18255848437548,Fixed-size paired replacement; requested synthetic ratio=50%; real trials=128; synthetic trials=131; total trials=259; class counts and frozen label order preserved; replacement subsets nested across ratios; validation and test are real EEG,
success,gaussian_class_channel_time_fixed_size_ratios_90_10_seed42,gaussian_cct_replace_50pct_real,7,1,0,102,0.13793103448275867,0.3993055555555556,128,131,29,288,22,1000,real_gaussian_fixed_size_replacement,/home/jovyan/eeg-repro/high-gamma-data/data/processed/vae_repo_90_10_seed42/real_splits/S07_real_splits.npz,/home/jovyan/eeg-repro/high-gamma-data/data/generated/vae_repo_90_10_seed42/gaussian/gaussian_class_channel_time/S07_generator-seed1.npz,76.88106158748269,Fixed-size paired replacement; requested synthetic ratio=50%; real trials=128; synthetic trials=131; total trials=259; class counts and frozen label order preserved; replacement subsets nested across ratios; validation and test are real EEG,
success,gaussian_class_channel_time_fixed_size_ratios_90_10_seed42,gaussian_cct_replace_50pct_real,7,1,1,75,0.10344827586206895,0.3680555555555556,128,131,29,288,22,1000,real_gaussian_fixed_size_replacement,/home/jovyan/eeg-repro/high-gamma-data/data/processed/vae_repo_90_10_seed42/real_splits/S07_real_splits.npz,/home/jovyan/eeg-repro/high-gamma-data/data/generated/vae_repo_90_10_seed42/gaussian/gaussian_class_channel_time/S07_generator-seed1.npz,68.11576000601053,Fixed-size paired replacement; requested synthetic ratio=50%; real trials=128; synthetic trials=131; total trials=259; class counts and frozen label order preserved; replacement subsets nested across ratios; validation and test are real EEG,
success,gaussian_class_channel_time_fixed_size_ratios_90_10_seed42,gaussian_cct_replace_50pct_real,7,1,2,97,0.2068965517241379,0.4340277777777778,128,131,29,288,22,1000,real_gaussian_fixed_size_replacement,/home/jovyan/eeg-repro/high-gamma-data/data/processed/vae_repo_90_10_seed42/real_splits/S07_real_splits.npz,/home/jovyan/eeg-repro/high-gamma-data/data/generated/vae_repo_90_10_seed42/gaussian/gaussian_class_channel_time/S07_generator-seed1.npz,61.7718629129231,Fixed-size paired replacement; requested synthetic ratio=50%; real trials=128; synthetic trials=131; total trials=259; class counts and frozen label order preserved; replacement subsets nested across ratios; validation and test are real EEG,
success,gaussian_class_channel_time_fixed_size_ratios_90_10_seed42,gaussian_cct_replace_50pct_real,7,2,0,93,0.13793103448275867,0.36458333333333337,128,131,29,288,22,1000,real_gaussian_fixed_size_replacement,/home/jovyan/eeg-repro/high-gamma-data/data/processed/vae_repo_90_10_seed42/real_splits/S07_real_splits.npz,/home/jovyan/eeg-repro/high-gamma-data/data/generated/vae_repo_90_10_seed42/gaussian/gaussian_class_channel_time/S07_generator-seed2.npz,61.46829656884074,Fixed-size paired replacement; requested synthetic ratio=50%; real trials=128; synthetic trials=131; total trials=259; class counts and frozen label order preserved; replacement subsets nested across ratios; validation and test are real EEG,
success,gaussian_class_channel_time_fixed_size_ratios_90_10_seed42,gaussian_cct_replace_50pct_real,7,2,1,116,0.13793103448275867,0.36111111111111116,128,131,29,288,22,1000,real_gaussian_fixed_size_replacement,/home/jovyan/eeg-repro/high-gamma-data/data/processed/vae_repo_90_10_seed42/real_splits/S07_real_splits.npz,/home/jovyan/eeg-repro/high-gamma-data/data/generated/vae_repo_90_10_seed42/gaussian/gaussian_class_channel_time/S07_generator-seed2.npz,76.58938862755895,Fixed-size paired replacement; requested synthetic ratio=50%; real trials=128; synthetic trials=131; total trials=259; class counts and frozen label order preserved; replacement subsets nested across ratios; validation and test are real EEG,
success,gaussian_class_channel_time_fixed_size_ratios_90_10_seed42,gaussian_cct_replace_50pct_real,7,2,2,117,0.13793103448275867,0.35763888888888884,128,131,29,288,22,1000,real_gaussian_fixed_size_replacement,/home/jovyan/eeg-repro/high-gamma-data/data/processed/vae_repo_90_10_seed42/real_splits/S07_real_splits.npz,/home/jovyan/eeg-repro/high-gamma-data/data/generated/vae_repo_90_10_seed42/gaussian/gaussian_class_channel_time/S07_generator-seed2.npz,76.51020254194736,Fixed-size paired replacement; requested synthetic ratio=50%; real trials=128; synthetic trials=131; total trials=259; class counts and frozen label order preserved; replacement subsets nested across ratios; validation and test are real EEG,
success,gaussian_class_channel_time_fixed_size_ratios_90_10_seed42,gaussian_cct_replace_50pct_real,8,0,0,97,0.2068965517241379,0.29166666666666663,128,131,29,288,22,1000,real_gaussian_fixed_size_replacement,/home/jovyan/eeg-repro/high-gamma-data/data/processed/vae_repo_90_10_seed42/real_splits/S08_real_splits.npz,/home/jovyan/eeg-repro/high-gamma-data/data/generated/vae_repo_90_10_seed42/gaussian/gaussian_class_channel_time/S08_generator-seed0.npz,69.88416344299912,Fixed-size paired replacement; requested synthetic ratio=50%; real trials=128; synthetic trials=131; total trials=259; class counts and frozen label order preserved; replacement subsets nested across ratios; validation and test are real EEG,
success,gaussian_class_channel_time_fixed_size_ratios_90_10_seed42,gaussian_cct_replace_50pct_real,8,0,1,120,0.1724137931034483,0.2534722222222222,128,131,29,288,22,1000,real_gaussian_fixed_size_replacement,/home/jovyan/eeg-repro/high-gamma-data/data/processed/vae_repo_90_10_seed42/real_splits/S08_real_splits.npz,/home/jovyan/eeg-repro/high-gamma-data/data/generated/vae_repo_90_10_seed42/gaussian/gaussian_class_channel_time/S08_generator-seed0.npz,77.29996195062995,Fixed-size paired replacement; requested synthetic ratio=50%; real trials=128; synthetic trials=131; total trials=259; class counts and frozen label order preserved; replacement subsets nested across ratios; validation and test are real EEG,
success,gaussian_class_channel_time_fixed_size_ratios_90_10_seed42,gaussian_cct_replace_50pct_real,8,0,2,60,0.27586206896551724,0.35763888888888884,128,131,29,288,22,1000,real_gaussian_fixed_size_replacement,/home/jovyan/eeg-repro/high-gamma-data/data/processed/vae_repo_90_10_seed42/real_splits/S08_real_splits.npz,/home/jovyan/eeg-repro/high-gamma-data/data/generated/vae_repo_90_10_seed42/gaussian/gaussian_class_channel_time/S08_generator-seed0.npz,40.16128032281995,Fixed-size paired replacement; requested synthetic ratio=50%; real trials=128; synthetic trials=131; total trials=259; class counts and frozen label order preserved; replacement subsets nested across ratios; validation and test are real EEG,
success,gaussian_class_channel_time_fixed_size_ratios_90_10_seed42,gaussian_cct_replace_50pct_real,8,1,0,87,0.31034482758620685,0.26388888888888884,128,131,29,288,22,1000,real_gaussian_fixed_size_replacement,/home/jovyan/eeg-repro/high-gamma-data/data/processed/vae_repo_90_10_seed42/real_splits/S08_real_splits.npz,/home/jovyan/eeg-repro/high-gamma-data/data/generated/vae_repo_90_10_seed42/gaussian/gaussian_class_channel_time/S08_generator-seed1.npz,55.06932985037565,Fixed-size paired replacement; requested synthetic ratio=50%; real trials=128; synthetic trials=131; total trials=259; class counts and frozen label order preserved; replacement subsets nested across ratios; validation and test are real EEG,
success,gaussian_class_channel_time_fixed_size_ratios_90_10_seed42,gaussian_cct_replace_50pct_real,8,1,1,102,0.1724137931034483,0.26736111111111116,128,131,29,288,22,1000,real_gaussian_fixed_size_replacement,/home/jovyan/eeg-repro/high-gamma-data/data/processed/vae_repo_90_10_seed42/real_splits/S08_real_splits.npz,/home/jovyan/eeg-repro/high-gamma-data/data/generated/vae_repo_90_10_seed42/gaussian/gaussian_class_channel_time/S08_generator-seed1.npz,75.51951095834374,Fixed-size paired replacement; requested synthetic ratio=50%; real trials=128; synthetic trials=131; total trials=259; class counts and frozen label order preserved; replacement subsets nested across ratios; validation and test are real EEG,
success,gaussian_class_channel_time_fixed_size_ratios_90_10_seed42,gaussian_cct_replace_50pct_real,8,1,2,80,0.24137931034482762,0.29166666666666663,128,131,29,288,22,1000,real_gaussian_fixed_size_replacement,/home/jovyan/eeg-repro/high-gamma-data/data/processed/vae_repo_90_10_seed42/real_splits/S08_real_splits.npz,/home/jovyan/eeg-repro/high-gamma-data/data/generated/vae_repo_90_10_seed42/gaussian/gaussian_class_channel_time/S08_generator-seed1.npz,70.98084803298116,Fixed-size paired replacement; requested synthetic ratio=50%; real trials=128; synthetic trials=131; total trials=259; class counts and frozen label order preserved; replacement subsets nested across ratios; validation and test are real EEG,
success,gaussian_class_channel_time_fixed_size_ratios_90_10_seed42,gaussian_cct_replace_50pct_real,8,2,0,64,0.31034482758620685,0.29166666666666663,128,131,29,288,22,1000,real_gaussian_fixed_size_replacement,/home/jovyan/eeg-repro/high-gamma-data/data/processed/vae_repo_90_10_seed42/real_splits/S08_real_splits.npz,/home/jovyan/eeg-repro/high-gamma-data/data/generated/vae_repo_90_10_seed42/gaussian/gaussian_class_channel_time/S08_generator-seed2.npz,47.20488212630153,Fixed-size paired replacement; requested synthetic ratio=50%; real trials=128; synthetic trials=131; total trials=259; class counts and frozen label order preserved; replacement subsets nested across ratios; validation and test are real EEG,
success,gaussian_class_channel_time_fixed_size_ratios_90_10_seed42,gaussian_cct_replace_50pct_real,8,2,1,86,0.24137931034482762,0.26388888888888884,128,131,29,288,22,1000,real_gaussian_fixed_size_replacement,/home/jovyan/eeg-repro/high-gamma-data/data/processed/vae_repo_90_10_seed42/real_splits/S08_real_splits.npz,/home/jovyan/eeg-repro/high-gamma-data/data/generated/vae_repo_90_10_seed42/gaussian/gaussian_class_channel_time/S08_generator-seed2.npz,61.465703424066305,Fixed-size paired replacement; requested synthetic ratio=50%; real trials=128; synthetic trials=131; total trials=259; class counts and frozen label order preserved; replacement subsets nested across ratios; validation and test are real EEG,
success,gaussian_class_channel_time_fixed_size_ratios_90_10_seed42,gaussian_cct_replace_50pct_real,8,2,2,53,0.24137931034482762,0.2777777777777778,128,131,29,288,22,1000,real_gaussian_fixed_size_replacement,/home/jovyan/eeg-repro/high-gamma-data/data/processed/vae_repo_90_10_seed42/real_splits/S08_real_splits.npz,/home/jovyan/eeg-repro/high-gamma-data/data/generated/vae_repo_90_10_seed42/gaussian/gaussian_class_channel_time/S08_generator-seed2.npz,53.5168715827167,Fixed-size paired replacement; requested synthetic ratio=50%; real trials=128; synthetic trials=131; total trials=259; class counts and frozen label order preserved; replacement subsets nested across ratios; validation and test are real EEG,
success,gaussian_class_channel_time_fixed_size_ratios_90_10_seed42,gaussian_cct_replace_50pct_real,9,0,0,39,0.13793103448275867,0.33333333333333337,129,130,29,288,22,1000,real_gaussian_fixed_size_replacement,/home/jovyan/eeg-repro/high-gamma-data/data/processed/vae_repo_90_10_seed42/real_splits/S09_real_splits.npz,/home/jovyan/eeg-repro/high-gamma-data/data/generated/vae_repo_90_10_seed42/gaussian/gaussian_class_channel_time/S09_generator-seed0.npz,44.295604813843966,Fixed-size paired replacement; requested synthetic ratio=50%; real trials=129; synthetic trials=130; total trials=259; class counts and frozen label order preserved; replacement subsets nested across ratios; validation and test are real EEG,
success,gaussian_class_channel_time_fixed_size_ratios_90_10_seed42,gaussian_cct_replace_50pct_real,9,0,1,17,0.13793103448275867,0.3368055555555556,129,130,29,288,22,1000,real_gaussian_fixed_size_replacement,/home/jovyan/eeg-repro/high-gamma-data/data/processed/vae_repo_90_10_seed42/real_splits/S09_real_splits.npz,/home/jovyan/eeg-repro/high-gamma-data/data/generated/vae_repo_90_10_seed42/gaussian/gaussian_class_channel_time/S09_generator-seed0.npz,31.573864072561264,Fixed-size paired replacement; requested synthetic ratio=50%; real trials=129; synthetic trials=130; total trials=259; class counts and frozen label order preserved; replacement subsets nested across ratios; validation and test are real EEG,
success,gaussian_class_channel_time_fixed_size_ratios_90_10_seed42,gaussian_cct_replace_50pct_real,9,0,2,34,0.1724137931034483,0.3715277777777778,129,130,29,288,22,1000,real_gaussian_fixed_size_replacement,/home/jovyan/eeg-repro/high-gamma-data/data/processed/vae_repo_90_10_seed42/real_splits/S09_real_splits.npz,/home/jovyan/eeg-repro/high-gamma-data/data/generated/vae_repo_90_10_seed42/gaussian/gaussian_class_channel_time/S09_generator-seed0.npz,32.65676827728748,Fixed-size paired replacement; requested synthetic ratio=50%; real trials=129; synthetic trials=130; total trials=259; class counts and frozen label order preserved; replacement subsets nested across ratios; validation and test are real EEG,
success,gaussian_class_channel_time_fixed_size_ratios_90_10_seed42,gaussian_cct_replace_50pct_real,9,1,0,61,0.13793103448275867,0.33333333333333337,129,130,29,288,22,1000,real_gaussian_fixed_size_replacement,/home/jovyan/eeg-repro/high-gamma-data/data/processed/vae_repo_90_10_seed42/real_splits/S09_real_splits.npz,/home/jovyan/eeg-repro/high-gamma-data/data/generated/vae_repo_90_10_seed42/gaussian/gaussian_class_channel_time/S09_generator-seed1.npz,40.3920129686594,Fixed-size paired replacement; requested synthetic ratio=50%; real trials=129; synthetic trials=130; total trials=259; class counts and frozen label order preserved; replacement subsets nested across ratios; validation and test are real EEG,
success,gaussian_class_channel_time_fixed_size_ratios_90_10_seed42,gaussian_cct_replace_50pct_real,9,1,1,43,0.2068965517241379,0.4131944444444444,129,130,29,288,22,1000,real_gaussian_fixed_size_replacement,/home/jovyan/eeg-repro/high-gamma-data/data/processed/vae_repo_90_10_seed42/real_splits/S09_real_splits.npz,/home/jovyan/eeg-repro/high-gamma-data/data/generated/vae_repo_90_10_seed42/gaussian/gaussian_class_channel_time/S09_generator-seed1.npz,28.3996207639575,Fixed-size paired replacement; requested synthetic ratio=50%; real trials=129; synthetic trials=130; total trials=259; class counts and frozen label order preserved; replacement subsets nested across ratios; validation and test are real EEG,
success,gaussian_class_channel_time_fixed_size_ratios_90_10_seed42,gaussian_cct_replace_50pct_real,9,1,2,20,0.1724137931034483,0.39583333333333337,129,130,29,288,22,1000,real_gaussian_fixed_size_replacement,/home/jovyan/eeg-repro/high-gamma-data/data/processed/vae_repo_90_10_seed42/real_splits/S09_real_splits.npz,/home/jovyan/eeg-repro/high-gamma-data/data/generated/vae_repo_90_10_seed42/gaussian/gaussian_class_channel_time/S09_generator-seed1.npz,33.08939738944173,Fixed-size paired replacement; requested synthetic ratio=50%; real trials=129; synthetic trials=130; total trials=259; class counts and frozen label order preserved; replacement subsets nested across ratios; validation and test are real EEG,
success,gaussian_class_channel_time_fixed_size_ratios_90_10_seed42,gaussian_cct_replace_50pct_real,9,2,0,20,0.13793103448275867,0.41666666666666663,129,130,29,288,22,1000,real_gaussian_fixed_size_replacement,/home/jovyan/eeg-repro/high-gamma-data/data/processed/vae_repo_90_10_seed42/real_splits/S09_real_splits.npz,/home/jovyan/eeg-repro/high-gamma-data/data/generated/vae_repo_90_10_seed42/gaussian/gaussian_class_channel_time/S09_generator-seed2.npz,33.04580021649599,Fixed-size paired replacement; requested synthetic ratio=50%; real trials=129; synthetic trials=130; total trials=259; class counts and frozen label order preserved; replacement subsets nested across ratios; validation and test are real EEG,
success,gaussian_class_channel_time_fixed_size_ratios_90_10_seed42,gaussian_cct_replace_50pct_real,9,2,1,28,0.13793103448275867,0.36458333333333337,129,130,29,288,22,1000,real_gaussian_fixed_size_replacement,/home/jovyan/eeg-repro/high-gamma-data/data/processed/vae_repo_90_10_seed42/real_splits/S09_real_splits.npz,/home/jovyan/eeg-repro/high-gamma-data/data/generated/vae_repo_90_10_seed42/gaussian/gaussian_class_channel_time/S09_generator-seed2.npz,31.01499715447426,Fixed-size paired replacement; requested synthetic ratio=50%; real trials=129; synthetic trials=130; total trials=259; class counts and frozen label order preserved; replacement subsets nested across ratios; validation and test are real EEG,
success,gaussian_class_channel_time_fixed_size_ratios_90_10_seed42,gaussian_cct_replace_50pct_real,9,2,2,24,0.13793103448275867,0.4097222222222222,129,130,29,288,22,1000,real_gaussian_fixed_size_replacement,/home/jovyan/eeg-repro/high-gamma-data/data/processed/vae_repo_90_10_seed42/real_splits/S09_real_splits.npz,/home/jovyan/eeg-repro/high-gamma-data/data/generated/vae_repo_90_10_seed42/gaussian/gaussian_class_channel_time/S09_generator-seed2.npz,35.32980842143297,Fixed-size paired replacement; requested synthetic ratio=50%; real trials=129; synthetic trials=130; total trials=259; class counts and frozen label order preserved; replacement subsets nested across ratios; validation and test are real EEG,
success,gaussian_class_channel_time_fixed_size_ratios_90_10_seed42,gaussian_cct_replace_75pct_real,1,0,0,28,0.3448275862068966,0.40625,65,194,29,288,22,1000,real_gaussian_fixed_size_replacement,/home/jovyan/eeg-repro/high-gamma-data/data/processed/vae_repo_90_10_seed42/real_splits/S01_real_splits.npz,/home/jovyan/eeg-repro/high-gamma-data/data/generated/vae_repo_90_10_seed42/gaussian/gaussian_class_channel_time/S01_generator-seed0.npz,37.72907625883818,Fixed-size paired replacement; requested synthetic ratio=75%; real trials=65; synthetic trials=194; total trials=259; class counts and frozen label order preserved; replacement subsets nested across ratios; validation and test are real EEG,
success,gaussian_class_channel_time_fixed_size_ratios_90_10_seed42,gaussian_cct_replace_75pct_real,1,0,1,40,0.3793103448275862,0.4097222222222222,65,194,29,288,22,1000,real_gaussian_fixed_size_replacement,/home/jovyan/eeg-repro/high-gamma-data/data/processed/vae_repo_90_10_seed42/real_splits/S01_real_splits.npz,/home/jovyan/eeg-repro/high-gamma-data/data/generated/vae_repo_90_10_seed42/gaussian/gaussian_class_channel_time/S01_generator-seed0.npz,45.41207683831453,Fixed-size paired replacement; requested synthetic ratio=75%; real trials=65; synthetic trials=194; total trials=259; class counts and frozen label order preserved; replacement subsets nested across ratios; validation and test are real EEG,
success,gaussian_class_channel_time_fixed_size_ratios_90_10_seed42,gaussian_cct_replace_75pct_real,1,0,2,37,0.3448275862068966,0.39583333333333337,65,194,29,288,22,1000,real_gaussian_fixed_size_replacement,/home/jovyan/eeg-repro/high-gamma-data/data/processed/vae_repo_90_10_seed42/real_splits/S01_real_splits.npz,/home/jovyan/eeg-repro/high-gamma-data/data/generated/vae_repo_90_10_seed42/gaussian/gaussian_class_channel_time/S01_generator-seed0.npz,43.12088880687952,Fixed-size paired replacement; requested synthetic ratio=75%; real trials=65; synthetic trials=194; total trials=259; class counts and frozen label order preserved; replacement subsets nested across ratios; validation and test are real EEG,
success,gaussian_class_channel_time_fixed_size_ratios_90_10_seed42,gaussian_cct_replace_75pct_real,1,1,0,43,0.31034482758620685,0.39236111111111116,65,194,29,288,22,1000,real_gaussian_fixed_size_replacement,/home/jovyan/eeg-repro/high-gamma-data/data/processed/vae_repo_90_10_seed42/real_splits/S01_real_splits.npz,/home/jovyan/eeg-repro/high-gamma-data/data/generated/vae_repo_90_10_seed42/gaussian/gaussian_class_channel_time/S01_generator-seed1.npz,39.57727113366127,Fixed-size paired replacement; requested synthetic ratio=75%; real trials=65; synthetic trials=194; total trials=259; class counts and frozen label order preserved; replacement subsets nested across ratios; validation and test are real EEG,
success,gaussian_class_channel_time_fixed_size_ratios_90_10_seed42,gaussian_cct_replace_75pct_real,1,1,1,48,0.3448275862068966,0.39236111111111116,65,194,29,288,22,1000,real_gaussian_fixed_size_replacement,/home/jovyan/eeg-repro/high-gamma-data/data/processed/vae_repo_90_10_seed42/real_splits/S01_real_splits.npz,/home/jovyan/eeg-repro/high-gamma-data/data/generated/vae_repo_90_10_seed42/gaussian/gaussian_class_channel_time/S01_generator-seed1.npz,32.842620350420475,Fixed-size paired replacement; requested synthetic ratio=75%; real trials=65; synthetic trials=194; total trials=259; class counts and frozen label order preserved; replacement subsets nested across ratios; validation and test are real EEG,
success,gaussian_class_channel_time_fixed_size_ratios_90_10_seed42,gaussian_cct_replace_75pct_real,1,1,2,49,0.31034482758620685,0.39583333333333337,65,194,29,288,22,1000,real_gaussian_fixed_size_replacement,/home/jovyan/eeg-repro/high-gamma-data/data/processed/vae_repo_90_10_seed42/real_splits/S01_real_splits.npz,/home/jovyan/eeg-repro/high-gamma-data/data/generated/vae_repo_90_10_seed42/gaussian/gaussian_class_channel_time/S01_generator-seed1.npz,50.475457318127155,Fixed-size paired replacement; requested synthetic ratio=75%; real trials=65; synthetic trials=194; total trials=259; class counts and frozen label order preserved; replacement subsets nested across ratios; validation and test are real EEG,
success,gaussian_class_channel_time_fixed_size_ratios_90_10_seed42,gaussian_cct_replace_75pct_real,1,2,0,28,0.3448275862068966,0.4409722222222222,65,194,29,288,22,1000,real_gaussian_fixed_size_replacement,/home/jovyan/eeg-repro/high-gamma-data/data/processed/vae_repo_90_10_seed42/real_splits/S01_real_splits.npz,/home/jovyan/eeg-repro/high-gamma-data/data/generated/vae_repo_90_10_seed42/gaussian/gaussian_class_channel_time/S01_generator-seed2.npz,34.59997198358178,Fixed-size paired replacement; requested synthetic ratio=75%; real trials=65; synthetic trials=194; total trials=259; class counts and frozen label order preserved; replacement subsets nested across ratios; validation and test are real EEG,
success,gaussian_class_channel_time_fixed_size_ratios_90_10_seed42,gaussian_cct_replace_75pct_real,1,2,1,40,0.3448275862068966,0.42361111111111116,65,194,29,288,22,1000,real_gaussian_fixed_size_replacement,/home/jovyan/eeg-repro/high-gamma-data/data/processed/vae_repo_90_10_seed42/real_splits/S01_real_splits.npz,/home/jovyan/eeg-repro/high-gamma-data/data/generated/vae_repo_90_10_seed42/gaussian/gaussian_class_channel_time/S01_generator-seed2.npz,45.488243740051985,Fixed-size paired replacement; requested synthetic ratio=75%; real trials=65; synthetic trials=194; total trials=259; class counts and frozen label order preserved; replacement subsets nested across ratios; validation and test are real EEG,
success,gaussian_class_channel_time_fixed_size_ratios_90_10_seed42,gaussian_cct_replace_75pct_real,1,2,2,37,0.3793103448275862,0.4097222222222222,65,194,29,288,22,1000,real_gaussian_fixed_size_replacement,/home/jovyan/eeg-repro/high-gamma-data/data/processed/vae_repo_90_10_seed42/real_splits/S01_real_splits.npz,/home/jovyan/eeg-repro/high-gamma-data/data/generated/vae_repo_90_10_seed42/gaussian/gaussian_class_channel_time/S01_generator-seed2.npz,42.92473691701889,Fixed-size paired replacement; requested synthetic ratio=75%; real trials=65; synthetic trials=194; total trials=259; class counts and frozen label order preserved; replacement subsets nested across ratios; validation and test are real EEG,
success,gaussian_class_channel_time_fixed_size_ratios_90_10_seed42,gaussian_cct_replace_75pct_real,2,0,0,25,0.48275862068965514,0.6805555555555556,65,194,29,288,22,1000,real_gaussian_fixed_size_replacement,/home/jovyan/eeg-repro/high-gamma-data/data/processed/vae_repo_90_10_seed42/real_splits/S02_real_splits.npz,/home/jovyan/eeg-repro/high-gamma-data/data/generated/vae_repo_90_10_seed42/gaussian/gaussian_class_channel_time/S02_generator-seed0.npz,35.67808662354946,Fixed-size paired replacement; requested synthetic ratio=75%; real trials=65; synthetic trials=194; total trials=259; class counts and frozen label order preserved; replacement subsets nested across ratios; validation and test are real EEG,
success,gaussian_class_channel_time_fixed_size_ratios_90_10_seed42,gaussian_cct_replace_75pct_real,2,0,1,9,0.4137931034482759,0.7222222222222222,65,194,29,288,22,1000,real_gaussian_fixed_size_replacement,/home/jovyan/eeg-repro/high-gamma-data/data/processed/vae_repo_90_10_seed42/real_splits/S02_real_splits.npz,/home/jovyan/eeg-repro/high-gamma-data/data/generated/vae_repo_90_10_seed42/gaussian/gaussian_class_channel_time/S02_generator-seed0.npz,25.728699512779713,Fixed-size paired replacement; requested synthetic ratio=75%; real trials=65; synthetic trials=194; total trials=259; class counts and frozen label order preserved; replacement subsets nested across ratios; validation and test are real EEG,
success,gaussian_class_channel_time_fixed_size_ratios_90_10_seed42,gaussian_cct_replace_75pct_real,2,0,2,12,0.3448275862068966,0.6944444444444444,65,194,29,288,22,1000,real_gaussian_fixed_size_replacement,/home/jovyan/eeg-repro/high-gamma-data/data/processed/vae_repo_90_10_seed42/real_splits/S02_real_splits.npz,/home/jovyan/eeg-repro/high-gamma-data/data/generated/vae_repo_90_10_seed42/gaussian/gaussian_class_channel_time/S02_generator-seed0.npz,27.952773947268724,Fixed-size paired replacement; requested synthetic ratio=75%; real trials=65; synthetic trials=194; total trials=259; class counts and frozen label order preserved; replacement subsets nested across ratios; validation and test are real EEG,
success,gaussian_class_channel_time_fixed_size_ratios_90_10_seed42,gaussian_cct_replace_75pct_real,2,1,0,20,0.3793103448275862,0.6666666666666667,65,194,29,288,22,1000,real_gaussian_fixed_size_replacement,/home/jovyan/eeg-repro/high-gamma-data/data/processed/vae_repo_90_10_seed42/real_splits/S02_real_splits.npz,/home/jovyan/eeg-repro/high-gamma-data/data/generated/vae_repo_90_10_seed42/gaussian/gaussian_class_channel_time/S02_generator-seed1.npz,32.96158741042018,Fixed-size paired replacement; requested synthetic ratio=75%; real trials=65; synthetic trials=194; total trials=259; class counts and frozen label order preserved; replacement subsets nested across ratios; validation and test are real EEG,
success,gaussian_class_channel_time_fixed_size_ratios_90_10_seed42,gaussian_cct_replace_75pct_real,2,1,1,21,0.31034482758620685,0.6805555555555556,65,194,29,288,22,1000,real_gaussian_fixed_size_replacement,/home/jovyan/eeg-repro/high-gamma-data/data/processed/vae_repo_90_10_seed42/real_splits/S02_real_splits.npz,/home/jovyan/eeg-repro/high-gamma-data/data/generated/vae_repo_90_10_seed42/gaussian/gaussian_class_channel_time/S02_generator-seed1.npz,33.349933095276356,Fixed-size paired replacement; requested synthetic ratio=75%; real trials=65; synthetic trials=194; total trials=259; class counts and frozen label order preserved; replacement subsets nested across ratios; validation and test are real EEG,
success,gaussian_class_channel_time_fixed_size_ratios_90_10_seed42,gaussian_cct_replace_75pct_real,2,1,2,12,0.3448275862068966,0.6979166666666667,65,194,29,288,22,1000,real_gaussian_fixed_size_replacement,/home/jovyan/eeg-repro/high-gamma-data/data/processed/vae_repo_90_10_seed42/real_splits/S02_real_splits.npz,/home/jovyan/eeg-repro/high-gamma-data/data/generated/vae_repo_90_10_seed42/gaussian/gaussian_class_channel_time/S02_generator-seed1.npz,27.500727701932192,Fixed-size paired replacement; requested synthetic ratio=75%; real trials=65; synthetic trials=194; total trials=259; class counts and frozen label order preserved; replacement subsets nested across ratios; validation and test are real EEG,
success,gaussian_class_channel_time_fixed_size_ratios_90_10_seed42,gaussian_cct_replace_75pct_real,2,2,0,26,0.48275862068965514,0.6875,65,194,29,288,22,1000,real_gaussian_fixed_size_replacement,/home/jovyan/eeg-repro/high-gamma-data/data/processed/vae_repo_90_10_seed42/real_splits/S02_real_splits.npz,/home/jovyan/eeg-repro/high-gamma-data/data/generated/vae_repo_90_10_seed42/gaussian/gaussian_class_channel_time/S02_generator-seed2.npz,31.270297449082136,Fixed-size paired replacement; requested synthetic ratio=75%; real trials=65; synthetic trials=194; total trials=259; class counts and frozen label order preserved; replacement subsets nested across ratios; validation and test are real EEG,
success,gaussian_class_channel_time_fixed_size_ratios_90_10_seed42,gaussian_cct_replace_75pct_real,2,2,1,17,0.3448275862068966,0.7048611111111112,65,194,29,288,22,1000,real_gaussian_fixed_size_replacement,/home/jovyan/eeg-repro/high-gamma-data/data/processed/vae_repo_90_10_seed42/real_splits/S02_real_splits.npz,/home/jovyan/eeg-repro/high-gamma-data/data/generated/vae_repo_90_10_seed42/gaussian/gaussian_class_channel_time/S02_generator-seed2.npz,30.346018064767122,Fixed-size paired replacement; requested synthetic ratio=75%; real trials=65; synthetic trials=194; total trials=259; class counts and frozen label order preserved; replacement subsets nested across ratios; validation and test are real EEG,
success,gaussian_class_channel_time_fixed_size_ratios_90_10_seed42,gaussian_cct_replace_75pct_real,2,2,2,32,0.4137931034482759,0.6770833333333333,65,194,29,288,22,1000,real_gaussian_fixed_size_replacement,/home/jovyan/eeg-repro/high-gamma-data/data/processed/vae_repo_90_10_seed42/real_splits/S02_real_splits.npz,/home/jovyan/eeg-repro/high-gamma-data/data/generated/vae_repo_90_10_seed42/gaussian/gaussian_class_channel_time/S02_generator-seed2.npz,39.983732134103775,Fixed-size paired replacement; requested synthetic ratio=75%; real trials=65; synthetic trials=194; total trials=259; class counts and frozen label order preserved; replacement subsets nested across ratios; validation and test are real EEG,
success,gaussian_class_channel_time_fixed_size_ratios_90_10_seed42,gaussian_cct_replace_75pct_real,3,0,0,57,0.24137931034482762,0.35763888888888884,65,194,29,288,22,1000,real_gaussian_fixed_size_replacement,/home/jovyan/eeg-repro/high-gamma-data/data/processed/vae_repo_90_10_seed42/real_splits/S03_real_splits.npz,/home/jovyan/eeg-repro/high-gamma-data/data/generated/vae_repo_90_10_seed42/gaussian/gaussian_class_channel_time/S03_generator-seed0.npz,37.096544682979584,Fixed-size paired replacement; requested synthetic ratio=75%; real trials=65; synthetic trials=194; total trials=259; class counts and frozen label order preserved; replacement subsets nested across ratios; validation and test are real EEG,
success,gaussian_class_channel_time_fixed_size_ratios_90_10_seed42,gaussian_cct_replace_75pct_real,3,0,1,47,0.24137931034482762,0.36458333333333337,65,194,29,288,22,1000,real_gaussian_fixed_size_replacement,/home/jovyan/eeg-repro/high-gamma-data/data/processed/vae_repo_90_10_seed42/real_splits/S03_real_splits.npz,/home/jovyan/eeg-repro/high-gamma-data/data/generated/vae_repo_90_10_seed42/gaussian/gaussian_class_channel_time/S03_generator-seed0.npz,35.533553920686245,Fixed-size paired replacement; requested synthetic ratio=75%; real trials=65; synthetic trials=194; total trials=259; class counts and frozen label order preserved; replacement subsets nested across ratios; validation and test are real EEG,
success,gaussian_class_channel_time_fixed_size_ratios_90_10_seed42,gaussian_cct_replace_75pct_real,3,0,2,56,0.24137931034482762,0.36458333333333337,65,194,29,288,22,1000,real_gaussian_fixed_size_replacement,/home/jovyan/eeg-repro/high-gamma-data/data/processed/vae_repo_90_10_seed42/real_splits/S03_real_splits.npz,/home/jovyan/eeg-repro/high-gamma-data/data/generated/vae_repo_90_10_seed42/gaussian/gaussian_class_channel_time/S03_generator-seed0.npz,42.23362634330988,Fixed-size paired replacement; requested synthetic ratio=75%; real trials=65; synthetic trials=194; total trials=259; class counts and frozen label order preserved; replacement subsets nested across ratios; validation and test are real EEG,
success,gaussian_class_channel_time_fixed_size_ratios_90_10_seed42,gaussian_cct_replace_75pct_real,3,1,0,47,0.27586206896551724,0.3993055555555556,65,194,29,288,22,1000,real_gaussian_fixed_size_replacement,/home/jovyan/eeg-repro/high-gamma-data/data/processed/vae_repo_90_10_seed42/real_splits/S03_real_splits.npz,/home/jovyan/eeg-repro/high-gamma-data/data/generated/vae_repo_90_10_seed42/gaussian/gaussian_class_channel_time/S03_generator-seed1.npz,32.50709027424455,Fixed-size paired replacement; requested synthetic ratio=75%; real trials=65; synthetic trials=194; total trials=259; class counts and frozen label order preserved; replacement subsets nested across ratios; validation and test are real EEG,
success,gaussian_class_channel_time_fixed_size_ratios_90_10_seed42,gaussian_cct_replace_75pct_real,3,1,1,37,0.24137931034482762,0.35763888888888884,65,194,29,288,22,1000,real_gaussian_fixed_size_replacement,/home/jovyan/eeg-repro/high-gamma-data/data/processed/vae_repo_90_10_seed42/real_splits/S03_real_splits.npz,/home/jovyan/eeg-repro/high-gamma-data/data/generated/vae_repo_90_10_seed42/gaussian/gaussian_class_channel_time/S03_generator-seed1.npz,43.4024293795228,Fixed-size paired replacement; requested synthetic ratio=75%; real trials=65; synthetic trials=194; total trials=259; class counts and frozen label order preserved; replacement subsets nested across ratios; validation and test are real EEG,
success,gaussian_class_channel_time_fixed_size_ratios_90_10_seed42,gaussian_cct_replace_75pct_real,3,1,2,46,0.27586206896551724,0.41666666666666663,65,194,29,288,22,1000,real_gaussian_fixed_size_replacement,/home/jovyan/eeg-repro/high-gamma-data/data/processed/vae_repo_90_10_seed42/real_splits/S03_real_splits.npz,/home/jovyan/eeg-repro/high-gamma-data/data/generated/vae_repo_90_10_seed42/gaussian/gaussian_class_channel_time/S03_generator-seed1.npz,34.4107829965651,Fixed-size paired replacement; requested synthetic ratio=75%; real trials=65; synthetic trials=194; total trials=259; class counts and frozen label order preserved; replacement subsets nested across ratios; validation and test are real EEG,
success,gaussian_class_channel_time_fixed_size_ratios_90_10_seed42,gaussian_cct_replace_75pct_real,3,2,0,56,0.27586206896551724,0.36111111111111116,65,194,29,288,22,1000,real_gaussian_fixed_size_replacement,/home/jovyan/eeg-repro/high-gamma-data/data/processed/vae_repo_90_10_seed42/real_splits/S03_real_splits.npz,/home/jovyan/eeg-repro/high-gamma-data/data/generated/vae_repo_90_10_seed42/gaussian/gaussian_class_channel_time/S03_generator-seed2.npz,36.77095600217581,Fixed-size paired replacement; requested synthetic ratio=75%; real trials=65; synthetic trials=194; total trials=259; class counts and frozen label order preserved; replacement subsets nested across ratios; validation and test are real EEG,
success,gaussian_class_channel_time_fixed_size_ratios_90_10_seed42,gaussian_cct_replace_75pct_real,3,2,1,37,0.24137931034482762,0.3715277777777778,65,194,29,288,22,1000,real_gaussian_fixed_size_replacement,/home/jovyan/eeg-repro/high-gamma-data/data/processed/vae_repo_90_10_seed42/real_splits/S03_real_splits.npz,/home/jovyan/eeg-repro/high-gamma-data/data/generated/vae_repo_90_10_seed42/gaussian/gaussian_class_channel_time/S03_generator-seed2.npz,35.11469706520438,Fixed-size paired replacement; requested synthetic ratio=75%; real trials=65; synthetic trials=194; total trials=259; class counts and frozen label order preserved; replacement subsets nested across ratios; validation and test are real EEG,
success,gaussian_class_channel_time_fixed_size_ratios_90_10_seed42,gaussian_cct_replace_75pct_real,3,2,2,46,0.27586206896551724,0.42708333333333337,65,194,29,288,22,1000,real_gaussian_fixed_size_replacement,/home/jovyan/eeg-repro/high-gamma-data/data/processed/vae_repo_90_10_seed42/real_splits/S03_real_splits.npz,/home/jovyan/eeg-repro/high-gamma-data/data/generated/vae_repo_90_10_seed42/gaussian/gaussian_class_channel_time/S03_generator-seed2.npz,38.83232417702675,Fixed-size paired replacement; requested synthetic ratio=75%; real trials=65; synthetic trials=194; total trials=259; class counts and frozen label order preserved; replacement subsets nested across ratios; validation and test are real EEG,
success,gaussian_class_channel_time_fixed_size_ratios_90_10_seed42,gaussian_cct_replace_75pct_real,4,0,0,40,0.5517241379310345,0.5729166666666667,64,195,29,288,22,1000,real_gaussian_fixed_size_replacement,/home/jovyan/eeg-repro/high-gamma-data/data/processed/vae_repo_90_10_seed42/real_splits/S04_real_splits.npz,/home/jovyan/eeg-repro/high-gamma-data/data/generated/vae_repo_90_10_seed42/gaussian/gaussian_class_channel_time/S04_generator-seed0.npz,25.622650422155857,Fixed-size paired replacement; requested synthetic ratio=75%; real trials=64; synthetic trials=195; total trials=259; class counts and frozen label order preserved; replacement subsets nested across ratios; validation and test are real EEG,
success,gaussian_class_channel_time_fixed_size_ratios_90_10_seed42,gaussian_cct_replace_75pct_real,4,0,1,82,0.5172413793103448,0.5729166666666667,64,195,29,288,22,1000,real_gaussian_fixed_size_replacement,/home/jovyan/eeg-repro/high-gamma-data/data/processed/vae_repo_90_10_seed42/real_splits/S04_real_splits.npz,/home/jovyan/eeg-repro/high-gamma-data/data/generated/vae_repo_90_10_seed42/gaussian/gaussian_class_channel_time/S04_generator-seed0.npz,56.23719932883978,Fixed-size paired replacement; requested synthetic ratio=75%; real trials=64; synthetic trials=195; total trials=259; class counts and frozen label order preserved; replacement subsets nested across ratios; validation and test are real EEG,
success,gaussian_class_channel_time_fixed_size_ratios_90_10_seed42,gaussian_cct_replace_75pct_real,4,0,2,42,0.5517241379310345,0.5972222222222222,64,195,29,288,22,1000,real_gaussian_fixed_size_replacement,/home/jovyan/eeg-repro/high-gamma-data/data/processed/vae_repo_90_10_seed42/real_splits/S04_real_splits.npz,/home/jovyan/eeg-repro/high-gamma-data/data/generated/vae_repo_90_10_seed42/gaussian/gaussian_class_channel_time/S04_generator-seed0.npz,28.327940482646227,Fixed-size paired replacement; requested synthetic ratio=75%; real trials=64; synthetic trials=195; total trials=259; class counts and frozen label order preserved; replacement subsets nested across ratios; validation and test are real EEG,
success,gaussian_class_channel_time_fixed_size_ratios_90_10_seed42,gaussian_cct_replace_75pct_real,4,1,0,85,0.4482758620689655,0.5555555555555556,64,195,29,288,22,1000,real_gaussian_fixed_size_replacement,/home/jovyan/eeg-repro/high-gamma-data/data/processed/vae_repo_90_10_seed42/real_splits/S04_real_splits.npz,/home/jovyan/eeg-repro/high-gamma-data/data/generated/vae_repo_90_10_seed42/gaussian/gaussian_class_channel_time/S04_generator-seed1.npz,63.19569657370448,Fixed-size paired replacement; requested synthetic ratio=75%; real trials=64; synthetic trials=195; total trials=259; class counts and frozen label order preserved; replacement subsets nested across ratios; validation and test are real EEG,
success,gaussian_class_channel_time_fixed_size_ratios_90_10_seed42,gaussian_cct_replace_75pct_real,4,1,1,48,0.5172413793103448,0.5520833333333333,64,195,29,288,22,1000,real_gaussian_fixed_size_replacement,/home/jovyan/eeg-repro/high-gamma-data/data/processed/vae_repo_90_10_seed42/real_splits/S04_real_splits.npz,/home/jovyan/eeg-repro/high-gamma-data/data/generated/vae_repo_90_10_seed42/gaussian/gaussian_class_channel_time/S04_generator-seed1.npz,31.116884127259254,Fixed-size paired replacement; requested synthetic ratio=75%; real trials=64; synthetic trials=195; total trials=259; class counts and frozen label order preserved; replacement subsets nested across ratios; validation and test are real EEG,
success,gaussian_class_channel_time_fixed_size_ratios_90_10_seed42,gaussian_cct_replace_75pct_real,4,1,2,50,0.4482758620689655,0.5590277777777778,64,195,29,288,22,1000,real_gaussian_fixed_size_replacement,/home/jovyan/eeg-repro/high-gamma-data/data/processed/vae_repo_90_10_seed42/real_splits/S04_real_splits.npz,/home/jovyan/eeg-repro/high-gamma-data/data/generated/vae_repo_90_10_seed42/gaussian/gaussian_class_channel_time/S04_generator-seed1.npz,50.89131961017847,Fixed-size paired replacement; requested synthetic ratio=75%; real trials=64; synthetic trials=195; total trials=259; class counts and frozen label order preserved; replacement subsets nested across ratios; validation and test are real EEG,
success,gaussian_class_channel_time_fixed_size_ratios_90_10_seed42,gaussian_cct_replace_75pct_real,4,2,0,9,0.5172413793103448,0.5972222222222222,64,195,29,288,22,1000,real_gaussian_fixed_size_replacement,/home/jovyan/eeg-repro/high-gamma-data/data/processed/vae_repo_90_10_seed42/real_splits/S04_real_splits.npz,/home/jovyan/eeg-repro/high-gamma-data/data/generated/vae_repo_90_10_seed42/gaussian/gaussian_class_channel_time/S04_generator-seed2.npz,25.094121418893337,Fixed-size paired replacement; requested synthetic ratio=75%; real trials=64; synthetic trials=195; total trials=259; class counts and frozen label order preserved; replacement subsets nested across ratios; validation and test are real EEG,
success,gaussian_class_channel_time_fixed_size_ratios_90_10_seed42,gaussian_cct_replace_75pct_real,4,2,1,18,0.5517241379310345,0.5798611111111112,64,195,29,288,22,1000,real_gaussian_fixed_size_replacement,/home/jovyan/eeg-repro/high-gamma-data/data/processed/vae_repo_90_10_seed42/real_splits/S04_real_splits.npz,/home/jovyan/eeg-repro/high-gamma-data/data/generated/vae_repo_90_10_seed42/gaussian/gaussian_class_channel_time/S04_generator-seed2.npz,31.22720953077078,Fixed-size paired replacement; requested synthetic ratio=75%; real trials=64; synthetic trials=195; total trials=259; class counts and frozen label order preserved; replacement subsets nested across ratios; validation and test are real EEG,
success,gaussian_class_channel_time_fixed_size_ratios_90_10_seed42,gaussian_cct_replace_75pct_real,4,2,2,19,0.48275862068965514,0.59375,64,195,29,288,22,1000,real_gaussian_fixed_size_replacement,/home/jovyan/eeg-repro/high-gamma-data/data/processed/vae_repo_90_10_seed42/real_splits/S04_real_splits.npz,/home/jovyan/eeg-repro/high-gamma-data/data/generated/vae_repo_90_10_seed42/gaussian/gaussian_class_channel_time/S04_generator-seed2.npz,30.797729965299368,Fixed-size paired replacement; requested synthetic ratio=75%; real trials=64; synthetic trials=195; total trials=259; class counts and frozen label order preserved; replacement subsets nested across ratios; validation and test are real EEG,
success,gaussian_class_channel_time_fixed_size_ratios_90_10_seed42,gaussian_cct_replace_75pct_real,5,0,0,81,0.3448275862068966,0.7083333333333333,65,194,29,288,22,1000,real_gaussian_fixed_size_replacement,/home/jovyan/eeg-repro/high-gamma-data/data/processed/vae_repo_90_10_seed42/real_splits/S05_real_splits.npz,/home/jovyan/eeg-repro/high-gamma-data/data/generated/vae_repo_90_10_seed42/gaussian/gaussian_class_channel_time/S05_generator-seed0.npz,57.30890458077192,Fixed-size paired replacement; requested synthetic ratio=75%; real trials=65; synthetic trials=194; total trials=259; class counts and frozen label order preserved; replacement subsets nested across ratios; validation and test are real EEG,
success,gaussian_class_channel_time_fixed_size_ratios_90_10_seed42,gaussian_cct_replace_75pct_real,5,0,1,49,0.27586206896551724,0.6909722222222222,65,194,29,288,22,1000,real_gaussian_fixed_size_replacement,/home/jovyan/eeg-repro/high-gamma-data/data/processed/vae_repo_90_10_seed42/real_splits/S05_real_splits.npz,/home/jovyan/eeg-repro/high-gamma-data/data/generated/vae_repo_90_10_seed42/gaussian/gaussian_class_channel_time/S05_generator-seed0.npz,50.621706146746874,Fixed-size paired replacement; requested synthetic ratio=75%; real trials=65; synthetic trials=194; total trials=259; class counts and frozen label order preserved; replacement subsets nested across ratios; validation and test are real EEG,
success,gaussian_class_channel_time_fixed_size_ratios_90_10_seed42,gaussian_cct_replace_75pct_real,5,0,2,55,0.31034482758620685,0.7256944444444444,65,194,29,288,22,1000,real_gaussian_fixed_size_replacement,/home/jovyan/eeg-repro/high-gamma-data/data/processed/vae_repo_90_10_seed42/real_splits/S05_real_splits.npz,/home/jovyan/eeg-repro/high-gamma-data/data/generated/vae_repo_90_10_seed42/gaussian/gaussian_class_channel_time/S05_generator-seed0.npz,54.441380344331264,Fixed-size paired replacement; requested synthetic ratio=75%; real trials=65; synthetic trials=194; total trials=259; class counts and frozen label order preserved; replacement subsets nested across ratios; validation and test are real EEG,
success,gaussian_class_channel_time_fixed_size_ratios_90_10_seed42,gaussian_cct_replace_75pct_real,5,1,0,56,0.3448275862068966,0.7430555555555556,65,194,29,288,22,1000,real_gaussian_fixed_size_replacement,/home/jovyan/eeg-repro/high-gamma-data/data/processed/vae_repo_90_10_seed42/real_splits/S05_real_splits.npz,/home/jovyan/eeg-repro/high-gamma-data/data/generated/vae_repo_90_10_seed42/gaussian/gaussian_class_channel_time/S05_generator-seed1.npz,54.96258480101824,Fixed-size paired replacement; requested synthetic ratio=75%; real trials=65; synthetic trials=194; total trials=259; class counts and frozen label order preserved; replacement subsets nested across ratios; validation and test are real EEG,
success,gaussian_class_channel_time_fixed_size_ratios_90_10_seed42,gaussian_cct_replace_75pct_real,5,1,1,70,0.31034482758620685,0.6909722222222222,65,194,29,288,22,1000,real_gaussian_fixed_size_replacement,/home/jovyan/eeg-repro/high-gamma-data/data/processed/vae_repo_90_10_seed42/real_splits/S05_real_splits.npz,/home/jovyan/eeg-repro/high-gamma-data/data/generated/vae_repo_90_10_seed42/gaussian/gaussian_class_channel_time/S05_generator-seed1.npz,63.30668790265918,Fixed-size paired replacement; requested synthetic ratio=75%; real trials=65; synthetic trials=194; total trials=259; class counts and frozen label order preserved; replacement subsets nested across ratios; validation and test are real EEG,
success,gaussian_class_channel_time_fixed_size_ratios_90_10_seed42,gaussian_cct_replace_75pct_real,5,1,2,57,0.31034482758620685,0.7083333333333333,65,194,29,288,22,1000,real_gaussian_fixed_size_replacement,/home/jovyan/eeg-repro/high-gamma-data/data/processed/vae_repo_90_10_seed42/real_splits/S05_real_splits.npz,/home/jovyan/eeg-repro/high-gamma-data/data/generated/vae_repo_90_10_seed42/gaussian/gaussian_class_channel_time/S05_generator-seed1.npz,54.9315552636981,Fixed-size paired replacement; requested synthetic ratio=75%; real trials=65; synthetic trials=194; total trials=259; class counts and frozen label order preserved; replacement subsets nested across ratios; validation and test are real EEG,
success,gaussian_class_channel_time_fixed_size_ratios_90_10_seed42,gaussian_cct_replace_75pct_real,5,2,0,77,0.4137931034482759,0.6666666666666667,65,194,29,288,22,1000,real_gaussian_fixed_size_replacement,/home/jovyan/eeg-repro/high-gamma-data/data/processed/vae_repo_90_10_seed42/real_splits/S05_real_splits.npz,/home/jovyan/eeg-repro/high-gamma-data/data/generated/vae_repo_90_10_seed42/gaussian/gaussian_class_channel_time/S05_generator-seed2.npz,52.403238743543625,Fixed-size paired replacement; requested synthetic ratio=75%; real trials=65; synthetic trials=194; total trials=259; class counts and frozen label order preserved; replacement subsets nested across ratios; validation and test are real EEG,
success,gaussian_class_channel_time_fixed_size_ratios_90_10_seed42,gaussian_cct_replace_75pct_real,5,2,1,61,0.4137931034482759,0.6770833333333333,65,194,29,288,22,1000,real_gaussian_fixed_size_replacement,/home/jovyan/eeg-repro/high-gamma-data/data/processed/vae_repo_90_10_seed42/real_splits/S05_real_splits.npz,/home/jovyan/eeg-repro/high-gamma-data/data/generated/vae_repo_90_10_seed42/gaussian/gaussian_class_channel_time/S05_generator-seed2.npz,58.00963864848018,Fixed-size paired replacement; requested synthetic ratio=75%; real trials=65; synthetic trials=194; total trials=259; class counts and frozen label order preserved; replacement subsets nested across ratios; validation and test are real EEG,
success,gaussian_class_channel_time_fixed_size_ratios_90_10_seed42,gaussian_cct_replace_75pct_real,5,2,2,65,0.3448275862068966,0.7326388888888888,65,194,29,288,22,1000,real_gaussian_fixed_size_replacement,/home/jovyan/eeg-repro/high-gamma-data/data/processed/vae_repo_90_10_seed42/real_splits/S05_real_splits.npz,/home/jovyan/eeg-repro/high-gamma-data/data/generated/vae_repo_90_10_seed42/gaussian/gaussian_class_channel_time/S05_generator-seed2.npz,60.70584325119853,Fixed-size paired replacement; requested synthetic ratio=75%; real trials=65; synthetic trials=194; total trials=259; class counts and frozen label order preserved; replacement subsets nested across ratios; validation and test are real EEG,
success,gaussian_class_channel_time_fixed_size_ratios_90_10_seed42,gaussian_cct_replace_75pct_real,6,0,0,36,0.6206896551724138,0.5625,64,195,29,288,22,1000,real_gaussian_fixed_size_replacement,/home/jovyan/eeg-repro/high-gamma-data/data/processed/vae_repo_90_10_seed42/real_splits/S06_real_splits.npz,/home/jovyan/eeg-repro/high-gamma-data/data/generated/vae_repo_90_10_seed42/gaussian/gaussian_class_channel_time/S06_generator-seed0.npz,27.22673613578081,Fixed-size paired replacement; requested synthetic ratio=75%; real trials=64; synthetic trials=195; total trials=259; class counts and frozen label order preserved; replacement subsets nested across ratios; validation and test are real EEG,
success,gaussian_class_channel_time_fixed_size_ratios_90_10_seed42,gaussian_cct_replace_75pct_real,6,0,1,37,0.5517241379310345,0.5833333333333333,64,195,29,288,22,1000,real_gaussian_fixed_size_replacement,/home/jovyan/eeg-repro/high-gamma-data/data/processed/vae_repo_90_10_seed42/real_splits/S06_real_splits.npz,/home/jovyan/eeg-repro/high-gamma-data/data/generated/vae_repo_90_10_seed42/gaussian/gaussian_class_channel_time/S06_generator-seed0.npz,36.93219005689025,Fixed-size paired replacement; requested synthetic ratio=75%; real trials=64; synthetic trials=195; total trials=259; class counts and frozen label order preserved; replacement subsets nested across ratios; validation and test are real EEG,
success,gaussian_class_channel_time_fixed_size_ratios_90_10_seed42,gaussian_cct_replace_75pct_real,6,0,2,20,0.5517241379310345,0.5972222222222222,64,195,29,288,22,1000,real_gaussian_fixed_size_replacement,/home/jovyan/eeg-repro/high-gamma-data/data/processed/vae_repo_90_10_seed42/real_splits/S06_real_splits.npz,/home/jovyan/eeg-repro/high-gamma-data/data/generated/vae_repo_90_10_seed42/gaussian/gaussian_class_channel_time/S06_generator-seed0.npz,31.810377221554518,Fixed-size paired replacement; requested synthetic ratio=75%; real trials=64; synthetic trials=195; total trials=259; class counts and frozen label order preserved; replacement subsets nested across ratios; validation and test are real EEG,
success,gaussian_class_channel_time_fixed_size_ratios_90_10_seed42,gaussian_cct_replace_75pct_real,6,1,0,66,0.5862068965517242,0.5625,64,195,29,288,22,1000,real_gaussian_fixed_size_replacement,/home/jovyan/eeg-repro/high-gamma-data/data/processed/vae_repo_90_10_seed42/real_splits/S06_real_splits.npz,/home/jovyan/eeg-repro/high-gamma-data/data/generated/vae_repo_90_10_seed42/gaussian/gaussian_class_channel_time/S06_generator-seed1.npz,42.38086535036564,Fixed-size paired replacement; requested synthetic ratio=75%; real trials=64; synthetic trials=195; total trials=259; class counts and frozen label order preserved; replacement subsets nested across ratios; validation and test are real EEG,
success,gaussian_class_channel_time_fixed_size_ratios_90_10_seed42,gaussian_cct_replace_75pct_real,6,1,1,27,0.5862068965517242,0.5694444444444444,64,195,29,288,22,1000,real_gaussian_fixed_size_replacement,/home/jovyan/eeg-repro/high-gamma-data/data/processed/vae_repo_90_10_seed42/real_splits/S06_real_splits.npz,/home/jovyan/eeg-repro/high-gamma-data/data/generated/vae_repo_90_10_seed42/gaussian/gaussian_class_channel_time/S06_generator-seed1.npz,36.5789908580482,Fixed-size paired replacement; requested synthetic ratio=75%; real trials=64; synthetic trials=195; total trials=259; class counts and frozen label order preserved; replacement subsets nested across ratios; validation and test are real EEG,
success,gaussian_class_channel_time_fixed_size_ratios_90_10_seed42,gaussian_cct_replace_75pct_real,6,1,2,33,0.5517241379310345,0.6076388888888888,64,195,29,288,22,1000,real_gaussian_fixed_size_replacement,/home/jovyan/eeg-repro/high-gamma-data/data/processed/vae_repo_90_10_seed42/real_splits/S06_real_splits.npz,/home/jovyan/eeg-repro/high-gamma-data/data/generated/vae_repo_90_10_seed42/gaussian/gaussian_class_channel_time/S06_generator-seed1.npz,40.74189202859998,Fixed-size paired replacement; requested synthetic ratio=75%; real trials=64; synthetic trials=195; total trials=259; class counts and frozen label order preserved; replacement subsets nested across ratios; validation and test are real EEG,
success,gaussian_class_channel_time_fixed_size_ratios_90_10_seed42,gaussian_cct_replace_75pct_real,6,2,0,63,0.5862068965517242,0.5868055555555556,64,195,29,288,22,1000,real_gaussian_fixed_size_replacement,/home/jovyan/eeg-repro/high-gamma-data/data/processed/vae_repo_90_10_seed42/real_splits/S06_real_splits.npz,/home/jovyan/eeg-repro/high-gamma-data/data/generated/vae_repo_90_10_seed42/gaussian/gaussian_class_channel_time/S06_generator-seed2.npz,40.97161801159382,Fixed-size paired replacement; requested synthetic ratio=75%; real trials=64; synthetic trials=195; total trials=259; class counts and frozen label order preserved; replacement subsets nested across ratios; validation and test are real EEG,
success,gaussian_class_channel_time_fixed_size_ratios_90_10_seed42,gaussian_cct_replace_75pct_real,6,2,1,27,0.5517241379310345,0.5868055555555556,64,195,29,288,22,1000,real_gaussian_fixed_size_replacement,/home/jovyan/eeg-repro/high-gamma-data/data/processed/vae_repo_90_10_seed42/real_splits/S06_real_splits.npz,/home/jovyan/eeg-repro/high-gamma-data/data/generated/vae_repo_90_10_seed42/gaussian/gaussian_class_channel_time/S06_generator-seed2.npz,37.22822035104036,Fixed-size paired replacement; requested synthetic ratio=75%; real trials=64; synthetic trials=195; total trials=259; class counts and frozen label order preserved; replacement subsets nested across ratios; validation and test are real EEG,
success,gaussian_class_channel_time_fixed_size_ratios_90_10_seed42,gaussian_cct_replace_75pct_real,6,2,2,33,0.5862068965517242,0.5729166666666667,64,195,29,288,22,1000,real_gaussian_fixed_size_replacement,/home/jovyan/eeg-repro/high-gamma-data/data/processed/vae_repo_90_10_seed42/real_splits/S06_real_splits.npz,/home/jovyan/eeg-repro/high-gamma-data/data/generated/vae_repo_90_10_seed42/gaussian/gaussian_class_channel_time/S06_generator-seed2.npz,36.38107470795512,Fixed-size paired replacement; requested synthetic ratio=75%; real trials=64; synthetic trials=195; total trials=259; class counts and frozen label order preserved; replacement subsets nested across ratios; validation and test are real EEG,
success,gaussian_class_channel_time_fixed_size_ratios_90_10_seed42,gaussian_cct_replace_75pct_real,7,0,0,117,0.2068965517241379,0.4305555555555556,65,194,29,288,22,1000,real_gaussian_fixed_size_replacement,/home/jovyan/eeg-repro/high-gamma-data/data/processed/vae_repo_90_10_seed42/real_splits/S07_real_splits.npz,/home/jovyan/eeg-repro/high-gamma-data/data/generated/vae_repo_90_10_seed42/gaussian/gaussian_class_channel_time/S07_generator-seed0.npz,76.9229940250516,Fixed-size paired replacement; requested synthetic ratio=75%; real trials=65; synthetic trials=194; total trials=259; class counts and frozen label order preserved; replacement subsets nested across ratios; validation and test are real EEG,
success,gaussian_class_channel_time_fixed_size_ratios_90_10_seed42,gaussian_cct_replace_75pct_real,7,0,1,58,0.24137931034482762,0.46875,65,194,29,288,22,1000,real_gaussian_fixed_size_replacement,/home/jovyan/eeg-repro/high-gamma-data/data/processed/vae_repo_90_10_seed42/real_splits/S07_real_splits.npz,/home/jovyan/eeg-repro/high-gamma-data/data/generated/vae_repo_90_10_seed42/gaussian/gaussian_class_channel_time/S07_generator-seed0.npz,37.55853568390012,Fixed-size paired replacement; requested synthetic ratio=75%; real trials=65; synthetic trials=194; total trials=259; class counts and frozen label order preserved; replacement subsets nested across ratios; validation and test are real EEG,
success,gaussian_class_channel_time_fixed_size_ratios_90_10_seed42,gaussian_cct_replace_75pct_real,7,0,2,55,0.24137931034482762,0.4375,65,194,29,288,22,1000,real_gaussian_fixed_size_replacement,/home/jovyan/eeg-repro/high-gamma-data/data/processed/vae_repo_90_10_seed42/real_splits/S07_real_splits.npz,/home/jovyan/eeg-repro/high-gamma-data/data/generated/vae_repo_90_10_seed42/gaussian/gaussian_class_channel_time/S07_generator-seed0.npz,55.24313162267208,Fixed-size paired replacement; requested synthetic ratio=75%; real trials=65; synthetic trials=194; total trials=259; class counts and frozen label order preserved; replacement subsets nested across ratios; validation and test are real EEG,
success,gaussian_class_channel_time_fixed_size_ratios_90_10_seed42,gaussian_cct_replace_75pct_real,7,1,0,48,0.3448275862068966,0.4305555555555556,65,194,29,288,22,1000,real_gaussian_fixed_size_replacement,/home/jovyan/eeg-repro/high-gamma-data/data/processed/vae_repo_90_10_seed42/real_splits/S07_real_splits.npz,/home/jovyan/eeg-repro/high-gamma-data/data/generated/vae_repo_90_10_seed42/gaussian/gaussian_class_channel_time/S07_generator-seed1.npz,34.95731798931956,Fixed-size paired replacement; requested synthetic ratio=75%; real trials=65; synthetic trials=194; total trials=259; class counts and frozen label order preserved; replacement subsets nested across ratios; validation and test are real EEG,
success,gaussian_class_channel_time_fixed_size_ratios_90_10_seed42,gaussian_cct_replace_75pct_real,7,1,1,64,0.24137931034482762,0.46875,65,194,29,288,22,1000,real_gaussian_fixed_size_replacement,/home/jovyan/eeg-repro/high-gamma-data/data/processed/vae_repo_90_10_seed42/real_splits/S07_real_splits.npz,/home/jovyan/eeg-repro/high-gamma-data/data/generated/vae_repo_90_10_seed42/gaussian/gaussian_class_channel_time/S07_generator-seed1.npz,56.361544858664274,Fixed-size paired replacement; requested synthetic ratio=75%; real trials=65; synthetic trials=194; total trials=259; class counts and frozen label order preserved; replacement subsets nested across ratios; validation and test are real EEG,
success,gaussian_class_channel_time_fixed_size_ratios_90_10_seed42,gaussian_cct_replace_75pct_real,7,1,2,44,0.3793103448275862,0.46875,65,194,29,288,22,1000,real_gaussian_fixed_size_replacement,/home/jovyan/eeg-repro/high-gamma-data/data/processed/vae_repo_90_10_seed42/real_splits/S07_real_splits.npz,/home/jovyan/eeg-repro/high-gamma-data/data/generated/vae_repo_90_10_seed42/gaussian/gaussian_class_channel_time/S07_generator-seed1.npz,29.072863034904003,Fixed-size paired replacement; requested synthetic ratio=75%; real trials=65; synthetic trials=194; total trials=259; class counts and frozen label order preserved; replacement subsets nested across ratios; validation and test are real EEG,
success,gaussian_class_channel_time_fixed_size_ratios_90_10_seed42,gaussian_cct_replace_75pct_real,7,2,0,97,0.24137931034482762,0.45486111111111116,65,194,29,288,22,1000,real_gaussian_fixed_size_replacement,/home/jovyan/eeg-repro/high-gamma-data/data/processed/vae_repo_90_10_seed42/real_splits/S07_real_splits.npz,/home/jovyan/eeg-repro/high-gamma-data/data/generated/vae_repo_90_10_seed42/gaussian/gaussian_class_channel_time/S07_generator-seed2.npz,77.83958990871906,Fixed-size paired replacement; requested synthetic ratio=75%; real trials=65; synthetic trials=194; total trials=259; class counts and frozen label order preserved; replacement subsets nested across ratios; validation and test are real EEG,
success,gaussian_class_channel_time_fixed_size_ratios_90_10_seed42,gaussian_cct_replace_75pct_real,7,2,1,42,0.27586206896551724,0.4618055555555556,65,194,29,288,22,1000,real_gaussian_fixed_size_replacement,/home/jovyan/eeg-repro/high-gamma-data/data/processed/vae_repo_90_10_seed42/real_splits/S07_real_splits.npz,/home/jovyan/eeg-repro/high-gamma-data/data/generated/vae_repo_90_10_seed42/gaussian/gaussian_class_channel_time/S07_generator-seed2.npz,47.150547083467245,Fixed-size paired replacement; requested synthetic ratio=75%; real trials=65; synthetic trials=194; total trials=259; class counts and frozen label order preserved; replacement subsets nested across ratios; validation and test are real EEG,
success,gaussian_class_channel_time_fixed_size_ratios_90_10_seed42,gaussian_cct_replace_75pct_real,7,2,2,117,0.27586206896551724,0.4340277777777778,65,194,29,288,22,1000,real_gaussian_fixed_size_replacement,/home/jovyan/eeg-repro/high-gamma-data/data/processed/vae_repo_90_10_seed42/real_splits/S07_real_splits.npz,/home/jovyan/eeg-repro/high-gamma-data/data/generated/vae_repo_90_10_seed42/gaussian/gaussian_class_channel_time/S07_generator-seed2.npz,75.77077066525817,Fixed-size paired replacement; requested synthetic ratio=75%; real trials=65; synthetic trials=194; total trials=259; class counts and frozen label order preserved; replacement subsets nested across ratios; validation and test are real EEG,
success,gaussian_class_channel_time_fixed_size_ratios_90_10_seed42,gaussian_cct_replace_75pct_real,8,0,0,34,0.31034482758620685,0.3194444444444444,65,194,29,288,22,1000,real_gaussian_fixed_size_replacement,/home/jovyan/eeg-repro/high-gamma-data/data/processed/vae_repo_90_10_seed42/real_splits/S08_real_splits.npz,/home/jovyan/eeg-repro/high-gamma-data/data/generated/vae_repo_90_10_seed42/gaussian/gaussian_class_channel_time/S08_generator-seed0.npz,31.520827375352383,Fixed-size paired replacement; requested synthetic ratio=75%; real trials=65; synthetic trials=194; total trials=259; class counts and frozen label order preserved; replacement subsets nested across ratios; validation and test are real EEG,
success,gaussian_class_channel_time_fixed_size_ratios_90_10_seed42,gaussian_cct_replace_75pct_real,8,0,1,90,0.24137931034482762,0.32986111111111116,65,194,29,288,22,1000,real_gaussian_fixed_size_replacement,/home/jovyan/eeg-repro/high-gamma-data/data/processed/vae_repo_90_10_seed42/real_splits/S08_real_splits.npz,/home/jovyan/eeg-repro/high-gamma-data/data/generated/vae_repo_90_10_seed42/gaussian/gaussian_class_channel_time/S08_generator-seed0.npz,62.504382967948914,Fixed-size paired replacement; requested synthetic ratio=75%; real trials=65; synthetic trials=194; total trials=259; class counts and frozen label order preserved; replacement subsets nested across ratios; validation and test are real EEG,
success,gaussian_class_channel_time_fixed_size_ratios_90_10_seed42,gaussian_cct_replace_75pct_real,8,0,2,44,0.27586206896551724,0.32986111111111116,65,194,29,288,22,1000,real_gaussian_fixed_size_replacement,/home/jovyan/eeg-repro/high-gamma-data/data/processed/vae_repo_90_10_seed42/real_splits/S08_real_splits.npz,/home/jovyan/eeg-repro/high-gamma-data/data/generated/vae_repo_90_10_seed42/gaussian/gaussian_class_channel_time/S08_generator-seed0.npz,31.65539302676916,Fixed-size paired replacement; requested synthetic ratio=75%; real trials=65; synthetic trials=194; total trials=259; class counts and frozen label order preserved; replacement subsets nested across ratios; validation and test are real EEG,
success,gaussian_class_channel_time_fixed_size_ratios_90_10_seed42,gaussian_cct_replace_75pct_real,8,1,0,39,0.3448275862068966,0.3402777777777778,65,194,29,288,22,1000,real_gaussian_fixed_size_replacement,/home/jovyan/eeg-repro/high-gamma-data/data/processed/vae_repo_90_10_seed42/real_splits/S08_real_splits.npz,/home/jovyan/eeg-repro/high-gamma-data/data/generated/vae_repo_90_10_seed42/gaussian/gaussian_class_channel_time/S08_generator-seed1.npz,31.075804598629475,Fixed-size paired replacement; requested synthetic ratio=75%; real trials=65; synthetic trials=194; total trials=259; class counts and frozen label order preserved; replacement subsets nested across ratios; validation and test are real EEG,
success,gaussian_class_channel_time_fixed_size_ratios_90_10_seed42,gaussian_cct_replace_75pct_real,8,1,1,27,0.3448275862068966,0.45486111111111116,65,194,29,288,22,1000,real_gaussian_fixed_size_replacement,/home/jovyan/eeg-repro/high-gamma-data/data/processed/vae_repo_90_10_seed42/real_splits/S08_real_splits.npz,/home/jovyan/eeg-repro/high-gamma-data/data/generated/vae_repo_90_10_seed42/gaussian/gaussian_class_channel_time/S08_generator-seed1.npz,34.03864813968539,Fixed-size paired replacement; requested synthetic ratio=75%; real trials=65; synthetic trials=194; total trials=259; class counts and frozen label order preserved; replacement subsets nested across ratios; validation and test are real EEG,
success,gaussian_class_channel_time_fixed_size_ratios_90_10_seed42,gaussian_cct_replace_75pct_real,8,1,2,41,0.3793103448275862,0.3368055555555556,65,194,29,288,22,1000,real_gaussian_fixed_size_replacement,/home/jovyan/eeg-repro/high-gamma-data/data/processed/vae_repo_90_10_seed42/real_splits/S08_real_splits.npz,/home/jovyan/eeg-repro/high-gamma-data/data/generated/vae_repo_90_10_seed42/gaussian/gaussian_class_channel_time/S08_generator-seed1.npz,27.686402771621943,Fixed-size paired replacement; requested synthetic ratio=75%; real trials=65; synthetic trials=194; total trials=259; class counts and frozen label order preserved; replacement subsets nested across ratios; validation and test are real EEG,
success,gaussian_class_channel_time_fixed_size_ratios_90_10_seed42,gaussian_cct_replace_75pct_real,8,2,0,29,0.31034482758620685,0.38888888888888884,65,194,29,288,22,1000,real_gaussian_fixed_size_replacement,/home/jovyan/eeg-repro/high-gamma-data/data/processed/vae_repo_90_10_seed42/real_splits/S08_real_splits.npz,/home/jovyan/eeg-repro/high-gamma-data/data/generated/vae_repo_90_10_seed42/gaussian/gaussian_class_channel_time/S08_generator-seed2.npz,37.28261073306203,Fixed-size paired replacement; requested synthetic ratio=75%; real trials=65; synthetic trials=194; total trials=259; class counts and frozen label order preserved; replacement subsets nested across ratios; validation and test are real EEG,
success,gaussian_class_channel_time_fixed_size_ratios_90_10_seed42,gaussian_cct_replace_75pct_real,8,2,1,109,0.27586206896551724,0.34375,65,194,29,288,22,1000,real_gaussian_fixed_size_replacement,/home/jovyan/eeg-repro/high-gamma-data/data/processed/vae_repo_90_10_seed42/real_splits/S08_real_splits.npz,/home/jovyan/eeg-repro/high-gamma-data/data/generated/vae_repo_90_10_seed42/gaussian/gaussian_class_channel_time/S08_generator-seed2.npz,72.26179684326053,Fixed-size paired replacement; requested synthetic ratio=75%; real trials=65; synthetic trials=194; total trials=259; class counts and frozen label order preserved; replacement subsets nested across ratios; validation and test are real EEG,
success,gaussian_class_channel_time_fixed_size_ratios_90_10_seed42,gaussian_cct_replace_75pct_real,8,2,2,44,0.3448275862068966,0.3680555555555556,65,194,29,288,22,1000,real_gaussian_fixed_size_replacement,/home/jovyan/eeg-repro/high-gamma-data/data/processed/vae_repo_90_10_seed42/real_splits/S08_real_splits.npz,/home/jovyan/eeg-repro/high-gamma-data/data/generated/vae_repo_90_10_seed42/gaussian/gaussian_class_channel_time/S08_generator-seed2.npz,38.050506345927715,Fixed-size paired replacement; requested synthetic ratio=75%; real trials=65; synthetic trials=194; total trials=259; class counts and frozen label order preserved; replacement subsets nested across ratios; validation and test are real EEG,
success,gaussian_class_channel_time_fixed_size_ratios_90_10_seed42,gaussian_cct_replace_75pct_real,9,0,0,41,0.27586206896551724,0.35416666666666663,64,195,29,288,22,1000,real_gaussian_fixed_size_replacement,/home/jovyan/eeg-repro/high-gamma-data/data/processed/vae_repo_90_10_seed42/real_splits/S09_real_splits.npz,/home/jovyan/eeg-repro/high-gamma-data/data/generated/vae_repo_90_10_seed42/gaussian/gaussian_class_channel_time/S09_generator-seed0.npz,30.156584192067385,Fixed-size paired replacement; requested synthetic ratio=75%; real trials=64; synthetic trials=195; total trials=259; class counts and frozen label order preserved; replacement subsets nested across ratios; validation and test are real EEG,
success,gaussian_class_channel_time_fixed_size_ratios_90_10_seed42,gaussian_cct_replace_75pct_real,9,0,1,21,0.31034482758620685,0.34375,64,195,29,288,22,1000,real_gaussian_fixed_size_replacement,/home/jovyan/eeg-repro/high-gamma-data/data/processed/vae_repo_90_10_seed42/real_splits/S09_real_splits.npz,/home/jovyan/eeg-repro/high-gamma-data/data/generated/vae_repo_90_10_seed42/gaussian/gaussian_class_channel_time/S09_generator-seed0.npz,27.90324456617236,Fixed-size paired replacement; requested synthetic ratio=75%; real trials=64; synthetic trials=195; total trials=259; class counts and frozen label order preserved; replacement subsets nested across ratios; validation and test are real EEG,
success,gaussian_class_channel_time_fixed_size_ratios_90_10_seed42,gaussian_cct_replace_75pct_real,9,0,2,32,0.31034482758620685,0.375,64,195,29,288,22,1000,real_gaussian_fixed_size_replacement,/home/jovyan/eeg-repro/high-gamma-data/data/processed/vae_repo_90_10_seed42/real_splits/S09_real_splits.npz,/home/jovyan/eeg-repro/high-gamma-data/data/generated/vae_repo_90_10_seed42/gaussian/gaussian_class_channel_time/S09_generator-seed0.npz,30.719294670969248,Fixed-size paired replacement; requested synthetic ratio=75%; real trials=64; synthetic trials=195; total trials=259; class counts and frozen label order preserved; replacement subsets nested across ratios; validation and test are real EEG,
success,gaussian_class_channel_time_fixed_size_ratios_90_10_seed42,gaussian_cct_replace_75pct_real,9,1,0,25,0.24137931034482762,0.38541666666666663,64,195,29,288,22,1000,real_gaussian_fixed_size_replacement,/home/jovyan/eeg-repro/high-gamma-data/data/processed/vae_repo_90_10_seed42/real_splits/S09_real_splits.npz,/home/jovyan/eeg-repro/high-gamma-data/data/generated/vae_repo_90_10_seed42/gaussian/gaussian_class_channel_time/S09_generator-seed1.npz,34.14666297286749,Fixed-size paired replacement; requested synthetic ratio=75%; real trials=64; synthetic trials=195; total trials=259; class counts and frozen label order preserved; replacement subsets nested across ratios; validation and test are real EEG,
success,gaussian_class_channel_time_fixed_size_ratios_90_10_seed42,gaussian_cct_replace_75pct_real,9,1,1,41,0.24137931034482762,0.3715277777777778,64,195,29,288,22,1000,real_gaussian_fixed_size_replacement,/home/jovyan/eeg-repro/high-gamma-data/data/processed/vae_repo_90_10_seed42/real_splits/S09_real_splits.npz,/home/jovyan/eeg-repro/high-gamma-data/data/generated/vae_repo_90_10_seed42/gaussian/gaussian_class_channel_time/S09_generator-seed1.npz,46.63615649193525,Fixed-size paired replacement; requested synthetic ratio=75%; real trials=64; synthetic trials=195; total trials=259; class counts and frozen label order preserved; replacement subsets nested across ratios; validation and test are real EEG,
success,gaussian_class_channel_time_fixed_size_ratios_90_10_seed42,gaussian_cct_replace_75pct_real,9,1,2,50,0.27586206896551724,0.3784722222222222,64,195,29,288,22,1000,real_gaussian_fixed_size_replacement,/home/jovyan/eeg-repro/high-gamma-data/data/processed/vae_repo_90_10_seed42/real_splits/S09_real_splits.npz,/home/jovyan/eeg-repro/high-gamma-data/data/generated/vae_repo_90_10_seed42/gaussian/gaussian_class_channel_time/S09_generator-seed1.npz,46.2175337895751,Fixed-size paired replacement; requested synthetic ratio=75%; real trials=64; synthetic trials=195; total trials=259; class counts and frozen label order preserved; replacement subsets nested across ratios; validation and test are real EEG,
success,gaussian_class_channel_time_fixed_size_ratios_90_10_seed42,gaussian_cct_replace_75pct_real,9,2,0,36,0.31034482758620685,0.3715277777777778,64,195,29,288,22,1000,real_gaussian_fixed_size_replacement,/home/jovyan/eeg-repro/high-gamma-data/data/processed/vae_repo_90_10_seed42/real_splits/S09_real_splits.npz,/home/jovyan/eeg-repro/high-gamma-data/data/generated/vae_repo_90_10_seed42/gaussian/gaussian_class_channel_time/S09_generator-seed2.npz,27.81305230408907,Fixed-size paired replacement; requested synthetic ratio=75%; real trials=64; synthetic trials=195; total trials=259; class counts and frozen label order preserved; replacement subsets nested across ratios; validation and test are real EEG,
success,gaussian_class_channel_time_fixed_size_ratios_90_10_seed42,gaussian_cct_replace_75pct_real,9,2,1,57,0.27586206896551724,0.40625,64,195,29,288,22,1000,real_gaussian_fixed_size_replacement,/home/jovyan/eeg-repro/high-gamma-data/data/processed/vae_repo_90_10_seed42/real_splits/S09_real_splits.npz,/home/jovyan/eeg-repro/high-gamma-data/data/generated/vae_repo_90_10_seed42/gaussian/gaussian_class_channel_time/S09_generator-seed2.npz,39.718337412923574,Fixed-size paired replacement; requested synthetic ratio=75%; real trials=64; synthetic trials=195; total trials=259; class counts and frozen label order preserved; replacement subsets nested across ratios; validation and test are real EEG,
success,gaussian_class_channel_time_fixed_size_ratios_90_10_seed42,gaussian_cct_replace_75pct_real,9,2,2,34,0.27586206896551724,0.36458333333333337,64,195,29,288,22,1000,real_gaussian_fixed_size_replacement,/home/jovyan/eeg-repro/high-gamma-data/data/processed/vae_repo_90_10_seed42/real_splits/S09_real_splits.npz,/home/jovyan/eeg-repro/high-gamma-data/data/generated/vae_repo_90_10_seed42/gaussian/gaussian_class_channel_time/S09_generator-seed2.npz,29.0894805341959,Fixed-size paired replacement; requested synthetic ratio=75%; real trials=64; synthetic trials=195; total trials=259; class counts and frozen label order preserved; replacement subsets nested across ratios; validation and test are real EEG,
