status,protocol_id,method,subject_id,generator_seed,classifier_seed,selected_epoch,validation_misclass,test_misclass,n_real_train_trials,n_synthetic_train_trials,n_valid_trials,n_test_trials,n_channels,n_times,train_data_type,split_file,train_data_file,runtime_seconds,notes,error
success,vae_reconstruction_fixed_size_ratios_90_10_seed42,vae_replace_25pct_real,1,0,0,83,0.06896551724137934,0.1875,194,65,29,288,22,1000,real_vae_fixed_size_replacement,/home/jovyan/eeg-repro/high-gamma-data/data/processed/vae_repo_90_10_seed42/real_splits/S01_real_splits.npz,/home/jovyan/eeg-repro/high-gamma-data/data/generated/vae_repo_90_10_seed42/vae_reconstruction/S01_generator-seed0.npz,57.604651767760515,Fixed-size paired replacement; requested synthetic ratio=25%; real trials=194; synthetic trials=65; total trials=259; class counts and frozen label order preserved; replacement subsets nested across ratios; validation and test are real EEG,
success,vae_reconstruction_fixed_size_ratios_90_10_seed42,vae_replace_25pct_real,1,0,1,70,0.06896551724137934,0.1875,194,65,29,288,22,1000,real_vae_fixed_size_replacement,/home/jovyan/eeg-repro/high-gamma-data/data/processed/vae_repo_90_10_seed42/real_splits/S01_real_splits.npz,/home/jovyan/eeg-repro/high-gamma-data/data/generated/vae_repo_90_10_seed42/vae_reconstruction/S01_generator-seed0.npz,46.17140930891037,Fixed-size paired replacement; requested synthetic ratio=25%; real trials=194; synthetic trials=65; total trials=259; class counts and frozen label order preserved; replacement subsets nested across ratios; validation and test are real EEG,
success,vae_reconstruction_fixed_size_ratios_90_10_seed42,vae_replace_25pct_real,1,0,2,36,0.10344827586206895,0.23263888888888884,194,65,29,288,22,1000,real_vae_fixed_size_replacement,/home/jovyan/eeg-repro/high-gamma-data/data/processed/vae_repo_90_10_seed42/real_splits/S01_real_splits.npz,/home/jovyan/eeg-repro/high-gamma-data/data/generated/vae_repo_90_10_seed42/vae_reconstruction/S01_generator-seed0.npz,34.0985364690423,Fixed-size paired replacement; requested synthetic ratio=25%; real trials=194; synthetic trials=65; total trials=259; class counts and frozen label order preserved; replacement subsets nested across ratios; validation and test are real EEG,
success,vae_reconstruction_fixed_size_ratios_90_10_seed42,vae_replace_25pct_real,1,1,0,62,0.06896551724137934,0.19444444444444442,194,65,29,288,22,1000,real_vae_fixed_size_replacement,/home/jovyan/eeg-repro/high-gamma-data/data/processed/vae_repo_90_10_seed42/real_splits/S01_real_splits.npz,/home/jovyan/eeg-repro/high-gamma-data/data/generated/vae_repo_90_10_seed42/vae_reconstruction/S01_generator-seed1.npz,41.17583655565977,Fixed-size paired replacement; requested synthetic ratio=25%; real trials=194; synthetic trials=65; total trials=259; class counts and frozen label order preserved; replacement subsets nested across ratios; validation and test are real EEG,
success,vae_reconstruction_fixed_size_ratios_90_10_seed42,vae_replace_25pct_real,1,1,1,73,0.06896551724137934,0.17708333333333337,194,65,29,288,22,1000,real_vae_fixed_size_replacement,/home/jovyan/eeg-repro/high-gamma-data/data/processed/vae_repo_90_10_seed42/real_splits/S01_real_splits.npz,/home/jovyan/eeg-repro/high-gamma-data/data/generated/vae_repo_90_10_seed42/vae_reconstruction/S01_generator-seed1.npz,46.61101691424847,Fixed-size paired replacement; requested synthetic ratio=25%; real trials=194; synthetic trials=65; total trials=259; class counts and frozen label order preserved; replacement subsets nested across ratios; validation and test are real EEG,
success,vae_reconstruction_fixed_size_ratios_90_10_seed42,vae_replace_25pct_real,1,1,2,36,0.06896551724137934,0.2534722222222222,194,65,29,288,22,1000,real_vae_fixed_size_replacement,/home/jovyan/eeg-repro/high-gamma-data/data/processed/vae_repo_90_10_seed42/real_splits/S01_real_splits.npz,/home/jovyan/eeg-repro/high-gamma-data/data/generated/vae_repo_90_10_seed42/vae_reconstruction/S01_generator-seed1.npz,41.32447310164571,Fixed-size paired replacement; requested synthetic ratio=25%; real trials=194; synthetic trials=65; total trials=259; class counts and frozen label order preserved; replacement subsets nested across ratios; validation and test are real EEG,
success,vae_reconstruction_fixed_size_ratios_90_10_seed42,vae_replace_25pct_real,1,2,0,75,0.06896551724137934,0.20138888888888884,194,65,29,288,22,1000,real_vae_fixed_size_replacement,/home/jovyan/eeg-repro/high-gamma-data/data/processed/vae_repo_90_10_seed42/real_splits/S01_real_splits.npz,/home/jovyan/eeg-repro/high-gamma-data/data/generated/vae_repo_90_10_seed42/vae_reconstruction/S01_generator-seed2.npz,48.28283177316189,Fixed-size paired replacement; requested synthetic ratio=25%; real trials=194; synthetic trials=65; total trials=259; class counts and frozen label order preserved; replacement subsets nested across ratios; validation and test are real EEG,
success,vae_reconstruction_fixed_size_ratios_90_10_seed42,vae_replace_25pct_real,1,2,1,67,0.06896551724137934,0.1875,194,65,29,288,22,1000,real_vae_fixed_size_replacement,/home/jovyan/eeg-repro/high-gamma-data/data/processed/vae_repo_90_10_seed42/real_splits/S01_real_splits.npz,/home/jovyan/eeg-repro/high-gamma-data/data/generated/vae_repo_90_10_seed42/vae_reconstruction/S01_generator-seed2.npz,43.9686107262969,Fixed-size paired replacement; requested synthetic ratio=25%; real trials=194; synthetic trials=65; total trials=259; class counts and frozen label order preserved; replacement subsets nested across ratios; validation and test are real EEG,
success,vae_reconstruction_fixed_size_ratios_90_10_seed42,vae_replace_25pct_real,1,2,2,62,0.10344827586206895,0.1909722222222222,194,65,29,288,22,1000,real_vae_fixed_size_replacement,/home/jovyan/eeg-repro/high-gamma-data/data/processed/vae_repo_90_10_seed42/real_splits/S01_real_splits.npz,/home/jovyan/eeg-repro/high-gamma-data/data/generated/vae_repo_90_10_seed42/vae_reconstruction/S01_generator-seed2.npz,42.681538593024015,Fixed-size paired replacement; requested synthetic ratio=25%; real trials=194; synthetic trials=65; total trials=259; class counts and frozen label order preserved; replacement subsets nested across ratios; validation and test are real EEG,
success,vae_reconstruction_fixed_size_ratios_90_10_seed42,vae_replace_25pct_real,2,0,0,55,0.3793103448275862,0.4652777777777778,194,65,29,288,22,1000,real_vae_fixed_size_replacement,/home/jovyan/eeg-repro/high-gamma-data/data/processed/vae_repo_90_10_seed42/real_splits/S02_real_splits.npz,/home/jovyan/eeg-repro/high-gamma-data/data/generated/vae_repo_90_10_seed42/vae_reconstruction/S02_generator-seed0.npz,42.4874110519886,Fixed-size paired replacement; requested synthetic ratio=25%; real trials=194; synthetic trials=65; total trials=259; class counts and frozen label order preserved; replacement subsets nested across ratios; validation and test are real EEG,
success,vae_reconstruction_fixed_size_ratios_90_10_seed42,vae_replace_25pct_real,2,0,1,50,0.3793103448275862,0.45833333333333337,194,65,29,288,22,1000,real_vae_fixed_size_replacement,/home/jovyan/eeg-repro/high-gamma-data/data/processed/vae_repo_90_10_seed42/real_splits/S02_real_splits.npz,/home/jovyan/eeg-repro/high-gamma-data/data/generated/vae_repo_90_10_seed42/vae_reconstruction/S02_generator-seed0.npz,51.30195689201355,Fixed-size paired replacement; requested synthetic ratio=25%; real trials=194; synthetic trials=65; total trials=259; class counts and frozen label order preserved; replacement subsets nested across ratios; validation and test are real EEG,
success,vae_reconstruction_fixed_size_ratios_90_10_seed42,vae_replace_25pct_real,2,0,2,36,0.4482758620689655,0.5381944444444444,194,65,29,288,22,1000,real_vae_fixed_size_replacement,/home/jovyan/eeg-repro/high-gamma-data/data/processed/vae_repo_90_10_seed42/real_splits/S02_real_splits.npz,/home/jovyan/eeg-repro/high-gamma-data/data/generated/vae_repo_90_10_seed42/vae_reconstruction/S02_generator-seed0.npz,28.415789023041725,Fixed-size paired replacement; requested synthetic ratio=25%; real trials=194; synthetic trials=65; total trials=259; class counts and frozen label order preserved; replacement subsets nested across ratios; validation and test are real EEG,
success,vae_reconstruction_fixed_size_ratios_90_10_seed42,vae_replace_25pct_real,2,1,0,38,0.3793103448275862,0.5138888888888888,194,65,29,288,22,1000,real_vae_fixed_size_replacement,/home/jovyan/eeg-repro/high-gamma-data/data/processed/vae_repo_90_10_seed42/real_splits/S02_real_splits.npz,/home/jovyan/eeg-repro/high-gamma-data/data/generated/vae_repo_90_10_seed42/vae_reconstruction/S02_generator-seed1.npz,43.11860420554876,Fixed-size paired replacement; requested synthetic ratio=25%; real trials=194; synthetic trials=65; total trials=259; class counts and frozen label order preserved; replacement subsets nested across ratios; validation and test are real EEG,
success,vae_reconstruction_fixed_size_ratios_90_10_seed42,vae_replace_25pct_real,2,1,1,42,0.3793103448275862,0.4930555555555556,194,65,29,288,22,1000,real_vae_fixed_size_replacement,/home/jovyan/eeg-repro/high-gamma-data/data/processed/vae_repo_90_10_seed42/real_splits/S02_real_splits.npz,/home/jovyan/eeg-repro/high-gamma-data/data/generated/vae_repo_90_10_seed42/vae_reconstruction/S02_generator-seed1.npz,45.508923664689064,Fixed-size paired replacement; requested synthetic ratio=25%; real trials=194; synthetic trials=65; total trials=259; class counts and frozen label order preserved; replacement subsets nested across ratios; validation and test are real EEG,
success,vae_reconstruction_fixed_size_ratios_90_10_seed42,vae_replace_25pct_real,2,1,2,16,0.4137931034482759,0.625,194,65,29,288,22,1000,real_vae_fixed_size_replacement,/home/jovyan/eeg-repro/high-gamma-data/data/processed/vae_repo_90_10_seed42/real_splits/S02_real_splits.npz,/home/jovyan/eeg-repro/high-gamma-data/data/generated/vae_repo_90_10_seed42/vae_reconstruction/S02_generator-seed1.npz,29.44776902720332,Fixed-size paired replacement; requested synthetic ratio=25%; real trials=194; synthetic trials=65; total trials=259; class counts and frozen label order preserved; replacement subsets nested across ratios; validation and test are real EEG,
success,vae_reconstruction_fixed_size_ratios_90_10_seed42,vae_replace_25pct_real,2,2,0,56,0.4482758620689655,0.45833333333333337,194,65,29,288,22,1000,real_vae_fixed_size_replacement,/home/jovyan/eeg-repro/high-gamma-data/data/processed/vae_repo_90_10_seed42/real_splits/S02_real_splits.npz,/home/jovyan/eeg-repro/high-gamma-data/data/generated/vae_repo_90_10_seed42/vae_reconstruction/S02_generator-seed2.npz,38.18241322785616,Fixed-size paired replacement; requested synthetic ratio=25%; real trials=194; synthetic trials=65; total trials=259; class counts and frozen label order preserved; replacement subsets nested across ratios; validation and test are real EEG,
success,vae_reconstruction_fixed_size_ratios_90_10_seed42,vae_replace_25pct_real,2,2,1,40,0.4137931034482759,0.44791666666666663,194,65,29,288,22,1000,real_vae_fixed_size_replacement,/home/jovyan/eeg-repro/high-gamma-data/data/processed/vae_repo_90_10_seed42/real_splits/S02_real_splits.npz,/home/jovyan/eeg-repro/high-gamma-data/data/generated/vae_repo_90_10_seed42/vae_reconstruction/S02_generator-seed2.npz,36.90244169905782,Fixed-size paired replacement; requested synthetic ratio=25%; real trials=194; synthetic trials=65; total trials=259; class counts and frozen label order preserved; replacement subsets nested across ratios; validation and test are real EEG,
success,vae_reconstruction_fixed_size_ratios_90_10_seed42,vae_replace_25pct_real,2,2,2,44,0.4137931034482759,0.5208333333333333,194,65,29,288,22,1000,real_vae_fixed_size_replacement,/home/jovyan/eeg-repro/high-gamma-data/data/processed/vae_repo_90_10_seed42/real_splits/S02_real_splits.npz,/home/jovyan/eeg-repro/high-gamma-data/data/generated/vae_repo_90_10_seed42/vae_reconstruction/S02_generator-seed2.npz,28.451581344008446,Fixed-size paired replacement; requested synthetic ratio=25%; real trials=194; synthetic trials=65; total trials=259; class counts and frozen label order preserved; replacement subsets nested across ratios; validation and test are real EEG,
success,vae_reconstruction_fixed_size_ratios_90_10_seed42,vae_replace_25pct_real,3,0,0,58,0.06896551724137934,0.10763888888888884,194,65,29,288,22,1000,real_vae_fixed_size_replacement,/home/jovyan/eeg-repro/high-gamma-data/data/processed/vae_repo_90_10_seed42/real_splits/S03_real_splits.npz,/home/jovyan/eeg-repro/high-gamma-data/data/generated/vae_repo_90_10_seed42/vae_reconstruction/S03_generator-seed0.npz,37.62530380859971,Fixed-size paired replacement; requested synthetic ratio=25%; real trials=194; synthetic trials=65; total trials=259; class counts and frozen label order preserved; replacement subsets nested across ratios; validation and test are real EEG,
success,vae_reconstruction_fixed_size_ratios_90_10_seed42,vae_replace_25pct_real,3,0,1,65,0.06896551724137934,0.09027777777777779,194,65,29,288,22,1000,real_vae_fixed_size_replacement,/home/jovyan/eeg-repro/high-gamma-data/data/processed/vae_repo_90_10_seed42/real_splits/S03_real_splits.npz,/home/jovyan/eeg-repro/high-gamma-data/data/generated/vae_repo_90_10_seed42/vae_reconstruction/S03_generator-seed0.npz,42.103344440460205,Fixed-size paired replacement; requested synthetic ratio=25%; real trials=194; synthetic trials=65; total trials=259; class counts and frozen label order preserved; replacement subsets nested across ratios; validation and test are real EEG,
success,vae_reconstruction_fixed_size_ratios_90_10_seed42,vae_replace_25pct_real,3,0,2,53,0.06896551724137934,0.1284722222222222,194,65,29,288,22,1000,real_vae_fixed_size_replacement,/home/jovyan/eeg-repro/high-gamma-data/data/processed/vae_repo_90_10_seed42/real_splits/S03_real_splits.npz,/home/jovyan/eeg-repro/high-gamma-data/data/generated/vae_repo_90_10_seed42/vae_reconstruction/S03_generator-seed0.npz,34.24964525923133,Fixed-size paired replacement; requested synthetic ratio=25%; real trials=194; synthetic trials=65; total trials=259; class counts and frozen label order preserved; replacement subsets nested across ratios; validation and test are real EEG,
success,vae_reconstruction_fixed_size_ratios_90_10_seed42,vae_replace_25pct_real,3,1,0,57,0.06896551724137934,0.10416666666666663,194,65,29,288,22,1000,real_vae_fixed_size_replacement,/home/jovyan/eeg-repro/high-gamma-data/data/processed/vae_repo_90_10_seed42/real_splits/S03_real_splits.npz,/home/jovyan/eeg-repro/high-gamma-data/data/generated/vae_repo_90_10_seed42/vae_reconstruction/S03_generator-seed1.npz,37.319123923778534,Fixed-size paired replacement; requested synthetic ratio=25%; real trials=194; synthetic trials=65; total trials=259; class counts and frozen label order preserved; replacement subsets nested across ratios; validation and test are real EEG,
success,vae_reconstruction_fixed_size_ratios_90_10_seed42,vae_replace_25pct_real,3,1,1,72,0.06896551724137934,0.1284722222222222,194,65,29,288,22,1000,real_vae_fixed_size_replacement,/home/jovyan/eeg-repro/high-gamma-data/data/processed/vae_repo_90_10_seed42/real_splits/S03_real_splits.npz,/home/jovyan/eeg-repro/high-gamma-data/data/generated/vae_repo_90_10_seed42/vae_reconstruction/S03_generator-seed1.npz,45.33791897818446,Fixed-size paired replacement; requested synthetic ratio=25%; real trials=194; synthetic trials=65; total trials=259; class counts and frozen label order preserved; replacement subsets nested across ratios; validation and test are real EEG,
success,vae_reconstruction_fixed_size_ratios_90_10_seed42,vae_replace_25pct_real,3,1,2,81,0.03448275862068961,0.14930555555555558,194,65,29,288,22,1000,real_vae_fixed_size_replacement,/home/jovyan/eeg-repro/high-gamma-data/data/processed/vae_repo_90_10_seed42/real_splits/S03_real_splits.npz,/home/jovyan/eeg-repro/high-gamma-data/data/generated/vae_repo_90_10_seed42/vae_reconstruction/S03_generator-seed1.npz,51.7218909598887,Fixed-size paired replacement; requested synthetic ratio=25%; real trials=194; synthetic trials=65; total trials=259; class counts and frozen label order preserved; replacement subsets nested across ratios; validation and test are real EEG,
success,vae_reconstruction_fixed_size_ratios_90_10_seed42,vae_replace_25pct_real,3,2,0,64,0.03448275862068961,0.12152777777777779,194,65,29,288,22,1000,real_vae_fixed_size_replacement,/home/jovyan/eeg-repro/high-gamma-data/data/processed/vae_repo_90_10_seed42/real_splits/S03_real_splits.npz,/home/jovyan/eeg-repro/high-gamma-data/data/generated/vae_repo_90_10_seed42/vae_reconstruction/S03_generator-seed2.npz,54.71953320130706,Fixed-size paired replacement; requested synthetic ratio=25%; real trials=194; synthetic trials=65; total trials=259; class counts and frozen label order preserved; replacement subsets nested across ratios; validation and test are real EEG,
success,vae_reconstruction_fixed_size_ratios_90_10_seed42,vae_replace_25pct_real,3,2,1,67,0.06896551724137934,0.14930555555555558,194,65,29,288,22,1000,real_vae_fixed_size_replacement,/home/jovyan/eeg-repro/high-gamma-data/data/processed/vae_repo_90_10_seed42/real_splits/S03_real_splits.npz,/home/jovyan/eeg-repro/high-gamma-data/data/generated/vae_repo_90_10_seed42/vae_reconstruction/S03_generator-seed2.npz,43.31750249117613,Fixed-size paired replacement; requested synthetic ratio=25%; real trials=194; synthetic trials=65; total trials=259; class counts and frozen label order preserved; replacement subsets nested across ratios; validation and test are real EEG,
success,vae_reconstruction_fixed_size_ratios_90_10_seed42,vae_replace_25pct_real,3,2,2,51,0.06896551724137934,0.14930555555555558,194,65,29,288,22,1000,real_vae_fixed_size_replacement,/home/jovyan/eeg-repro/high-gamma-data/data/processed/vae_repo_90_10_seed42/real_splits/S03_real_splits.npz,/home/jovyan/eeg-repro/high-gamma-data/data/generated/vae_repo_90_10_seed42/vae_reconstruction/S03_generator-seed2.npz,34.099215775728226,Fixed-size paired replacement; requested synthetic ratio=25%; real trials=194; synthetic trials=65; total trials=259; class counts and frozen label order preserved; replacement subsets nested across ratios; validation and test are real EEG,
success,vae_reconstruction_fixed_size_ratios_90_10_seed42,vae_replace_25pct_real,4,0,0,44,0.3448275862068966,0.35763888888888884,195,64,29,288,22,1000,real_vae_fixed_size_replacement,/home/jovyan/eeg-repro/high-gamma-data/data/processed/vae_repo_90_10_seed42/real_splits/S04_real_splits.npz,/home/jovyan/eeg-repro/high-gamma-data/data/generated/vae_repo_90_10_seed42/vae_reconstruction/S04_generator-seed0.npz,28.923632226884365,Fixed-size paired replacement; requested synthetic ratio=25%; real trials=195; synthetic trials=64; total trials=259; class counts and frozen label order preserved; replacement subsets nested across ratios; validation and test are real EEG,
success,vae_reconstruction_fixed_size_ratios_90_10_seed42,vae_replace_25pct_real,4,0,1,50,0.2068965517241379,0.3194444444444444,195,64,29,288,22,1000,real_vae_fixed_size_replacement,/home/jovyan/eeg-repro/high-gamma-data/data/processed/vae_repo_90_10_seed42/real_splits/S04_real_splits.npz,/home/jovyan/eeg-repro/high-gamma-data/data/generated/vae_repo_90_10_seed42/vae_reconstruction/S04_generator-seed0.npz,49.80192010477185,Fixed-size paired replacement; requested synthetic ratio=25%; real trials=195; synthetic trials=64; total trials=259; class counts and frozen label order preserved; replacement subsets nested across ratios; validation and test are real EEG,
success,vae_reconstruction_fixed_size_ratios_90_10_seed42,vae_replace_25pct_real,4,0,2,80,0.24137931034482762,0.29513888888888884,195,64,29,288,22,1000,real_vae_fixed_size_replacement,/home/jovyan/eeg-repro/high-gamma-data/data/processed/vae_repo_90_10_seed42/real_splits/S04_real_splits.npz,/home/jovyan/eeg-repro/high-gamma-data/data/generated/vae_repo_90_10_seed42/vae_reconstruction/S04_generator-seed0.npz,51.23270893469453,Fixed-size paired replacement; requested synthetic ratio=25%; real trials=195; synthetic trials=64; total trials=259; class counts and frozen label order preserved; replacement subsets nested across ratios; validation and test are real EEG,
success,vae_reconstruction_fixed_size_ratios_90_10_seed42,vae_replace_25pct_real,4,1,0,15,0.3448275862068966,0.42361111111111116,195,64,29,288,22,1000,real_vae_fixed_size_replacement,/home/jovyan/eeg-repro/high-gamma-data/data/processed/vae_repo_90_10_seed42/real_splits/S04_real_splits.npz,/home/jovyan/eeg-repro/high-gamma-data/data/generated/vae_repo_90_10_seed42/vae_reconstruction/S04_generator-seed1.npz,28.978729628026485,Fixed-size paired replacement; requested synthetic ratio=25%; real trials=195; synthetic trials=64; total trials=259; class counts and frozen label order preserved; replacement subsets nested across ratios; validation and test are real EEG,
success,vae_reconstruction_fixed_size_ratios_90_10_seed42,vae_replace_25pct_real,4,1,1,77,0.27586206896551724,0.29166666666666663,195,64,29,288,22,1000,real_vae_fixed_size_replacement,/home/jovyan/eeg-repro/high-gamma-data/data/processed/vae_repo_90_10_seed42/real_splits/S04_real_splits.npz,/home/jovyan/eeg-repro/high-gamma-data/data/generated/vae_repo_90_10_seed42/vae_reconstruction/S04_generator-seed1.npz,50.04474748298526,Fixed-size paired replacement; requested synthetic ratio=25%; real trials=195; synthetic trials=64; total trials=259; class counts and frozen label order preserved; replacement subsets nested across ratios; validation and test are real EEG,
success,vae_reconstruction_fixed_size_ratios_90_10_seed42,vae_replace_25pct_real,4,1,2,87,0.2068965517241379,0.3090277777777778,195,64,29,288,22,1000,real_vae_fixed_size_replacement,/home/jovyan/eeg-repro/high-gamma-data/data/processed/vae_repo_90_10_seed42/real_splits/S04_real_splits.npz,/home/jovyan/eeg-repro/high-gamma-data/data/generated/vae_repo_90_10_seed42/vae_reconstruction/S04_generator-seed1.npz,59.63321603834629,Fixed-size paired replacement; requested synthetic ratio=25%; real trials=195; synthetic trials=64; total trials=259; class counts and frozen label order preserved; replacement subsets nested across ratios; validation and test are real EEG,
success,vae_reconstruction_fixed_size_ratios_90_10_seed42,vae_replace_25pct_real,4,2,0,44,0.31034482758620685,0.36458333333333337,195,64,29,288,22,1000,real_vae_fixed_size_replacement,/home/jovyan/eeg-repro/high-gamma-data/data/processed/vae_repo_90_10_seed42/real_splits/S04_real_splits.npz,/home/jovyan/eeg-repro/high-gamma-data/data/generated/vae_repo_90_10_seed42/vae_reconstruction/S04_generator-seed2.npz,28.44154528900981,Fixed-size paired replacement; requested synthetic ratio=25%; real trials=195; synthetic trials=64; total trials=259; class counts and frozen label order preserved; replacement subsets nested across ratios; validation and test are real EEG,
success,vae_reconstruction_fixed_size_ratios_90_10_seed42,vae_replace_25pct_real,4,2,1,61,0.2068965517241379,0.29513888888888884,195,64,29,288,22,1000,real_vae_fixed_size_replacement,/home/jovyan/eeg-repro/high-gamma-data/data/processed/vae_repo_90_10_seed42/real_splits/S04_real_splits.npz,/home/jovyan/eeg-repro/high-gamma-data/data/generated/vae_repo_90_10_seed42/vae_reconstruction/S04_generator-seed2.npz,58.028094448149204,Fixed-size paired replacement; requested synthetic ratio=25%; real trials=195; synthetic trials=64; total trials=259; class counts and frozen label order preserved; replacement subsets nested across ratios; validation and test are real EEG,
success,vae_reconstruction_fixed_size_ratios_90_10_seed42,vae_replace_25pct_real,4,2,2,77,0.2068965517241379,0.30208333333333337,195,64,29,288,22,1000,real_vae_fixed_size_replacement,/home/jovyan/eeg-repro/high-gamma-data/data/processed/vae_repo_90_10_seed42/real_splits/S04_real_splits.npz,/home/jovyan/eeg-repro/high-gamma-data/data/generated/vae_repo_90_10_seed42/vae_reconstruction/S04_generator-seed2.npz,59.45986331626773,Fixed-size paired replacement; requested synthetic ratio=25%; real trials=195; synthetic trials=64; total trials=259; class counts and frozen label order preserved; replacement subsets nested across ratios; validation and test are real EEG,
success,vae_reconstruction_fixed_size_ratios_90_10_seed42,vae_replace_25pct_real,5,0,0,91,0.13793103448275867,0.5277777777777778,194,65,29,288,22,1000,real_vae_fixed_size_replacement,/home/jovyan/eeg-repro/high-gamma-data/data/processed/vae_repo_90_10_seed42/real_splits/S05_real_splits.npz,/home/jovyan/eeg-repro/high-gamma-data/data/generated/vae_repo_90_10_seed42/vae_reconstruction/S05_generator-seed0.npz,59.70156965777278,Fixed-size paired replacement; requested synthetic ratio=25%; real trials=194; synthetic trials=65; total trials=259; class counts and frozen label order preserved; replacement subsets nested across ratios; validation and test are real EEG,
success,vae_reconstruction_fixed_size_ratios_90_10_seed42,vae_replace_25pct_real,5,0,1,110,0.10344827586206895,0.6458333333333333,194,65,29,288,22,1000,real_vae_fixed_size_replacement,/home/jovyan/eeg-repro/high-gamma-data/data/processed/vae_repo_90_10_seed42/real_splits/S05_real_splits.npz,/home/jovyan/eeg-repro/high-gamma-data/data/generated/vae_repo_90_10_seed42/vae_reconstruction/S05_generator-seed0.npz,76.09532917663455,Fixed-size paired replacement; requested synthetic ratio=25%; real trials=194; synthetic trials=65; total trials=259; class counts and frozen label order preserved; replacement subsets nested across ratios; validation and test are real EEG,
success,vae_reconstruction_fixed_size_ratios_90_10_seed42,vae_replace_25pct_real,5,0,2,69,0.1724137931034483,0.7465277777777778,194,65,29,288,22,1000,real_vae_fixed_size_replacement,/home/jovyan/eeg-repro/high-gamma-data/data/processed/vae_repo_90_10_seed42/real_splits/S05_real_splits.npz,/home/jovyan/eeg-repro/high-gamma-data/data/generated/vae_repo_90_10_seed42/vae_reconstruction/S05_generator-seed0.npz,45.88629722222686,Fixed-size paired replacement; requested synthetic ratio=25%; real trials=194; synthetic trials=65; total trials=259; class counts and frozen label order preserved; replacement subsets nested across ratios; validation and test are real EEG,
success,vae_reconstruction_fixed_size_ratios_90_10_seed42,vae_replace_25pct_real,5,1,0,79,0.13793103448275867,0.5069444444444444,194,65,29,288,22,1000,real_vae_fixed_size_replacement,/home/jovyan/eeg-repro/high-gamma-data/data/processed/vae_repo_90_10_seed42/real_splits/S05_real_splits.npz,/home/jovyan/eeg-repro/high-gamma-data/data/generated/vae_repo_90_10_seed42/vae_reconstruction/S05_generator-seed1.npz,52.29033352062106,Fixed-size paired replacement; requested synthetic ratio=25%; real trials=194; synthetic trials=65; total trials=259; class counts and frozen label order preserved; replacement subsets nested across ratios; validation and test are real EEG,
success,vae_reconstruction_fixed_size_ratios_90_10_seed42,vae_replace_25pct_real,5,1,1,90,0.13793103448275867,0.5972222222222222,194,65,29,288,22,1000,real_vae_fixed_size_replacement,/home/jovyan/eeg-repro/high-gamma-data/data/processed/vae_repo_90_10_seed42/real_splits/S05_real_splits.npz,/home/jovyan/eeg-repro/high-gamma-data/data/generated/vae_repo_90_10_seed42/vae_reconstruction/S05_generator-seed1.npz,60.60649037361145,Fixed-size paired replacement; requested synthetic ratio=25%; real trials=194; synthetic trials=65; total trials=259; class counts and frozen label order preserved; replacement subsets nested across ratios; validation and test are real EEG,
success,vae_reconstruction_fixed_size_ratios_90_10_seed42,vae_replace_25pct_real,5,1,2,80,0.1724137931034483,0.7430555555555556,194,65,29,288,22,1000,real_vae_fixed_size_replacement,/home/jovyan/eeg-repro/high-gamma-data/data/processed/vae_repo_90_10_seed42/real_splits/S05_real_splits.npz,/home/jovyan/eeg-repro/high-gamma-data/data/generated/vae_repo_90_10_seed42/vae_reconstruction/S05_generator-seed1.npz,54.40365744009614,Fixed-size paired replacement; requested synthetic ratio=25%; real trials=194; synthetic trials=65; total trials=259; class counts and frozen label order preserved; replacement subsets nested across ratios; validation and test are real EEG,
success,vae_reconstruction_fixed_size_ratios_90_10_seed42,vae_replace_25pct_real,5,2,0,73,0.10344827586206895,0.48263888888888884,194,65,29,288,22,1000,real_vae_fixed_size_replacement,/home/jovyan/eeg-repro/high-gamma-data/data/processed/vae_repo_90_10_seed42/real_splits/S05_real_splits.npz,/home/jovyan/eeg-repro/high-gamma-data/data/generated/vae_repo_90_10_seed42/vae_reconstruction/S05_generator-seed2.npz,65.38331819698215,Fixed-size paired replacement; requested synthetic ratio=25%; real trials=194; synthetic trials=65; total trials=259; class counts and frozen label order preserved; replacement subsets nested across ratios; validation and test are real EEG,
success,vae_reconstruction_fixed_size_ratios_90_10_seed42,vae_replace_25pct_real,5,2,1,71,0.13793103448275867,0.5972222222222222,194,65,29,288,22,1000,real_vae_fixed_size_replacement,/home/jovyan/eeg-repro/high-gamma-data/data/processed/vae_repo_90_10_seed42/real_splits/S05_real_splits.npz,/home/jovyan/eeg-repro/high-gamma-data/data/generated/vae_repo_90_10_seed42/vae_reconstruction/S05_generator-seed2.npz,61.09324241057038,Fixed-size paired replacement; requested synthetic ratio=25%; real trials=194; synthetic trials=65; total trials=259; class counts and frozen label order preserved; replacement subsets nested across ratios; validation and test are real EEG,
success,vae_reconstruction_fixed_size_ratios_90_10_seed42,vae_replace_25pct_real,5,2,2,93,0.13793103448275867,0.7465277777777778,194,65,29,288,22,1000,real_vae_fixed_size_replacement,/home/jovyan/eeg-repro/high-gamma-data/data/processed/vae_repo_90_10_seed42/real_splits/S05_real_splits.npz,/home/jovyan/eeg-repro/high-gamma-data/data/generated/vae_repo_90_10_seed42/vae_reconstruction/S05_generator-seed2.npz,58.844303112477064,Fixed-size paired replacement; requested synthetic ratio=25%; real trials=194; synthetic trials=65; total trials=259; class counts and frozen label order preserved; replacement subsets nested across ratios; validation and test are real EEG,
success,vae_reconstruction_fixed_size_ratios_90_10_seed42,vae_replace_25pct_real,6,0,0,18,0.4137931034482759,0.53125,195,64,29,288,22,1000,real_vae_fixed_size_replacement,/home/jovyan/eeg-repro/high-gamma-data/data/processed/vae_repo_90_10_seed42/real_splits/S06_real_splits.npz,/home/jovyan/eeg-repro/high-gamma-data/data/generated/vae_repo_90_10_seed42/vae_reconstruction/S06_generator-seed0.npz,30.748516961932182,Fixed-size paired replacement; requested synthetic ratio=25%; real trials=195; synthetic trials=64; total trials=259; class counts and frozen label order preserved; replacement subsets nested across ratios; validation and test are real EEG,
success,vae_reconstruction_fixed_size_ratios_90_10_seed42,vae_replace_25pct_real,6,0,1,46,0.4137931034482759,0.45486111111111116,195,64,29,288,22,1000,real_vae_fixed_size_replacement,/home/jovyan/eeg-repro/high-gamma-data/data/processed/vae_repo_90_10_seed42/real_splits/S06_real_splits.npz,/home/jovyan/eeg-repro/high-gamma-data/data/generated/vae_repo_90_10_seed42/vae_reconstruction/S06_generator-seed0.npz,47.61582121998072,Fixed-size paired replacement; requested synthetic ratio=25%; real trials=195; synthetic trials=64; total trials=259; class counts and frozen label order preserved; replacement subsets nested across ratios; validation and test are real EEG,
success,vae_reconstruction_fixed_size_ratios_90_10_seed42,vae_replace_25pct_real,6,0,2,41,0.48275862068965514,0.45833333333333337,195,64,29,288,22,1000,real_vae_fixed_size_replacement,/home/jovyan/eeg-repro/high-gamma-data/data/processed/vae_repo_90_10_seed42/real_splits/S06_real_splits.npz,/home/jovyan/eeg-repro/high-gamma-data/data/generated/vae_repo_90_10_seed42/vae_reconstruction/S06_generator-seed0.npz,27.330545511096716,Fixed-size paired replacement; requested synthetic ratio=25%; real trials=195; synthetic trials=64; total trials=259; class counts and frozen label order preserved; replacement subsets nested across ratios; validation and test are real EEG,
success,vae_reconstruction_fixed_size_ratios_90_10_seed42,vae_replace_25pct_real,6,1,0,61,0.4482758620689655,0.4340277777777778,195,64,29,288,22,1000,real_vae_fixed_size_replacement,/home/jovyan/eeg-repro/high-gamma-data/data/processed/vae_repo_90_10_seed42/real_splits/S06_real_splits.npz,/home/jovyan/eeg-repro/high-gamma-data/data/generated/vae_repo_90_10_seed42/vae_reconstruction/S06_generator-seed1.npz,39.63427975401282,Fixed-size paired replacement; requested synthetic ratio=25%; real trials=195; synthetic trials=64; total trials=259; class counts and frozen label order preserved; replacement subsets nested across ratios; validation and test are real EEG,
success,vae_reconstruction_fixed_size_ratios_90_10_seed42,vae_replace_25pct_real,6,1,1,42,0.48275862068965514,0.4652777777777778,195,64,29,288,22,1000,real_vae_fixed_size_replacement,/home/jovyan/eeg-repro/high-gamma-data/data/processed/vae_repo_90_10_seed42/real_splits/S06_real_splits.npz,/home/jovyan/eeg-repro/high-gamma-data/data/generated/vae_repo_90_10_seed42/vae_reconstruction/S06_generator-seed1.npz,28.199620343744755,Fixed-size paired replacement; requested synthetic ratio=25%; real trials=195; synthetic trials=64; total trials=259; class counts and frozen label order preserved; replacement subsets nested across ratios; validation and test are real EEG,
success,vae_reconstruction_fixed_size_ratios_90_10_seed42,vae_replace_25pct_real,6,1,2,98,0.3448275862068966,0.45138888888888884,195,64,29,288,22,1000,real_vae_fixed_size_replacement,/home/jovyan/eeg-repro/high-gamma-data/data/processed/vae_repo_90_10_seed42/real_splits/S06_real_splits.npz,/home/jovyan/eeg-repro/high-gamma-data/data/generated/vae_repo_90_10_seed42/vae_reconstruction/S06_generator-seed1.npz,71.7261736355722,Fixed-size paired replacement; requested synthetic ratio=25%; real trials=195; synthetic trials=64; total trials=259; class counts and frozen label order preserved; replacement subsets nested across ratios; validation and test are real EEG,
success,vae_reconstruction_fixed_size_ratios_90_10_seed42,vae_replace_25pct_real,6,2,0,49,0.4137931034482759,0.45833333333333337,195,64,29,288,22,1000,real_vae_fixed_size_replacement,/home/jovyan/eeg-repro/high-gamma-data/data/processed/vae_repo_90_10_seed42/real_splits/S06_real_splits.npz,/home/jovyan/eeg-repro/high-gamma-data/data/generated/vae_repo_90_10_seed42/vae_reconstruction/S06_generator-seed2.npz,43.765293288975954,Fixed-size paired replacement; requested synthetic ratio=25%; real trials=195; synthetic trials=64; total trials=259; class counts and frozen label order preserved; replacement subsets nested across ratios; validation and test are real EEG,
success,vae_reconstruction_fixed_size_ratios_90_10_seed42,vae_replace_25pct_real,6,2,1,55,0.3793103448275862,0.45138888888888884,195,64,29,288,22,1000,real_vae_fixed_size_replacement,/home/jovyan/eeg-repro/high-gamma-data/data/processed/vae_repo_90_10_seed42/real_splits/S06_real_splits.npz,/home/jovyan/eeg-repro/high-gamma-data/data/generated/vae_repo_90_10_seed42/vae_reconstruction/S06_generator-seed2.npz,53.55573834478855,Fixed-size paired replacement; requested synthetic ratio=25%; real trials=195; synthetic trials=64; total trials=259; class counts and frozen label order preserved; replacement subsets nested across ratios; validation and test are real EEG,
success,vae_reconstruction_fixed_size_ratios_90_10_seed42,vae_replace_25pct_real,6,2,2,111,0.3793103448275862,0.4305555555555556,195,64,29,288,22,1000,real_vae_fixed_size_replacement,/home/jovyan/eeg-repro/high-gamma-data/data/processed/vae_repo_90_10_seed42/real_splits/S06_real_splits.npz,/home/jovyan/eeg-repro/high-gamma-data/data/generated/vae_repo_90_10_seed42/vae_reconstruction/S06_generator-seed2.npz,69.85625362768769,Fixed-size paired replacement; requested synthetic ratio=25%; real trials=195; synthetic trials=64; total trials=259; class counts and frozen label order preserved; replacement subsets nested across ratios; validation and test are real EEG,
success,vae_reconstruction_fixed_size_ratios_90_10_seed42,vae_replace_25pct_real,7,0,0,50,0.03448275862068961,0.08680555555555558,194,65,29,288,22,1000,real_vae_fixed_size_replacement,/home/jovyan/eeg-repro/high-gamma-data/data/processed/vae_repo_90_10_seed42/real_splits/S07_real_splits.npz,/home/jovyan/eeg-repro/high-gamma-data/data/generated/vae_repo_90_10_seed42/vae_reconstruction/S07_generator-seed0.npz,31.845407970249653,Fixed-size paired replacement; requested synthetic ratio=25%; real trials=194; synthetic trials=65; total trials=259; class counts and frozen label order preserved; replacement subsets nested across ratios; validation and test are real EEG,
success,vae_reconstruction_fixed_size_ratios_90_10_seed42,vae_replace_25pct_real,7,0,1,81,0.03448275862068961,0.12152777777777779,194,65,29,288,22,1000,real_vae_fixed_size_replacement,/home/jovyan/eeg-repro/high-gamma-data/data/processed/vae_repo_90_10_seed42/real_splits/S07_real_splits.npz,/home/jovyan/eeg-repro/high-gamma-data/data/generated/vae_repo_90_10_seed42/vae_reconstruction/S07_generator-seed0.npz,51.60475132241845,Fixed-size paired replacement; requested synthetic ratio=25%; real trials=194; synthetic trials=65; total trials=259; class counts and frozen label order preserved; replacement subsets nested across ratios; validation and test are real EEG,
success,vae_reconstruction_fixed_size_ratios_90_10_seed42,vae_replace_25pct_real,7,0,2,60,0.0,0.16666666666666663,194,65,29,288,22,1000,real_vae_fixed_size_replacement,/home/jovyan/eeg-repro/high-gamma-data/data/processed/vae_repo_90_10_seed42/real_splits/S07_real_splits.npz,/home/jovyan/eeg-repro/high-gamma-data/data/generated/vae_repo_90_10_seed42/vae_reconstruction/S07_generator-seed0.npz,56.853597570210695,Fixed-size paired replacement; requested synthetic ratio=25%; real trials=194; synthetic trials=65; total trials=259; class counts and frozen label order preserved; replacement subsets nested across ratios; validation and test are real EEG,
success,vae_reconstruction_fixed_size_ratios_90_10_seed42,vae_replace_25pct_real,7,1,0,50,0.03448275862068961,0.11458333333333337,194,65,29,288,22,1000,real_vae_fixed_size_replacement,/home/jovyan/eeg-repro/high-gamma-data/data/processed/vae_repo_90_10_seed42/real_splits/S07_real_splits.npz,/home/jovyan/eeg-repro/high-gamma-data/data/generated/vae_repo_90_10_seed42/vae_reconstruction/S07_generator-seed1.npz,32.096965070813894,Fixed-size paired replacement; requested synthetic ratio=25%; real trials=194; synthetic trials=65; total trials=259; class counts and frozen label order preserved; replacement subsets nested across ratios; validation and test are real EEG,
success,vae_reconstruction_fixed_size_ratios_90_10_seed42,vae_replace_25pct_real,7,1,1,94,0.0,0.1909722222222222,194,65,29,288,22,1000,real_vae_fixed_size_replacement,/home/jovyan/eeg-repro/high-gamma-data/data/processed/vae_repo_90_10_seed42/real_splits/S07_real_splits.npz,/home/jovyan/eeg-repro/high-gamma-data/data/generated/vae_repo_90_10_seed42/vae_reconstruction/S07_generator-seed1.npz,73.50643169134855,Fixed-size paired replacement; requested synthetic ratio=25%; real trials=194; synthetic trials=65; total trials=259; class counts and frozen label order preserved; replacement subsets nested across ratios; validation and test are real EEG,
success,vae_reconstruction_fixed_size_ratios_90_10_seed42,vae_replace_25pct_real,7,1,2,60,0.0,0.16666666666666663,194,65,29,288,22,1000,real_vae_fixed_size_replacement,/home/jovyan/eeg-repro/high-gamma-data/data/processed/vae_repo_90_10_seed42/real_splits/S07_real_splits.npz,/home/jovyan/eeg-repro/high-gamma-data/data/generated/vae_repo_90_10_seed42/vae_reconstruction/S07_generator-seed1.npz,56.66297220811248,Fixed-size paired replacement; requested synthetic ratio=25%; real trials=194; synthetic trials=65; total trials=259; class counts and frozen label order preserved; replacement subsets nested across ratios; validation and test are real EEG,
success,vae_reconstruction_fixed_size_ratios_90_10_seed42,vae_replace_25pct_real,7,2,0,71,0.03448275862068961,0.10416666666666663,194,65,29,288,22,1000,real_vae_fixed_size_replacement,/home/jovyan/eeg-repro/high-gamma-data/data/processed/vae_repo_90_10_seed42/real_splits/S07_real_splits.npz,/home/jovyan/eeg-repro/high-gamma-data/data/generated/vae_repo_90_10_seed42/vae_reconstruction/S07_generator-seed2.npz,45.38990009948611,Fixed-size paired replacement; requested synthetic ratio=25%; real trials=194; synthetic trials=65; total trials=259; class counts and frozen label order preserved; replacement subsets nested across ratios; validation and test are real EEG,
success,vae_reconstruction_fixed_size_ratios_90_10_seed42,vae_replace_25pct_real,7,2,1,94,0.0,0.1840277777777778,194,65,29,288,22,1000,real_vae_fixed_size_replacement,/home/jovyan/eeg-repro/high-gamma-data/data/processed/vae_repo_90_10_seed42/real_splits/S07_real_splits.npz,/home/jovyan/eeg-repro/high-gamma-data/data/generated/vae_repo_90_10_seed42/vae_reconstruction/S07_generator-seed2.npz,63.754977226257324,Fixed-size paired replacement; requested synthetic ratio=25%; real trials=194; synthetic trials=65; total trials=259; class counts and frozen label order preserved; replacement subsets nested across ratios; validation and test are real EEG,
success,vae_reconstruction_fixed_size_ratios_90_10_seed42,vae_replace_25pct_real,7,2,2,68,0.03448275862068961,0.1284722222222222,194,65,29,288,22,1000,real_vae_fixed_size_replacement,/home/jovyan/eeg-repro/high-gamma-data/data/processed/vae_repo_90_10_seed42/real_splits/S07_real_splits.npz,/home/jovyan/eeg-repro/high-gamma-data/data/generated/vae_repo_90_10_seed42/vae_reconstruction/S07_generator-seed2.npz,43.78038605302572,Fixed-size paired replacement; requested synthetic ratio=25%; real trials=194; synthetic trials=65; total trials=259; class counts and frozen label order preserved; replacement subsets nested across ratios; validation and test are real EEG,
success,vae_reconstruction_fixed_size_ratios_90_10_seed42,vae_replace_25pct_real,8,0,0,37,0.2068965517241379,0.20138888888888884,194,65,29,288,22,1000,real_vae_fixed_size_replacement,/home/jovyan/eeg-repro/high-gamma-data/data/processed/vae_repo_90_10_seed42/real_splits/S08_real_splits.npz,/home/jovyan/eeg-repro/high-gamma-data/data/generated/vae_repo_90_10_seed42/vae_reconstruction/S08_generator-seed0.npz,27.010527767241,Fixed-size paired replacement; requested synthetic ratio=25%; real trials=194; synthetic trials=65; total trials=259; class counts and frozen label order preserved; replacement subsets nested across ratios; validation and test are real EEG,
success,vae_reconstruction_fixed_size_ratios_90_10_seed42,vae_replace_25pct_real,8,0,1,44,0.1724137931034483,0.23263888888888884,194,65,29,288,22,1000,real_vae_fixed_size_replacement,/home/jovyan/eeg-repro/high-gamma-data/data/processed/vae_repo_90_10_seed42/real_splits/S08_real_splits.npz,/home/jovyan/eeg-repro/high-gamma-data/data/generated/vae_repo_90_10_seed42/vae_reconstruction/S08_generator-seed0.npz,47.32929312437773,Fixed-size paired replacement; requested synthetic ratio=25%; real trials=194; synthetic trials=65; total trials=259; class counts and frozen label order preserved; replacement subsets nested across ratios; validation and test are real EEG,
success,vae_reconstruction_fixed_size_ratios_90_10_seed42,vae_replace_25pct_real,8,0,2,28,0.1724137931034483,0.23611111111111116,194,65,29,288,22,1000,real_vae_fixed_size_replacement,/home/jovyan/eeg-repro/high-gamma-data/data/processed/vae_repo_90_10_seed42/real_splits/S08_real_splits.npz,/home/jovyan/eeg-repro/high-gamma-data/data/generated/vae_repo_90_10_seed42/vae_reconstruction/S08_generator-seed0.npz,30.358921568840742,Fixed-size paired replacement; requested synthetic ratio=25%; real trials=194; synthetic trials=65; total trials=259; class counts and frozen label order preserved; replacement subsets nested across ratios; validation and test are real EEG,
success,vae_reconstruction_fixed_size_ratios_90_10_seed42,vae_replace_25pct_real,8,1,0,76,0.13793103448275867,0.20833333333333337,194,65,29,288,22,1000,real_vae_fixed_size_replacement,/home/jovyan/eeg-repro/high-gamma-data/data/processed/vae_repo_90_10_seed42/real_splits/S08_real_splits.npz,/home/jovyan/eeg-repro/high-gamma-data/data/generated/vae_repo_90_10_seed42/vae_reconstruction/S08_generator-seed1.npz,56.698506988584995,Fixed-size paired replacement; requested synthetic ratio=25%; real trials=194; synthetic trials=65; total trials=259; class counts and frozen label order preserved; replacement subsets nested across ratios; validation and test are real EEG,
success,vae_reconstruction_fixed_size_ratios_90_10_seed42,vae_replace_25pct_real,8,1,1,53,0.1724137931034483,0.1875,194,65,29,288,22,1000,real_vae_fixed_size_replacement,/home/jovyan/eeg-repro/high-gamma-data/data/processed/vae_repo_90_10_seed42/real_splits/S08_real_splits.npz,/home/jovyan/eeg-repro/high-gamma-data/data/generated/vae_repo_90_10_seed42/vae_reconstruction/S08_generator-seed1.npz,41.635140746831894,Fixed-size paired replacement; requested synthetic ratio=25%; real trials=194; synthetic trials=65; total trials=259; class counts and frozen label order preserved; replacement subsets nested across ratios; validation and test are real EEG,
success,vae_reconstruction_fixed_size_ratios_90_10_seed42,vae_replace_25pct_real,8,1,2,17,0.1724137931034483,0.26388888888888884,194,65,29,288,22,1000,real_vae_fixed_size_replacement,/home/jovyan/eeg-repro/high-gamma-data/data/processed/vae_repo_90_10_seed42/real_splits/S08_real_splits.npz,/home/jovyan/eeg-repro/high-gamma-data/data/generated/vae_repo_90_10_seed42/vae_reconstruction/S08_generator-seed1.npz,30.253856990486383,Fixed-size paired replacement; requested synthetic ratio=25%; real trials=194; synthetic trials=65; total trials=259; class counts and frozen label order preserved; replacement subsets nested across ratios; validation and test are real EEG,
success,vae_reconstruction_fixed_size_ratios_90_10_seed42,vae_replace_25pct_real,8,2,0,67,0.13793103448275867,0.19791666666666663,194,65,29,288,22,1000,real_vae_fixed_size_replacement,/home/jovyan/eeg-repro/high-gamma-data/data/processed/vae_repo_90_10_seed42/real_splits/S08_real_splits.npz,/home/jovyan/eeg-repro/high-gamma-data/data/generated/vae_repo_90_10_seed42/vae_reconstruction/S08_generator-seed2.npz,60.61692190915346,Fixed-size paired replacement; requested synthetic ratio=25%; real trials=194; synthetic trials=65; total trials=259; class counts and frozen label order preserved; replacement subsets nested across ratios; validation and test are real EEG,
success,vae_reconstruction_fixed_size_ratios_90_10_seed42,vae_replace_25pct_real,8,2,1,44,0.1724137931034483,0.2152777777777778,194,65,29,288,22,1000,real_vae_fixed_size_replacement,/home/jovyan/eeg-repro/high-gamma-data/data/processed/vae_repo_90_10_seed42/real_splits/S08_real_splits.npz,/home/jovyan/eeg-repro/high-gamma-data/data/generated/vae_repo_90_10_seed42/vae_reconstruction/S08_generator-seed2.npz,30.85601046308875,Fixed-size paired replacement; requested synthetic ratio=25%; real trials=194; synthetic trials=65; total trials=259; class counts and frozen label order preserved; replacement subsets nested across ratios; validation and test are real EEG,
success,vae_reconstruction_fixed_size_ratios_90_10_seed42,vae_replace_25pct_real,8,2,2,17,0.1724137931034483,0.25,194,65,29,288,22,1000,real_vae_fixed_size_replacement,/home/jovyan/eeg-repro/high-gamma-data/data/processed/vae_repo_90_10_seed42/real_splits/S08_real_splits.npz,/home/jovyan/eeg-repro/high-gamma-data/data/generated/vae_repo_90_10_seed42/vae_reconstruction/S08_generator-seed2.npz,30.25711650401354,Fixed-size paired replacement; requested synthetic ratio=25%; real trials=194; synthetic trials=65; total trials=259; class counts and frozen label order preserved; replacement subsets nested across ratios; validation and test are real EEG,
success,vae_reconstruction_fixed_size_ratios_90_10_seed42,vae_replace_25pct_real,9,0,0,69,0.06896551724137934,0.23611111111111116,195,64,29,288,22,1000,real_vae_fixed_size_replacement,/home/jovyan/eeg-repro/high-gamma-data/data/processed/vae_repo_90_10_seed42/real_splits/S09_real_splits.npz,/home/jovyan/eeg-repro/high-gamma-data/data/generated/vae_repo_90_10_seed42/vae_reconstruction/S09_generator-seed0.npz,45.555267076939344,Fixed-size paired replacement; requested synthetic ratio=25%; real trials=195; synthetic trials=64; total trials=259; class counts and frozen label order preserved; replacement subsets nested across ratios; validation and test are real EEG,
success,vae_reconstruction_fixed_size_ratios_90_10_seed42,vae_replace_25pct_real,9,0,1,57,0.10344827586206895,0.26388888888888884,195,64,29,288,22,1000,real_vae_fixed_size_replacement,/home/jovyan/eeg-repro/high-gamma-data/data/processed/vae_repo_90_10_seed42/real_splits/S09_real_splits.npz,/home/jovyan/eeg-repro/high-gamma-data/data/generated/vae_repo_90_10_seed42/vae_reconstruction/S09_generator-seed0.npz,38.0118388235569,Fixed-size paired replacement; requested synthetic ratio=25%; real trials=195; synthetic trials=64; total trials=259; class counts and frozen label order preserved; replacement subsets nested across ratios; validation and test are real EEG,
success,vae_reconstruction_fixed_size_ratios_90_10_seed42,vae_replace_25pct_real,9,0,2,83,0.06896551724137934,0.2222222222222222,195,64,29,288,22,1000,real_vae_fixed_size_replacement,/home/jovyan/eeg-repro/high-gamma-data/data/processed/vae_repo_90_10_seed42/real_splits/S09_real_splits.npz,/home/jovyan/eeg-repro/high-gamma-data/data/generated/vae_repo_90_10_seed42/vae_reconstruction/S09_generator-seed0.npz,53.32607350870967,Fixed-size paired replacement; requested synthetic ratio=25%; real trials=195; synthetic trials=64; total trials=259; class counts and frozen label order preserved; replacement subsets nested across ratios; validation and test are real EEG,
success,vae_reconstruction_fixed_size_ratios_90_10_seed42,vae_replace_25pct_real,9,1,0,60,0.06896551724137934,0.2569444444444444,195,64,29,288,22,1000,real_vae_fixed_size_replacement,/home/jovyan/eeg-repro/high-gamma-data/data/processed/vae_repo_90_10_seed42/real_splits/S09_real_splits.npz,/home/jovyan/eeg-repro/high-gamma-data/data/generated/vae_repo_90_10_seed42/vae_reconstruction/S09_generator-seed1.npz,41.58644064888358,Fixed-size paired replacement; requested synthetic ratio=25%; real trials=195; synthetic trials=64; total trials=259; class counts and frozen label order preserved; replacement subsets nested across ratios; validation and test are real EEG,
success,vae_reconstruction_fixed_size_ratios_90_10_seed42,vae_replace_25pct_real,9,1,1,71,0.10344827586206895,0.2222222222222222,195,64,29,288,22,1000,real_vae_fixed_size_replacement,/home/jovyan/eeg-repro/high-gamma-data/data/processed/vae_repo_90_10_seed42/real_splits/S09_real_splits.npz,/home/jovyan/eeg-repro/high-gamma-data/data/generated/vae_repo_90_10_seed42/vae_reconstruction/S09_generator-seed1.npz,44.73623779788613,Fixed-size paired replacement; requested synthetic ratio=25%; real trials=195; synthetic trials=64; total trials=259; class counts and frozen label order preserved; replacement subsets nested across ratios; validation and test are real EEG,
success,vae_reconstruction_fixed_size_ratios_90_10_seed42,vae_replace_25pct_real,9,1,2,50,0.10344827586206895,0.23263888888888884,195,64,29,288,22,1000,real_vae_fixed_size_replacement,/home/jovyan/eeg-repro/high-gamma-data/data/processed/vae_repo_90_10_seed42/real_splits/S09_real_splits.npz,/home/jovyan/eeg-repro/high-gamma-data/data/generated/vae_repo_90_10_seed42/vae_reconstruction/S09_generator-seed1.npz,33.610596273094416,Fixed-size paired replacement; requested synthetic ratio=25%; real trials=195; synthetic trials=64; total trials=259; class counts and frozen label order preserved; replacement subsets nested across ratios; validation and test are real EEG,
success,vae_reconstruction_fixed_size_ratios_90_10_seed42,vae_replace_25pct_real,9,2,0,87,0.03448275862068961,0.2465277777777778,195,64,29,288,22,1000,real_vae_fixed_size_replacement,/home/jovyan/eeg-repro/high-gamma-data/data/processed/vae_repo_90_10_seed42/real_splits/S09_real_splits.npz,/home/jovyan/eeg-repro/high-gamma-data/data/generated/vae_repo_90_10_seed42/vae_reconstruction/S09_generator-seed2.npz,56.96935422718525,Fixed-size paired replacement; requested synthetic ratio=25%; real trials=195; synthetic trials=64; total trials=259; class counts and frozen label order preserved; replacement subsets nested across ratios; validation and test are real EEG,
success,vae_reconstruction_fixed_size_ratios_90_10_seed42,vae_replace_25pct_real,9,2,1,67,0.10344827586206895,0.23958333333333337,195,64,29,288,22,1000,real_vae_fixed_size_replacement,/home/jovyan/eeg-repro/high-gamma-data/data/processed/vae_repo_90_10_seed42/real_splits/S09_real_splits.npz,/home/jovyan/eeg-repro/high-gamma-data/data/generated/vae_repo_90_10_seed42/vae_reconstruction/S09_generator-seed2.npz,42.43957771733403,Fixed-size paired replacement; requested synthetic ratio=25%; real trials=195; synthetic trials=64; total trials=259; class counts and frozen label order preserved; replacement subsets nested across ratios; validation and test are real EEG,
success,vae_reconstruction_fixed_size_ratios_90_10_seed42,vae_replace_25pct_real,9,2,2,42,0.10344827586206895,0.22569444444444442,195,64,29,288,22,1000,real_vae_fixed_size_replacement,/home/jovyan/eeg-repro/high-gamma-data/data/processed/vae_repo_90_10_seed42/real_splits/S09_real_splits.npz,/home/jovyan/eeg-repro/high-gamma-data/data/generated/vae_repo_90_10_seed42/vae_reconstruction/S09_generator-seed2.npz,33.198910631239414,Fixed-size paired replacement; requested synthetic ratio=25%; real trials=195; synthetic trials=64; total trials=259; class counts and frozen label order preserved; replacement subsets nested across ratios; validation and test are real EEG,
success,vae_reconstruction_fixed_size_ratios_90_10_seed42,vae_replace_50pct_real,1,0,0,50,0.06896551724137934,0.20833333333333337,130,129,29,288,22,1000,real_vae_fixed_size_replacement,/home/jovyan/eeg-repro/high-gamma-data/data/processed/vae_repo_90_10_seed42/real_splits/S01_real_splits.npz,/home/jovyan/eeg-repro/high-gamma-data/data/generated/vae_repo_90_10_seed42/vae_reconstruction/S01_generator-seed0.npz,39.002770718187094,Fixed-size paired replacement; requested synthetic ratio=50%; real trials=130; synthetic trials=129; total trials=259; class counts and frozen label order preserved; replacement subsets nested across ratios; validation and test are real EEG,
success,vae_reconstruction_fixed_size_ratios_90_10_seed42,vae_replace_50pct_real,1,0,1,56,0.10344827586206895,0.2152777777777778,130,129,29,288,22,1000,real_vae_fixed_size_replacement,/home/jovyan/eeg-repro/high-gamma-data/data/processed/vae_repo_90_10_seed42/real_splits/S01_real_splits.npz,/home/jovyan/eeg-repro/high-gamma-data/data/generated/vae_repo_90_10_seed42/vae_reconstruction/S01_generator-seed0.npz,35.507086619734764,Fixed-size paired replacement; requested synthetic ratio=50%; real trials=130; synthetic trials=129; total trials=259; class counts and frozen label order preserved; replacement subsets nested across ratios; validation and test are real EEG,
success,vae_reconstruction_fixed_size_ratios_90_10_seed42,vae_replace_50pct_real,1,0,2,23,0.10344827586206895,0.27083333333333337,130,129,29,288,22,1000,real_vae_fixed_size_replacement,/home/jovyan/eeg-repro/high-gamma-data/data/processed/vae_repo_90_10_seed42/real_splits/S01_real_splits.npz,/home/jovyan/eeg-repro/high-gamma-data/data/generated/vae_repo_90_10_seed42/vae_reconstruction/S01_generator-seed0.npz,33.708268869668245,Fixed-size paired replacement; requested synthetic ratio=50%; real trials=130; synthetic trials=129; total trials=259; class counts and frozen label order preserved; replacement subsets nested across ratios; validation and test are real EEG,
success,vae_reconstruction_fixed_size_ratios_90_10_seed42,vae_replace_50pct_real,1,1,0,34,0.0,0.2777777777777778,130,129,29,288,22,1000,real_vae_fixed_size_replacement,/home/jovyan/eeg-repro/high-gamma-data/data/processed/vae_repo_90_10_seed42/real_splits/S01_real_splits.npz,/home/jovyan/eeg-repro/high-gamma-data/data/generated/vae_repo_90_10_seed42/vae_reconstruction/S01_generator-seed1.npz,39.964714270085096,Fixed-size paired replacement; requested synthetic ratio=50%; real trials=130; synthetic trials=129; total trials=259; class counts and frozen label order preserved; replacement subsets nested across ratios; validation and test are real EEG,
success,vae_reconstruction_fixed_size_ratios_90_10_seed42,vae_replace_50pct_real,1,1,1,71,0.06896551724137934,0.20833333333333337,130,129,29,288,22,1000,real_vae_fixed_size_replacement,/home/jovyan/eeg-repro/high-gamma-data/data/processed/vae_repo_90_10_seed42/real_splits/S01_real_splits.npz,/home/jovyan/eeg-repro/high-gamma-data/data/generated/vae_repo_90_10_seed42/vae_reconstruction/S01_generator-seed1.npz,45.03716552630067,Fixed-size paired replacement; requested synthetic ratio=50%; real trials=130; synthetic trials=129; total trials=259; class counts and frozen label order preserved; replacement subsets nested across ratios; validation and test are real EEG,
success,vae_reconstruction_fixed_size_ratios_90_10_seed42,vae_replace_50pct_real,1,1,2,42,0.06896551724137934,0.25,130,129,29,288,22,1000,real_vae_fixed_size_replacement,/home/jovyan/eeg-repro/high-gamma-data/data/processed/vae_repo_90_10_seed42/real_splits/S01_real_splits.npz,/home/jovyan/eeg-repro/high-gamma-data/data/generated/vae_repo_90_10_seed42/vae_reconstruction/S01_generator-seed1.npz,36.6228609867394,Fixed-size paired replacement; requested synthetic ratio=50%; real trials=130; synthetic trials=129; total trials=259; class counts and frozen label order preserved; replacement subsets nested across ratios; validation and test are real EEG,
success,vae_reconstruction_fixed_size_ratios_90_10_seed42,vae_replace_50pct_real,1,2,0,58,0.06896551724137934,0.20486111111111116,130,129,29,288,22,1000,real_vae_fixed_size_replacement,/home/jovyan/eeg-repro/high-gamma-data/data/processed/vae_repo_90_10_seed42/real_splits/S01_real_splits.npz,/home/jovyan/eeg-repro/high-gamma-data/data/generated/vae_repo_90_10_seed42/vae_reconstruction/S01_generator-seed2.npz,37.521759163588285,Fixed-size paired replacement; requested synthetic ratio=50%; real trials=130; synthetic trials=129; total trials=259; class counts and frozen label order preserved; replacement subsets nested across ratios; validation and test are real EEG,
success,vae_reconstruction_fixed_size_ratios_90_10_seed42,vae_replace_50pct_real,1,2,1,60,0.06896551724137934,0.20833333333333337,130,129,29,288,22,1000,real_vae_fixed_size_replacement,/home/jovyan/eeg-repro/high-gamma-data/data/processed/vae_repo_90_10_seed42/real_splits/S01_real_splits.npz,/home/jovyan/eeg-repro/high-gamma-data/data/generated/vae_repo_90_10_seed42/vae_reconstruction/S01_generator-seed2.npz,39.102993950247765,Fixed-size paired replacement; requested synthetic ratio=50%; real trials=130; synthetic trials=129; total trials=259; class counts and frozen label order preserved; replacement subsets nested across ratios; validation and test are real EEG,
success,vae_reconstruction_fixed_size_ratios_90_10_seed42,vae_replace_50pct_real,1,2,2,59,0.10344827586206895,0.22569444444444442,130,129,29,288,22,1000,real_vae_fixed_size_replacement,/home/jovyan/eeg-repro/high-gamma-data/data/processed/vae_repo_90_10_seed42/real_splits/S01_real_splits.npz,/home/jovyan/eeg-repro/high-gamma-data/data/generated/vae_repo_90_10_seed42/vae_reconstruction/S01_generator-seed2.npz,43.494074665009975,Fixed-size paired replacement; requested synthetic ratio=50%; real trials=130; synthetic trials=129; total trials=259; class counts and frozen label order preserved; replacement subsets nested across ratios; validation and test are real EEG,
success,vae_reconstruction_fixed_size_ratios_90_10_seed42,vae_replace_50pct_real,2,0,0,49,0.3793103448275862,0.4305555555555556,128,131,29,288,22,1000,real_vae_fixed_size_replacement,/home/jovyan/eeg-repro/high-gamma-data/data/processed/vae_repo_90_10_seed42/real_splits/S02_real_splits.npz,/home/jovyan/eeg-repro/high-gamma-data/data/generated/vae_repo_90_10_seed42/vae_reconstruction/S02_generator-seed0.npz,41.652129251509905,Fixed-size paired replacement; requested synthetic ratio=50%; real trials=128; synthetic trials=131; total trials=259; class counts and frozen label order preserved; replacement subsets nested across ratios; validation and test are real EEG,
success,vae_reconstruction_fixed_size_ratios_90_10_seed42,vae_replace_50pct_real,2,0,1,60,0.4137931034482759,0.45138888888888884,128,131,29,288,22,1000,real_vae_fixed_size_replacement,/home/jovyan/eeg-repro/high-gamma-data/data/processed/vae_repo_90_10_seed42/real_splits/S02_real_splits.npz,/home/jovyan/eeg-repro/high-gamma-data/data/generated/vae_repo_90_10_seed42/vae_reconstruction/S02_generator-seed0.npz,43.6086701489985,Fixed-size paired replacement; requested synthetic ratio=50%; real trials=128; synthetic trials=131; total trials=259; class counts and frozen label order preserved; replacement subsets nested across ratios; validation and test are real EEG,
success,vae_reconstruction_fixed_size_ratios_90_10_seed42,vae_replace_50pct_real,2,0,2,53,0.4482758620689655,0.48611111111111116,128,131,29,288,22,1000,real_vae_fixed_size_replacement,/home/jovyan/eeg-repro/high-gamma-data/data/processed/vae_repo_90_10_seed42/real_splits/S02_real_splits.npz,/home/jovyan/eeg-repro/high-gamma-data/data/generated/vae_repo_90_10_seed42/vae_reconstruction/S02_generator-seed0.npz,33.50288487970829,Fixed-size paired replacement; requested synthetic ratio=50%; real trials=128; synthetic trials=131; total trials=259; class counts and frozen label order preserved; replacement subsets nested across ratios; validation and test are real EEG,
success,vae_reconstruction_fixed_size_ratios_90_10_seed42,vae_replace_50pct_real,2,1,0,46,0.4137931034482759,0.4756944444444444,128,131,29,288,22,1000,real_vae_fixed_size_replacement,/home/jovyan/eeg-repro/high-gamma-data/data/processed/vae_repo_90_10_seed42/real_splits/S02_real_splits.npz,/home/jovyan/eeg-repro/high-gamma-data/data/generated/vae_repo_90_10_seed42/vae_reconstruction/S02_generator-seed1.npz,49.41509373858571,Fixed-size paired replacement; requested synthetic ratio=50%; real trials=128; synthetic trials=131; total trials=259; class counts and frozen label order preserved; replacement subsets nested across ratios; validation and test are real EEG,
success,vae_reconstruction_fixed_size_ratios_90_10_seed42,vae_replace_50pct_real,2,1,1,42,0.4482758620689655,0.4965277777777778,128,131,29,288,22,1000,real_vae_fixed_size_replacement,/home/jovyan/eeg-repro/high-gamma-data/data/processed/vae_repo_90_10_seed42/real_splits/S02_real_splits.npz,/home/jovyan/eeg-repro/high-gamma-data/data/generated/vae_repo_90_10_seed42/vae_reconstruction/S02_generator-seed1.npz,29.62406213581562,Fixed-size paired replacement; requested synthetic ratio=50%; real trials=128; synthetic trials=131; total trials=259; class counts and frozen label order preserved; replacement subsets nested across ratios; validation and test are real EEG,
success,vae_reconstruction_fixed_size_ratios_90_10_seed42,vae_replace_50pct_real,2,1,2,45,0.4482758620689655,0.5069444444444444,128,131,29,288,22,1000,real_vae_fixed_size_replacement,/home/jovyan/eeg-repro/high-gamma-data/data/processed/vae_repo_90_10_seed42/real_splits/S02_real_splits.npz,/home/jovyan/eeg-repro/high-gamma-data/data/generated/vae_repo_90_10_seed42/vae_reconstruction/S02_generator-seed1.npz,29.018699448555708,Fixed-size paired replacement; requested synthetic ratio=50%; real trials=128; synthetic trials=131; total trials=259; class counts and frozen label order preserved; replacement subsets nested across ratios; validation and test are real EEG,
success,vae_reconstruction_fixed_size_ratios_90_10_seed42,vae_replace_50pct_real,2,2,0,59,0.4482758620689655,0.4722222222222222,128,131,29,288,22,1000,real_vae_fixed_size_replacement,/home/jovyan/eeg-repro/high-gamma-data/data/processed/vae_repo_90_10_seed42/real_splits/S02_real_splits.npz,/home/jovyan/eeg-repro/high-gamma-data/data/generated/vae_repo_90_10_seed42/vae_reconstruction/S02_generator-seed2.npz,39.59695576876402,Fixed-size paired replacement; requested synthetic ratio=50%; real trials=128; synthetic trials=131; total trials=259; class counts and frozen label order preserved; replacement subsets nested across ratios; validation and test are real EEG,
success,vae_reconstruction_fixed_size_ratios_90_10_seed42,vae_replace_50pct_real,2,2,1,49,0.4137931034482759,0.45833333333333337,128,131,29,288,22,1000,real_vae_fixed_size_replacement,/home/jovyan/eeg-repro/high-gamma-data/data/processed/vae_repo_90_10_seed42/real_splits/S02_real_splits.npz,/home/jovyan/eeg-repro/high-gamma-data/data/generated/vae_repo_90_10_seed42/vae_reconstruction/S02_generator-seed2.npz,45.82156351581216,Fixed-size paired replacement; requested synthetic ratio=50%; real trials=128; synthetic trials=131; total trials=259; class counts and frozen label order preserved; replacement subsets nested across ratios; validation and test are real EEG,
success,vae_reconstruction_fixed_size_ratios_90_10_seed42,vae_replace_50pct_real,2,2,2,36,0.4482758620689655,0.5381944444444444,128,131,29,288,22,1000,real_vae_fixed_size_replacement,/home/jovyan/eeg-repro/high-gamma-data/data/processed/vae_repo_90_10_seed42/real_splits/S02_real_splits.npz,/home/jovyan/eeg-repro/high-gamma-data/data/generated/vae_repo_90_10_seed42/vae_reconstruction/S02_generator-seed2.npz,29.192289032042027,Fixed-size paired replacement; requested synthetic ratio=50%; real trials=128; synthetic trials=131; total trials=259; class counts and frozen label order preserved; replacement subsets nested across ratios; validation and test are real EEG,
success,vae_reconstruction_fixed_size_ratios_90_10_seed42,vae_replace_50pct_real,3,0,0,59,0.06896551724137934,0.125,128,131,29,288,22,1000,real_vae_fixed_size_replacement,/home/jovyan/eeg-repro/high-gamma-data/data/processed/vae_repo_90_10_seed42/real_splits/S03_real_splits.npz,/home/jovyan/eeg-repro/high-gamma-data/data/generated/vae_repo_90_10_seed42/vae_reconstruction/S03_generator-seed0.npz,36.6185616850853,Fixed-size paired replacement; requested synthetic ratio=50%; real trials=128; synthetic trials=131; total trials=259; class counts and frozen label order preserved; replacement subsets nested across ratios; validation and test are real EEG,
success,vae_reconstruction_fixed_size_ratios_90_10_seed42,vae_replace_50pct_real,3,0,1,65,0.06896551724137934,0.10763888888888884,128,131,29,288,22,1000,real_vae_fixed_size_replacement,/home/jovyan/eeg-repro/high-gamma-data/data/processed/vae_repo_90_10_seed42/real_splits/S03_real_splits.npz,/home/jovyan/eeg-repro/high-gamma-data/data/generated/vae_repo_90_10_seed42/vae_reconstruction/S03_generator-seed0.npz,41.55907580256462,Fixed-size paired replacement; requested synthetic ratio=50%; real trials=128; synthetic trials=131; total trials=259; class counts and frozen label order preserved; replacement subsets nested across ratios; validation and test are real EEG,
success,vae_reconstruction_fixed_size_ratios_90_10_seed42,vae_replace_50pct_real,3,0,2,64,0.06896551724137934,0.16319444444444442,128,131,29,288,22,1000,real_vae_fixed_size_replacement,/home/jovyan/eeg-repro/high-gamma-data/data/processed/vae_repo_90_10_seed42/real_splits/S03_real_splits.npz,/home/jovyan/eeg-repro/high-gamma-data/data/generated/vae_repo_90_10_seed42/vae_reconstruction/S03_generator-seed0.npz,41.505897987633944,Fixed-size paired replacement; requested synthetic ratio=50%; real trials=128; synthetic trials=131; total trials=259; class counts and frozen label order preserved; replacement subsets nested across ratios; validation and test are real EEG,
success,vae_reconstruction_fixed_size_ratios_90_10_seed42,vae_replace_50pct_real,3,1,0,51,0.06896551724137934,0.13194444444444442,128,131,29,288,22,1000,real_vae_fixed_size_replacement,/home/jovyan/eeg-repro/high-gamma-data/data/processed/vae_repo_90_10_seed42/real_splits/S03_real_splits.npz,/home/jovyan/eeg-repro/high-gamma-data/data/generated/vae_repo_90_10_seed42/vae_reconstruction/S03_generator-seed1.npz,33.10615814849734,Fixed-size paired replacement; requested synthetic ratio=50%; real trials=128; synthetic trials=131; total trials=259; class counts and frozen label order preserved; replacement subsets nested across ratios; validation and test are real EEG,
success,vae_reconstruction_fixed_size_ratios_90_10_seed42,vae_replace_50pct_real,3,1,1,63,0.06896551724137934,0.13194444444444442,128,131,29,288,22,1000,real_vae_fixed_size_replacement,/home/jovyan/eeg-repro/high-gamma-data/data/processed/vae_repo_90_10_seed42/real_splits/S03_real_splits.npz,/home/jovyan/eeg-repro/high-gamma-data/data/generated/vae_repo_90_10_seed42/vae_reconstruction/S03_generator-seed1.npz,41.5473472699523,Fixed-size paired replacement; requested synthetic ratio=50%; real trials=128; synthetic trials=131; total trials=259; class counts and frozen label order preserved; replacement subsets nested across ratios; validation and test are real EEG,
success,vae_reconstruction_fixed_size_ratios_90_10_seed42,vae_replace_50pct_real,3,1,2,47,0.06896551724137934,0.1284722222222222,128,131,29,288,22,1000,real_vae_fixed_size_replacement,/home/jovyan/eeg-repro/high-gamma-data/data/processed/vae_repo_90_10_seed42/real_splits/S03_real_splits.npz,/home/jovyan/eeg-repro/high-gamma-data/data/generated/vae_repo_90_10_seed42/vae_reconstruction/S03_generator-seed1.npz,36.53049139305949,Fixed-size paired replacement; requested synthetic ratio=50%; real trials=128; synthetic trials=131; total trials=259; class counts and frozen label order preserved; replacement subsets nested across ratios; validation and test are real EEG,
success,vae_reconstruction_fixed_size_ratios_90_10_seed42,vae_replace_50pct_real,3,2,0,54,0.06896551724137934,0.11111111111111116,128,131,29,288,22,1000,real_vae_fixed_size_replacement,/home/jovyan/eeg-repro/high-gamma-data/data/processed/vae_repo_90_10_seed42/real_splits/S03_real_splits.npz,/home/jovyan/eeg-repro/high-gamma-data/data/generated/vae_repo_90_10_seed42/vae_reconstruction/S03_generator-seed2.npz,35.072993349283934,Fixed-size paired replacement; requested synthetic ratio=50%; real trials=128; synthetic trials=131; total trials=259; class counts and frozen label order preserved; replacement subsets nested across ratios; validation and test are real EEG,
success,vae_reconstruction_fixed_size_ratios_90_10_seed42,vae_replace_50pct_real,3,2,1,65,0.06896551724137934,0.11111111111111116,128,131,29,288,22,1000,real_vae_fixed_size_replacement,/home/jovyan/eeg-repro/high-gamma-data/data/processed/vae_repo_90_10_seed42/real_splits/S03_real_splits.npz,/home/jovyan/eeg-repro/high-gamma-data/data/generated/vae_repo_90_10_seed42/vae_reconstruction/S03_generator-seed2.npz,42.434823997318745,Fixed-size paired replacement; requested synthetic ratio=50%; real trials=128; synthetic trials=131; total trials=259; class counts and frozen label order preserved; replacement subsets nested across ratios; validation and test are real EEG,
success,vae_reconstruction_fixed_size_ratios_90_10_seed42,vae_replace_50pct_real,3,2,2,46,0.06896551724137934,0.13888888888888884,128,131,29,288,22,1000,real_vae_fixed_size_replacement,/home/jovyan/eeg-repro/high-gamma-data/data/processed/vae_repo_90_10_seed42/real_splits/S03_real_splits.npz,/home/jovyan/eeg-repro/high-gamma-data/data/generated/vae_repo_90_10_seed42/vae_reconstruction/S03_generator-seed2.npz,35.11935519054532,Fixed-size paired replacement; requested synthetic ratio=50%; real trials=128; synthetic trials=131; total trials=259; class counts and frozen label order preserved; replacement subsets nested across ratios; validation and test are real EEG,
success,vae_reconstruction_fixed_size_ratios_90_10_seed42,vae_replace_50pct_real,4,0,0,41,0.31034482758620685,0.3680555555555556,130,129,29,288,22,1000,real_vae_fixed_size_replacement,/home/jovyan/eeg-repro/high-gamma-data/data/processed/vae_repo_90_10_seed42/real_splits/S04_real_splits.npz,/home/jovyan/eeg-repro/high-gamma-data/data/generated/vae_repo_90_10_seed42/vae_reconstruction/S04_generator-seed0.npz,28.40076221525669,Fixed-size paired replacement; requested synthetic ratio=50%; real trials=130; synthetic trials=129; total trials=259; class counts and frozen label order preserved; replacement subsets nested across ratios; validation and test are real EEG,
success,vae_reconstruction_fixed_size_ratios_90_10_seed42,vae_replace_50pct_real,4,0,1,94,0.24137931034482762,0.2881944444444444,130,129,29,288,22,1000,real_vae_fixed_size_replacement,/home/jovyan/eeg-repro/high-gamma-data/data/processed/vae_repo_90_10_seed42/real_splits/S04_real_splits.npz,/home/jovyan/eeg-repro/high-gamma-data/data/generated/vae_repo_90_10_seed42/vae_reconstruction/S04_generator-seed0.npz,59.74425680562854,Fixed-size paired replacement; requested synthetic ratio=50%; real trials=130; synthetic trials=129; total trials=259; class counts and frozen label order preserved; replacement subsets nested across ratios; validation and test are real EEG,
success,vae_reconstruction_fixed_size_ratios_90_10_seed42,vae_replace_50pct_real,4,0,2,91,0.24137931034482762,0.3090277777777778,130,129,29,288,22,1000,real_vae_fixed_size_replacement,/home/jovyan/eeg-repro/high-gamma-data/data/processed/vae_repo_90_10_seed42/real_splits/S04_real_splits.npz,/home/jovyan/eeg-repro/high-gamma-data/data/generated/vae_repo_90_10_seed42/vae_reconstruction/S04_generator-seed0.npz,57.82274243980646,Fixed-size paired replacement; requested synthetic ratio=50%; real trials=130; synthetic trials=129; total trials=259; class counts and frozen label order preserved; replacement subsets nested across ratios; validation and test are real EEG,
success,vae_reconstruction_fixed_size_ratios_90_10_seed42,vae_replace_50pct_real,4,1,0,76,0.27586206896551724,0.32291666666666663,130,129,29,288,22,1000,real_vae_fixed_size_replacement,/home/jovyan/eeg-repro/high-gamma-data/data/processed/vae_repo_90_10_seed42/real_splits/S04_real_splits.npz,/home/jovyan/eeg-repro/high-gamma-data/data/generated/vae_repo_90_10_seed42/vae_reconstruction/S04_generator-seed1.npz,67.33962807059288,Fixed-size paired replacement; requested synthetic ratio=50%; real trials=130; synthetic trials=129; total trials=259; class counts and frozen label order preserved; replacement subsets nested across ratios; validation and test are real EEG,
success,vae_reconstruction_fixed_size_ratios_90_10_seed42,vae_replace_50pct_real,4,1,1,72,0.27586206896551724,0.29166666666666663,130,129,29,288,22,1000,real_vae_fixed_size_replacement,/home/jovyan/eeg-repro/high-gamma-data/data/processed/vae_repo_90_10_seed42/real_splits/S04_real_splits.npz,/home/jovyan/eeg-repro/high-gamma-data/data/generated/vae_repo_90_10_seed42/vae_reconstruction/S04_generator-seed1.npz,48.880191385746,Fixed-size paired replacement; requested synthetic ratio=50%; real trials=130; synthetic trials=129; total trials=259; class counts and frozen label order preserved; replacement subsets nested across ratios; validation and test are real EEG,
success,vae_reconstruction_fixed_size_ratios_90_10_seed42,vae_replace_50pct_real,4,1,2,98,0.1724137931034483,0.29861111111111116,130,129,29,288,22,1000,real_vae_fixed_size_replacement,/home/jovyan/eeg-repro/high-gamma-data/data/processed/vae_repo_90_10_seed42/real_splits/S04_real_splits.npz,/home/jovyan/eeg-repro/high-gamma-data/data/generated/vae_repo_90_10_seed42/vae_reconstruction/S04_generator-seed1.npz,76.05278043448925,Fixed-size paired replacement; requested synthetic ratio=50%; real trials=130; synthetic trials=129; total trials=259; class counts and frozen label order preserved; replacement subsets nested across ratios; validation and test are real EEG,
success,vae_reconstruction_fixed_size_ratios_90_10_seed42,vae_replace_50pct_real,4,2,0,44,0.31034482758620685,0.3715277777777778,130,129,29,288,22,1000,real_vae_fixed_size_replacement,/home/jovyan/eeg-repro/high-gamma-data/data/processed/vae_repo_90_10_seed42/real_splits/S04_real_splits.npz,/home/jovyan/eeg-repro/high-gamma-data/data/generated/vae_repo_90_10_seed42/vae_reconstruction/S04_generator-seed2.npz,28.160383097827435,Fixed-size paired replacement; requested synthetic ratio=50%; real trials=130; synthetic trials=129; total trials=259; class counts and frozen label order preserved; replacement subsets nested across ratios; validation and test are real EEG,
success,vae_reconstruction_fixed_size_ratios_90_10_seed42,vae_replace_50pct_real,4,2,1,48,0.24137931034482762,0.34375,130,129,29,288,22,1000,real_vae_fixed_size_replacement,/home/jovyan/eeg-repro/high-gamma-data/data/processed/vae_repo_90_10_seed42/real_splits/S04_real_splits.npz,/home/jovyan/eeg-repro/high-gamma-data/data/generated/vae_repo_90_10_seed42/vae_reconstruction/S04_generator-seed2.npz,50.33874895423651,Fixed-size paired replacement; requested synthetic ratio=50%; real trials=130; synthetic trials=129; total trials=259; class counts and frozen label order preserved; replacement subsets nested across ratios; validation and test are real EEG,
success,vae_reconstruction_fixed_size_ratios_90_10_seed42,vae_replace_50pct_real,4,2,2,98,0.2068965517241379,0.32638888888888884,130,129,29,288,22,1000,real_vae_fixed_size_replacement,/home/jovyan/eeg-repro/high-gamma-data/data/processed/vae_repo_90_10_seed42/real_splits/S04_real_splits.npz,/home/jovyan/eeg-repro/high-gamma-data/data/generated/vae_repo_90_10_seed42/vae_reconstruction/S04_generator-seed2.npz,63.767353400588036,Fixed-size paired replacement; requested synthetic ratio=50%; real trials=130; synthetic trials=129; total trials=259; class counts and frozen label order preserved; replacement subsets nested across ratios; validation and test are real EEG,
success,vae_reconstruction_fixed_size_ratios_90_10_seed42,vae_replace_50pct_real,5,0,0,79,0.13793103448275867,0.45138888888888884,128,131,29,288,22,1000,real_vae_fixed_size_replacement,/home/jovyan/eeg-repro/high-gamma-data/data/processed/vae_repo_90_10_seed42/real_splits/S05_real_splits.npz,/home/jovyan/eeg-repro/high-gamma-data/data/generated/vae_repo_90_10_seed42/vae_reconstruction/S05_generator-seed0.npz,57.08247944712639,Fixed-size paired replacement; requested synthetic ratio=50%; real trials=128; synthetic trials=131; total trials=259; class counts and frozen label order preserved; replacement subsets nested across ratios; validation and test are real EEG,
success,vae_reconstruction_fixed_size_ratios_90_10_seed42,vae_replace_50pct_real,5,0,1,111,0.13793103448275867,0.5694444444444444,128,131,29,288,22,1000,real_vae_fixed_size_replacement,/home/jovyan/eeg-repro/high-gamma-data/data/processed/vae_repo_90_10_seed42/real_splits/S05_real_splits.npz,/home/jovyan/eeg-repro/high-gamma-data/data/generated/vae_repo_90_10_seed42/vae_reconstruction/S05_generator-seed0.npz,74.00056386366487,Fixed-size paired replacement; requested synthetic ratio=50%; real trials=128; synthetic trials=131; total trials=259; class counts and frozen label order preserved; replacement subsets nested across ratios; validation and test are real EEG,
success,vae_reconstruction_fixed_size_ratios_90_10_seed42,vae_replace_50pct_real,5,0,2,70,0.2068965517241379,0.7361111111111112,128,131,29,288,22,1000,real_vae_fixed_size_replacement,/home/jovyan/eeg-repro/high-gamma-data/data/processed/vae_repo_90_10_seed42/real_splits/S05_real_splits.npz,/home/jovyan/eeg-repro/high-gamma-data/data/generated/vae_repo_90_10_seed42/vae_reconstruction/S05_generator-seed0.npz,44.59810055419803,Fixed-size paired replacement; requested synthetic ratio=50%; real trials=128; synthetic trials=131; total trials=259; class counts and frozen label order preserved; replacement subsets nested across ratios; validation and test are real EEG,
success,vae_reconstruction_fixed_size_ratios_90_10_seed42,vae_replace_50pct_real,5,1,0,79,0.10344827586206895,0.53125,128,131,29,288,22,1000,real_vae_fixed_size_replacement,/home/jovyan/eeg-repro/high-gamma-data/data/processed/vae_repo_90_10_seed42/real_splits/S05_real_splits.npz,/home/jovyan/eeg-repro/high-gamma-data/data/generated/vae_repo_90_10_seed42/vae_reconstruction/S05_generator-seed1.npz,67.64208338782191,Fixed-size paired replacement; requested synthetic ratio=50%; real trials=128; synthetic trials=131; total trials=259; class counts and frozen label order preserved; replacement subsets nested across ratios; validation and test are real EEG,
success,vae_reconstruction_fixed_size_ratios_90_10_seed42,vae_replace_50pct_real,5,1,1,91,0.13793103448275867,0.5138888888888888,128,131,29,288,22,1000,real_vae_fixed_size_replacement,/home/jovyan/eeg-repro/high-gamma-data/data/processed/vae_repo_90_10_seed42/real_splits/S05_real_splits.npz,/home/jovyan/eeg-repro/high-gamma-data/data/generated/vae_repo_90_10_seed42/vae_reconstruction/S05_generator-seed1.npz,59.931375063955784,Fixed-size paired replacement; requested synthetic ratio=50%; real trials=128; synthetic trials=131; total trials=259; class counts and frozen label order preserved; replacement subsets nested across ratios; validation and test are real EEG,
success,vae_reconstruction_fixed_size_ratios_90_10_seed42,vae_replace_50pct_real,5,1,2,79,0.13793103448275867,0.7430555555555556,128,131,29,288,22,1000,real_vae_fixed_size_replacement,/home/jovyan/eeg-repro/high-gamma-data/data/processed/vae_repo_90_10_seed42/real_splits/S05_real_splits.npz,/home/jovyan/eeg-repro/high-gamma-data/data/generated/vae_repo_90_10_seed42/vae_reconstruction/S05_generator-seed1.npz,69.04774118587375,Fixed-size paired replacement; requested synthetic ratio=50%; real trials=128; synthetic trials=131; total trials=259; class counts and frozen label order preserved; replacement subsets nested across ratios; validation and test are real EEG,
success,vae_reconstruction_fixed_size_ratios_90_10_seed42,vae_replace_50pct_real,5,2,0,83,0.10344827586206895,0.45138888888888884,128,131,29,288,22,1000,real_vae_fixed_size_replacement,/home/jovyan/eeg-repro/high-gamma-data/data/processed/vae_repo_90_10_seed42/real_splits/S05_real_splits.npz,/home/jovyan/eeg-repro/high-gamma-data/data/generated/vae_repo_90_10_seed42/vae_reconstruction/S05_generator-seed2.npz,64.70825025811791,Fixed-size paired replacement; requested synthetic ratio=50%; real trials=128; synthetic trials=131; total trials=259; class counts and frozen label order preserved; replacement subsets nested across ratios; validation and test are real EEG,
success,vae_reconstruction_fixed_size_ratios_90_10_seed42,vae_replace_50pct_real,5,2,1,89,0.13793103448275867,0.5243055555555556,128,131,29,288,22,1000,real_vae_fixed_size_replacement,/home/jovyan/eeg-repro/high-gamma-data/data/processed/vae_repo_90_10_seed42/real_splits/S05_real_splits.npz,/home/jovyan/eeg-repro/high-gamma-data/data/generated/vae_repo_90_10_seed42/vae_reconstruction/S05_generator-seed2.npz,57.13080943375826,Fixed-size paired replacement; requested synthetic ratio=50%; real trials=128; synthetic trials=131; total trials=259; class counts and frozen label order preserved; replacement subsets nested across ratios; validation and test are real EEG,
success,vae_reconstruction_fixed_size_ratios_90_10_seed42,vae_replace_50pct_real,5,2,2,59,0.1724137931034483,0.6493055555555556,128,131,29,288,22,1000,real_vae_fixed_size_replacement,/home/jovyan/eeg-repro/high-gamma-data/data/processed/vae_repo_90_10_seed42/real_splits/S05_real_splits.npz,/home/jovyan/eeg-repro/high-gamma-data/data/generated/vae_repo_90_10_seed42/vae_reconstruction/S05_generator-seed2.npz,49.27910379320383,Fixed-size paired replacement; requested synthetic ratio=50%; real trials=128; synthetic trials=131; total trials=259; class counts and frozen label order preserved; replacement subsets nested across ratios; validation and test are real EEG,
success,vae_reconstruction_fixed_size_ratios_90_10_seed42,vae_replace_50pct_real,6,0,0,45,0.4482758620689655,0.4305555555555556,129,130,29,288,22,1000,real_vae_fixed_size_replacement,/home/jovyan/eeg-repro/high-gamma-data/data/processed/vae_repo_90_10_seed42/real_splits/S06_real_splits.npz,/home/jovyan/eeg-repro/high-gamma-data/data/generated/vae_repo_90_10_seed42/vae_reconstruction/S06_generator-seed0.npz,29.316269047558308,Fixed-size paired replacement; requested synthetic ratio=50%; real trials=129; synthetic trials=130; total trials=259; class counts and frozen label order preserved; replacement subsets nested across ratios; validation and test are real EEG,
success,vae_reconstruction_fixed_size_ratios_90_10_seed42,vae_replace_50pct_real,6,0,1,59,0.3793103448275862,0.4375,129,130,29,288,22,1000,real_vae_fixed_size_replacement,/home/jovyan/eeg-repro/high-gamma-data/data/processed/vae_repo_90_10_seed42/real_splits/S06_real_splits.npz,/home/jovyan/eeg-repro/high-gamma-data/data/generated/vae_repo_90_10_seed42/vae_reconstruction/S06_generator-seed0.npz,41.453709203749895,Fixed-size paired replacement; requested synthetic ratio=50%; real trials=129; synthetic trials=130; total trials=259; class counts and frozen label order preserved; replacement subsets nested across ratios; validation and test are real EEG,
success,vae_reconstruction_fixed_size_ratios_90_10_seed42,vae_replace_50pct_real,6,0,2,34,0.48275862068965514,0.4756944444444444,129,130,29,288,22,1000,real_vae_fixed_size_replacement,/home/jovyan/eeg-repro/high-gamma-data/data/processed/vae_repo_90_10_seed42/real_splits/S06_real_splits.npz,/home/jovyan/eeg-repro/high-gamma-data/data/generated/vae_repo_90_10_seed42/vae_reconstruction/S06_generator-seed0.npz,26.01189137250185,Fixed-size paired replacement; requested synthetic ratio=50%; real trials=129; synthetic trials=130; total trials=259; class counts and frozen label order preserved; replacement subsets nested across ratios; validation and test are real EEG,
success,vae_reconstruction_fixed_size_ratios_90_10_seed42,vae_replace_50pct_real,6,1,0,62,0.4482758620689655,0.4375,129,130,29,288,22,1000,real_vae_fixed_size_replacement,/home/jovyan/eeg-repro/high-gamma-data/data/processed/vae_repo_90_10_seed42/real_splits/S06_real_splits.npz,/home/jovyan/eeg-repro/high-gamma-data/data/generated/vae_repo_90_10_seed42/vae_reconstruction/S06_generator-seed1.npz,41.174169577658176,Fixed-size paired replacement; requested synthetic ratio=50%; real trials=129; synthetic trials=130; total trials=259; class counts and frozen label order preserved; replacement subsets nested across ratios; validation and test are real EEG,
success,vae_reconstruction_fixed_size_ratios_90_10_seed42,vae_replace_50pct_real,6,1,1,58,0.4482758620689655,0.4618055555555556,129,130,29,288,22,1000,real_vae_fixed_size_replacement,/home/jovyan/eeg-repro/high-gamma-data/data/processed/vae_repo_90_10_seed42/real_splits/S06_real_splits.npz,/home/jovyan/eeg-repro/high-gamma-data/data/generated/vae_repo_90_10_seed42/vae_reconstruction/S06_generator-seed1.npz,39.3134850859642,Fixed-size paired replacement; requested synthetic ratio=50%; real trials=129; synthetic trials=130; total trials=259; class counts and frozen label order preserved; replacement subsets nested across ratios; validation and test are real EEG,
success,vae_reconstruction_fixed_size_ratios_90_10_seed42,vae_replace_50pct_real,6,1,2,101,0.3793103448275862,0.4409722222222222,129,130,29,288,22,1000,real_vae_fixed_size_replacement,/home/jovyan/eeg-repro/high-gamma-data/data/processed/vae_repo_90_10_seed42/real_splits/S06_real_splits.npz,/home/jovyan/eeg-repro/high-gamma-data/data/generated/vae_repo_90_10_seed42/vae_reconstruction/S06_generator-seed1.npz,65.62310938164592,Fixed-size paired replacement; requested synthetic ratio=50%; real trials=129; synthetic trials=130; total trials=259; class counts and frozen label order preserved; replacement subsets nested across ratios; validation and test are real EEG,
success,vae_reconstruction_fixed_size_ratios_90_10_seed42,vae_replace_50pct_real,6,2,0,48,0.4482758620689655,0.4305555555555556,129,130,29,288,22,1000,real_vae_fixed_size_replacement,/home/jovyan/eeg-repro/high-gamma-data/data/processed/vae_repo_90_10_seed42/real_splits/S06_real_splits.npz,/home/jovyan/eeg-repro/high-gamma-data/data/generated/vae_repo_90_10_seed42/vae_reconstruction/S06_generator-seed2.npz,30.789197079837322,Fixed-size paired replacement; requested synthetic ratio=50%; real trials=129; synthetic trials=130; total trials=259; class counts and frozen label order preserved; replacement subsets nested across ratios; validation and test are real EEG,
success,vae_reconstruction_fixed_size_ratios_90_10_seed42,vae_replace_50pct_real,6,2,1,42,0.4482758620689655,0.48263888888888884,129,130,29,288,22,1000,real_vae_fixed_size_replacement,/home/jovyan/eeg-repro/high-gamma-data/data/processed/vae_repo_90_10_seed42/real_splits/S06_real_splits.npz,/home/jovyan/eeg-repro/high-gamma-data/data/generated/vae_repo_90_10_seed42/vae_reconstruction/S06_generator-seed2.npz,34.45494458824396,Fixed-size paired replacement; requested synthetic ratio=50%; real trials=129; synthetic trials=130; total trials=259; class counts and frozen label order preserved; replacement subsets nested across ratios; validation and test are real EEG,
success,vae_reconstruction_fixed_size_ratios_90_10_seed42,vae_replace_50pct_real,6,2,2,84,0.3448275862068966,0.39583333333333337,129,130,29,288,22,1000,real_vae_fixed_size_replacement,/home/jovyan/eeg-repro/high-gamma-data/data/processed/vae_repo_90_10_seed42/real_splits/S06_real_splits.npz,/home/jovyan/eeg-repro/high-gamma-data/data/generated/vae_repo_90_10_seed42/vae_reconstruction/S06_generator-seed2.npz,72.86833352595568,Fixed-size paired replacement; requested synthetic ratio=50%; real trials=129; synthetic trials=130; total trials=259; class counts and frozen label order preserved; replacement subsets nested across ratios; validation and test are real EEG,
success,vae_reconstruction_fixed_size_ratios_90_10_seed42,vae_replace_50pct_real,7,0,0,67,0.03448275862068961,0.10416666666666663,128,131,29,288,22,1000,real_vae_fixed_size_replacement,/home/jovyan/eeg-repro/high-gamma-data/data/processed/vae_repo_90_10_seed42/real_splits/S07_real_splits.npz,/home/jovyan/eeg-repro/high-gamma-data/data/generated/vae_repo_90_10_seed42/vae_reconstruction/S07_generator-seed0.npz,42.63604434207082,Fixed-size paired replacement; requested synthetic ratio=50%; real trials=128; synthetic trials=131; total trials=259; class counts and frozen label order preserved; replacement subsets nested across ratios; validation and test are real EEG,
success,vae_reconstruction_fixed_size_ratios_90_10_seed42,vae_replace_50pct_real,7,0,1,81,0.03448275862068961,0.12152777777777779,128,131,29,288,22,1000,real_vae_fixed_size_replacement,/home/jovyan/eeg-repro/high-gamma-data/data/processed/vae_repo_90_10_seed42/real_splits/S07_real_splits.npz,/home/jovyan/eeg-repro/high-gamma-data/data/generated/vae_repo_90_10_seed42/vae_reconstruction/S07_generator-seed0.npz,52.78278739377856,Fixed-size paired replacement; requested synthetic ratio=50%; real trials=128; synthetic trials=131; total trials=259; class counts and frozen label order preserved; replacement subsets nested across ratios; validation and test are real EEG,
success,vae_reconstruction_fixed_size_ratios_90_10_seed42,vae_replace_50pct_real,7,0,2,73,0.0,0.16666666666666663,128,131,29,288,22,1000,real_vae_fixed_size_replacement,/home/jovyan/eeg-repro/high-gamma-data/data/processed/vae_repo_90_10_seed42/real_splits/S07_real_splits.npz,/home/jovyan/eeg-repro/high-gamma-data/data/generated/vae_repo_90_10_seed42/vae_reconstruction/S07_generator-seed0.npz,57.17044824361801,Fixed-size paired replacement; requested synthetic ratio=50%; real trials=128; synthetic trials=131; total trials=259; class counts and frozen label order preserved; replacement subsets nested across ratios; validation and test are real EEG,
success,vae_reconstruction_fixed_size_ratios_90_10_seed42,vae_replace_50pct_real,7,1,0,50,0.03448275862068961,0.11111111111111116,128,131,29,288,22,1000,real_vae_fixed_size_replacement,/home/jovyan/eeg-repro/high-gamma-data/data/processed/vae_repo_90_10_seed42/real_splits/S07_real_splits.npz,/home/jovyan/eeg-repro/high-gamma-data/data/generated/vae_repo_90_10_seed42/vae_reconstruction/S07_generator-seed1.npz,32.18536288291216,Fixed-size paired replacement; requested synthetic ratio=50%; real trials=128; synthetic trials=131; total trials=259; class counts and frozen label order preserved; replacement subsets nested across ratios; validation and test are real EEG,
success,vae_reconstruction_fixed_size_ratios_90_10_seed42,vae_replace_50pct_real,7,1,1,66,0.06896551724137934,0.14236111111111116,128,131,29,288,22,1000,real_vae_fixed_size_replacement,/home/jovyan/eeg-repro/high-gamma-data/data/processed/vae_repo_90_10_seed42/real_splits/S07_real_splits.npz,/home/jovyan/eeg-repro/high-gamma-data/data/generated/vae_repo_90_10_seed42/vae_reconstruction/S07_generator-seed1.npz,42.926341600716114,Fixed-size paired replacement; requested synthetic ratio=50%; real trials=128; synthetic trials=131; total trials=259; class counts and frozen label order preserved; replacement subsets nested across ratios; validation and test are real EEG,
success,vae_reconstruction_fixed_size_ratios_90_10_seed42,vae_replace_50pct_real,7,1,2,73,0.03448275862068961,0.16319444444444442,128,131,29,288,22,1000,real_vae_fixed_size_replacement,/home/jovyan/eeg-repro/high-gamma-data/data/processed/vae_repo_90_10_seed42/real_splits/S07_real_splits.npz,/home/jovyan/eeg-repro/high-gamma-data/data/generated/vae_repo_90_10_seed42/vae_reconstruction/S07_generator-seed1.npz,47.53766240179539,Fixed-size paired replacement; requested synthetic ratio=50%; real trials=128; synthetic trials=131; total trials=259; class counts and frozen label order preserved; replacement subsets nested across ratios; validation and test are real EEG,
success,vae_reconstruction_fixed_size_ratios_90_10_seed42,vae_replace_50pct_real,7,2,0,67,0.03448275862068961,0.13888888888888884,128,131,29,288,22,1000,real_vae_fixed_size_replacement,/home/jovyan/eeg-repro/high-gamma-data/data/processed/vae_repo_90_10_seed42/real_splits/S07_real_splits.npz,/home/jovyan/eeg-repro/high-gamma-data/data/generated/vae_repo_90_10_seed42/vae_reconstruction/S07_generator-seed2.npz,42.89948569610715,Fixed-size paired replacement; requested synthetic ratio=50%; real trials=128; synthetic trials=131; total trials=259; class counts and frozen label order preserved; replacement subsets nested across ratios; validation and test are real EEG,
success,vae_reconstruction_fixed_size_ratios_90_10_seed42,vae_replace_50pct_real,7,2,1,78,0.03448275862068961,0.125,128,131,29,288,22,1000,real_vae_fixed_size_replacement,/home/jovyan/eeg-repro/high-gamma-data/data/processed/vae_repo_90_10_seed42/real_splits/S07_real_splits.npz,/home/jovyan/eeg-repro/high-gamma-data/data/generated/vae_repo_90_10_seed42/vae_reconstruction/S07_generator-seed2.npz,49.41517733410001,Fixed-size paired replacement; requested synthetic ratio=50%; real trials=128; synthetic trials=131; total trials=259; class counts and frozen label order preserved; replacement subsets nested across ratios; validation and test are real EEG,
success,vae_reconstruction_fixed_size_ratios_90_10_seed42,vae_replace_50pct_real,7,2,2,73,0.0,0.15625,128,131,29,288,22,1000,real_vae_fixed_size_replacement,/home/jovyan/eeg-repro/high-gamma-data/data/processed/vae_repo_90_10_seed42/real_splits/S07_real_splits.npz,/home/jovyan/eeg-repro/high-gamma-data/data/generated/vae_repo_90_10_seed42/vae_reconstruction/S07_generator-seed2.npz,55.098855044692755,Fixed-size paired replacement; requested synthetic ratio=50%; real trials=128; synthetic trials=131; total trials=259; class counts and frozen label order preserved; replacement subsets nested across ratios; validation and test are real EEG,
success,vae_reconstruction_fixed_size_ratios_90_10_seed42,vae_replace_50pct_real,8,0,0,57,0.1724137931034483,0.21875,128,131,29,288,22,1000,real_vae_fixed_size_replacement,/home/jovyan/eeg-repro/high-gamma-data/data/processed/vae_repo_90_10_seed42/real_splits/S08_real_splits.npz,/home/jovyan/eeg-repro/high-gamma-data/data/generated/vae_repo_90_10_seed42/vae_reconstruction/S08_generator-seed0.npz,44.29925561323762,Fixed-size paired replacement; requested synthetic ratio=50%; real trials=128; synthetic trials=131; total trials=259; class counts and frozen label order preserved; replacement subsets nested across ratios; validation and test are real EEG,
success,vae_reconstruction_fixed_size_ratios_90_10_seed42,vae_replace_50pct_real,8,0,1,44,0.2068965517241379,0.2222222222222222,128,131,29,288,22,1000,real_vae_fixed_size_replacement,/home/jovyan/eeg-repro/high-gamma-data/data/processed/vae_repo_90_10_seed42/real_splits/S08_real_splits.npz,/home/jovyan/eeg-repro/high-gamma-data/data/generated/vae_repo_90_10_seed42/vae_reconstruction/S08_generator-seed0.npz,31.422429341822863,Fixed-size paired replacement; requested synthetic ratio=50%; real trials=128; synthetic trials=131; total trials=259; class counts and frozen label order preserved; replacement subsets nested across ratios; validation and test are real EEG,
success,vae_reconstruction_fixed_size_ratios_90_10_seed42,vae_replace_50pct_real,8,0,2,43,0.2068965517241379,0.26736111111111116,128,131,29,288,22,1000,real_vae_fixed_size_replacement,/home/jovyan/eeg-repro/high-gamma-data/data/processed/vae_repo_90_10_seed42/real_splits/S08_real_splits.npz,/home/jovyan/eeg-repro/high-gamma-data/data/generated/vae_repo_90_10_seed42/vae_reconstruction/S08_generator-seed0.npz,30.216464910656214,Fixed-size paired replacement; requested synthetic ratio=50%; real trials=128; synthetic trials=131; total trials=259; class counts and frozen label order preserved; replacement subsets nested across ratios; validation and test are real EEG,
success,vae_reconstruction_fixed_size_ratios_90_10_seed42,vae_replace_50pct_real,8,1,0,42,0.1724137931034483,0.17708333333333337,128,131,29,288,22,1000,real_vae_fixed_size_replacement,/home/jovyan/eeg-repro/high-gamma-data/data/processed/vae_repo_90_10_seed42/real_splits/S08_real_splits.npz,/home/jovyan/eeg-repro/high-gamma-data/data/generated/vae_repo_90_10_seed42/vae_reconstruction/S08_generator-seed1.npz,33.69503550231457,Fixed-size paired replacement; requested synthetic ratio=50%; real trials=128; synthetic trials=131; total trials=259; class counts and frozen label order preserved; replacement subsets nested across ratios; validation and test are real EEG,
success,vae_reconstruction_fixed_size_ratios_90_10_seed42,vae_replace_50pct_real,8,1,1,41,0.1724137931034483,0.22916666666666663,128,131,29,288,22,1000,real_vae_fixed_size_replacement,/home/jovyan/eeg-repro/high-gamma-data/data/processed/vae_repo_90_10_seed42/real_splits/S08_real_splits.npz,/home/jovyan/eeg-repro/high-gamma-data/data/generated/vae_repo_90_10_seed42/vae_reconstruction/S08_generator-seed1.npz,32.04818146303296,Fixed-size paired replacement; requested synthetic ratio=50%; real trials=128; synthetic trials=131; total trials=259; class counts and frozen label order preserved; replacement subsets nested across ratios; validation and test are real EEG,
success,vae_reconstruction_fixed_size_ratios_90_10_seed42,vae_replace_50pct_real,8,1,2,17,0.1724137931034483,0.26041666666666663,128,131,29,288,22,1000,real_vae_fixed_size_replacement,/home/jovyan/eeg-repro/high-gamma-data/data/processed/vae_repo_90_10_seed42/real_splits/S08_real_splits.npz,/home/jovyan/eeg-repro/high-gamma-data/data/generated/vae_repo_90_10_seed42/vae_reconstruction/S08_generator-seed1.npz,30.829282075166702,Fixed-size paired replacement; requested synthetic ratio=50%; real trials=128; synthetic trials=131; total trials=259; class counts and frozen label order preserved; replacement subsets nested across ratios; validation and test are real EEG,
success,vae_reconstruction_fixed_size_ratios_90_10_seed42,vae_replace_50pct_real,8,2,0,67,0.1724137931034483,0.19444444444444442,128,131,29,288,22,1000,real_vae_fixed_size_replacement,/home/jovyan/eeg-repro/high-gamma-data/data/processed/vae_repo_90_10_seed42/real_splits/S08_real_splits.npz,/home/jovyan/eeg-repro/high-gamma-data/data/generated/vae_repo_90_10_seed42/vae_reconstruction/S08_generator-seed2.npz,43.79022892192006,Fixed-size paired replacement; requested synthetic ratio=50%; real trials=128; synthetic trials=131; total trials=259; class counts and frozen label order preserved; replacement subsets nested across ratios; validation and test are real EEG,
success,vae_reconstruction_fixed_size_ratios_90_10_seed42,vae_replace_50pct_real,8,2,1,43,0.1724137931034483,0.22569444444444442,128,131,29,288,22,1000,real_vae_fixed_size_replacement,/home/jovyan/eeg-repro/high-gamma-data/data/processed/vae_repo_90_10_seed42/real_splits/S08_real_splits.npz,/home/jovyan/eeg-repro/high-gamma-data/data/generated/vae_repo_90_10_seed42/vae_reconstruction/S08_generator-seed2.npz,32.05824492871761,Fixed-size paired replacement; requested synthetic ratio=50%; real trials=128; synthetic trials=131; total trials=259; class counts and frozen label order preserved; replacement subsets nested across ratios; validation and test are real EEG,
success,vae_reconstruction_fixed_size_ratios_90_10_seed42,vae_replace_50pct_real,8,2,2,34,0.1724137931034483,0.26388888888888884,128,131,29,288,22,1000,real_vae_fixed_size_replacement,/home/jovyan/eeg-repro/high-gamma-data/data/processed/vae_repo_90_10_seed42/real_splits/S08_real_splits.npz,/home/jovyan/eeg-repro/high-gamma-data/data/generated/vae_repo_90_10_seed42/vae_reconstruction/S08_generator-seed2.npz,30.462941348552704,Fixed-size paired replacement; requested synthetic ratio=50%; real trials=128; synthetic trials=131; total trials=259; class counts and frozen label order preserved; replacement subsets nested across ratios; validation and test are real EEG,
success,vae_reconstruction_fixed_size_ratios_90_10_seed42,vae_replace_50pct_real,9,0,0,82,0.03448275862068961,0.21875,129,130,29,288,22,1000,real_vae_fixed_size_replacement,/home/jovyan/eeg-repro/high-gamma-data/data/processed/vae_repo_90_10_seed42/real_splits/S09_real_splits.npz,/home/jovyan/eeg-repro/high-gamma-data/data/generated/vae_repo_90_10_seed42/vae_reconstruction/S09_generator-seed0.npz,57.44544733315706,Fixed-size paired replacement; requested synthetic ratio=50%; real trials=129; synthetic trials=130; total trials=259; class counts and frozen label order preserved; replacement subsets nested across ratios; validation and test are real EEG,
success,vae_reconstruction_fixed_size_ratios_90_10_seed42,vae_replace_50pct_real,9,0,1,72,0.06896551724137934,0.22916666666666663,129,130,29,288,22,1000,real_vae_fixed_size_replacement,/home/jovyan/eeg-repro/high-gamma-data/data/processed/vae_repo_90_10_seed42/real_splits/S09_real_splits.npz,/home/jovyan/eeg-repro/high-gamma-data/data/generated/vae_repo_90_10_seed42/vae_reconstruction/S09_generator-seed0.npz,51.3026722073555,Fixed-size paired replacement; requested synthetic ratio=50%; real trials=129; synthetic trials=130; total trials=259; class counts and frozen label order preserved; replacement subsets nested across ratios; validation and test are real EEG,
success,vae_reconstruction_fixed_size_ratios_90_10_seed42,vae_replace_50pct_real,9,0,2,50,0.13793103448275867,0.23958333333333337,129,130,29,288,22,1000,real_vae_fixed_size_replacement,/home/jovyan/eeg-repro/high-gamma-data/data/processed/vae_repo_90_10_seed42/real_splits/S09_real_splits.npz,/home/jovyan/eeg-repro/high-gamma-data/data/generated/vae_repo_90_10_seed42/vae_reconstruction/S09_generator-seed0.npz,33.61224504187703,Fixed-size paired replacement; requested synthetic ratio=50%; real trials=129; synthetic trials=130; total trials=259; class counts and frozen label order preserved; replacement subsets nested across ratios; validation and test are real EEG,
success,vae_reconstruction_fixed_size_ratios_90_10_seed42,vae_replace_50pct_real,9,1,0,73,0.03448275862068961,0.21875,129,130,29,288,22,1000,real_vae_fixed_size_replacement,/home/jovyan/eeg-repro/high-gamma-data/data/processed/vae_repo_90_10_seed42/real_splits/S09_real_splits.npz,/home/jovyan/eeg-repro/high-gamma-data/data/generated/vae_repo_90_10_seed42/vae_reconstruction/S09_generator-seed1.npz,51.369666419923306,Fixed-size paired replacement; requested synthetic ratio=50%; real trials=129; synthetic trials=130; total trials=259; class counts and frozen label order preserved; replacement subsets nested across ratios; validation and test are real EEG,
success,vae_reconstruction_fixed_size_ratios_90_10_seed42,vae_replace_50pct_real,9,1,1,88,0.03448275862068961,0.24305555555555558,129,130,29,288,22,1000,real_vae_fixed_size_replacement,/home/jovyan/eeg-repro/high-gamma-data/data/processed/vae_repo_90_10_seed42/real_splits/S09_real_splits.npz,/home/jovyan/eeg-repro/high-gamma-data/data/generated/vae_repo_90_10_seed42/vae_reconstruction/S09_generator-seed1.npz,65.94774726033211,Fixed-size paired replacement; requested synthetic ratio=50%; real trials=129; synthetic trials=130; total trials=259; class counts and frozen label order preserved; replacement subsets nested across ratios; validation and test are real EEG,
success,vae_reconstruction_fixed_size_ratios_90_10_seed42,vae_replace_50pct_real,9,1,2,42,0.06896551724137934,0.25,129,130,29,288,22,1000,real_vae_fixed_size_replacement,/home/jovyan/eeg-repro/high-gamma-data/data/processed/vae_repo_90_10_seed42/real_splits/S09_real_splits.npz,/home/jovyan/eeg-repro/high-gamma-data/data/generated/vae_repo_90_10_seed42/vae_reconstruction/S09_generator-seed1.npz,39.95380797609687,Fixed-size paired replacement; requested synthetic ratio=50%; real trials=129; synthetic trials=130; total trials=259; class counts and frozen label order preserved; replacement subsets nested across ratios; validation and test are real EEG,
success,vae_reconstruction_fixed_size_ratios_90_10_seed42,vae_replace_50pct_real,9,2,0,69,0.06896551724137934,0.26041666666666663,129,130,29,288,22,1000,real_vae_fixed_size_replacement,/home/jovyan/eeg-repro/high-gamma-data/data/processed/vae_repo_90_10_seed42/real_splits/S09_real_splits.npz,/home/jovyan/eeg-repro/high-gamma-data/data/generated/vae_repo_90_10_seed42/vae_reconstruction/S09_generator-seed2.npz,45.39154263585806,Fixed-size paired replacement; requested synthetic ratio=50%; real trials=129; synthetic trials=130; total trials=259; class counts and frozen label order preserved; replacement subsets nested across ratios; validation and test are real EEG,
success,vae_reconstruction_fixed_size_ratios_90_10_seed42,vae_replace_50pct_real,9,2,1,58,0.10344827586206895,0.2465277777777778,129,130,29,288,22,1000,real_vae_fixed_size_replacement,/home/jovyan/eeg-repro/high-gamma-data/data/processed/vae_repo_90_10_seed42/real_splits/S09_real_splits.npz,/home/jovyan/eeg-repro/high-gamma-data/data/generated/vae_repo_90_10_seed42/vae_reconstruction/S09_generator-seed2.npz,38.57573810964823,Fixed-size paired replacement; requested synthetic ratio=50%; real trials=129; synthetic trials=130; total trials=259; class counts and frozen label order preserved; replacement subsets nested across ratios; validation and test are real EEG,
success,vae_reconstruction_fixed_size_ratios_90_10_seed42,vae_replace_50pct_real,9,2,2,96,0.06896551724137934,0.23958333333333337,129,130,29,288,22,1000,real_vae_fixed_size_replacement,/home/jovyan/eeg-repro/high-gamma-data/data/processed/vae_repo_90_10_seed42/real_splits/S09_real_splits.npz,/home/jovyan/eeg-repro/high-gamma-data/data/generated/vae_repo_90_10_seed42/vae_reconstruction/S09_generator-seed2.npz,61.78127818927169,Fixed-size paired replacement; requested synthetic ratio=50%; real trials=129; synthetic trials=130; total trials=259; class counts and frozen label order preserved; replacement subsets nested across ratios; validation and test are real EEG,
success,vae_reconstruction_fixed_size_ratios_90_10_seed42,vae_replace_75pct_real,1,0,0,50,0.10344827586206895,0.2152777777777778,65,194,29,288,22,1000,real_vae_fixed_size_replacement,/home/jovyan/eeg-repro/high-gamma-data/data/processed/vae_repo_90_10_seed42/real_splits/S01_real_splits.npz,/home/jovyan/eeg-repro/high-gamma-data/data/generated/vae_repo_90_10_seed42/vae_reconstruction/S01_generator-seed0.npz,39.090837467461824,Fixed-size paired replacement; requested synthetic ratio=75%; real trials=65; synthetic trials=194; total trials=259; class counts and frozen label order preserved; replacement subsets nested across ratios; validation and test are real EEG,
success,vae_reconstruction_fixed_size_ratios_90_10_seed42,vae_replace_75pct_real,1,0,1,74,0.10344827586206895,0.1840277777777778,65,194,29,288,22,1000,real_vae_fixed_size_replacement,/home/jovyan/eeg-repro/high-gamma-data/data/processed/vae_repo_90_10_seed42/real_splits/S01_real_splits.npz,/home/jovyan/eeg-repro/high-gamma-data/data/generated/vae_repo_90_10_seed42/vae_reconstruction/S01_generator-seed0.npz,49.91118576005101,Fixed-size paired replacement; requested synthetic ratio=75%; real trials=65; synthetic trials=194; total trials=259; class counts and frozen label order preserved; replacement subsets nested across ratios; validation and test are real EEG,
success,vae_reconstruction_fixed_size_ratios_90_10_seed42,vae_replace_75pct_real,1,0,2,24,0.13793103448275867,0.2534722222222222,65,194,29,288,22,1000,real_vae_fixed_size_replacement,/home/jovyan/eeg-repro/high-gamma-data/data/processed/vae_repo_90_10_seed42/real_splits/S01_real_splits.npz,/home/jovyan/eeg-repro/high-gamma-data/data/generated/vae_repo_90_10_seed42/vae_reconstruction/S01_generator-seed0.npz,35.09976472705603,Fixed-size paired replacement; requested synthetic ratio=75%; real trials=65; synthetic trials=194; total trials=259; class counts and frozen label order preserved; replacement subsets nested across ratios; validation and test are real EEG,
success,vae_reconstruction_fixed_size_ratios_90_10_seed42,vae_replace_75pct_real,1,1,0,76,0.06896551724137934,0.1909722222222222,65,194,29,288,22,1000,real_vae_fixed_size_replacement,/home/jovyan/eeg-repro/high-gamma-data/data/processed/vae_repo_90_10_seed42/real_splits/S01_real_splits.npz,/home/jovyan/eeg-repro/high-gamma-data/data/generated/vae_repo_90_10_seed42/vae_reconstruction/S01_generator-seed1.npz,48.897565357387066,Fixed-size paired replacement; requested synthetic ratio=75%; real trials=65; synthetic trials=194; total trials=259; class counts and frozen label order preserved; replacement subsets nested across ratios; validation and test are real EEG,
success,vae_reconstruction_fixed_size_ratios_90_10_seed42,vae_replace_75pct_real,1,1,1,51,0.06896551724137934,0.2152777777777778,65,194,29,288,22,1000,real_vae_fixed_size_replacement,/home/jovyan/eeg-repro/high-gamma-data/data/processed/vae_repo_90_10_seed42/real_splits/S01_real_splits.npz,/home/jovyan/eeg-repro/high-gamma-data/data/generated/vae_repo_90_10_seed42/vae_reconstruction/S01_generator-seed1.npz,32.781625263392925,Fixed-size paired replacement; requested synthetic ratio=75%; real trials=65; synthetic trials=194; total trials=259; class counts and frozen label order preserved; replacement subsets nested across ratios; validation and test are real EEG,
success,vae_reconstruction_fixed_size_ratios_90_10_seed42,vae_replace_75pct_real,1,1,2,24,0.03448275862068961,0.29861111111111116,65,194,29,288,22,1000,real_vae_fixed_size_replacement,/home/jovyan/eeg-repro/high-gamma-data/data/processed/vae_repo_90_10_seed42/real_splits/S01_real_splits.npz,/home/jovyan/eeg-repro/high-gamma-data/data/generated/vae_repo_90_10_seed42/vae_reconstruction/S01_generator-seed1.npz,34.57710225507617,Fixed-size paired replacement; requested synthetic ratio=75%; real trials=65; synthetic trials=194; total trials=259; class counts and frozen label order preserved; replacement subsets nested across ratios; validation and test are real EEG,
success,vae_reconstruction_fixed_size_ratios_90_10_seed42,vae_replace_75pct_real,1,2,0,64,0.06896551724137934,0.19444444444444442,65,194,29,288,22,1000,real_vae_fixed_size_replacement,/home/jovyan/eeg-repro/high-gamma-data/data/processed/vae_repo_90_10_seed42/real_splits/S01_real_splits.npz,/home/jovyan/eeg-repro/high-gamma-data/data/generated/vae_repo_90_10_seed42/vae_reconstruction/S01_generator-seed2.npz,41.539087135344744,Fixed-size paired replacement; requested synthetic ratio=75%; real trials=65; synthetic trials=194; total trials=259; class counts and frozen label order preserved; replacement subsets nested across ratios; validation and test are real EEG,
success,vae_reconstruction_fixed_size_ratios_90_10_seed42,vae_replace_75pct_real,1,2,1,53,0.06896551724137934,0.20138888888888884,65,194,29,288,22,1000,real_vae_fixed_size_replacement,/home/jovyan/eeg-repro/high-gamma-data/data/processed/vae_repo_90_10_seed42/real_splits/S01_real_splits.npz,/home/jovyan/eeg-repro/high-gamma-data/data/generated/vae_repo_90_10_seed42/vae_reconstruction/S01_generator-seed2.npz,35.971424244344234,Fixed-size paired replacement; requested synthetic ratio=75%; real trials=65; synthetic trials=194; total trials=259; class counts and frozen label order preserved; replacement subsets nested across ratios; validation and test are real EEG,
success,vae_reconstruction_fixed_size_ratios_90_10_seed42,vae_replace_75pct_real,1,2,2,42,0.06896551724137934,0.23611111111111116,65,194,29,288,22,1000,real_vae_fixed_size_replacement,/home/jovyan/eeg-repro/high-gamma-data/data/processed/vae_repo_90_10_seed42/real_splits/S01_real_splits.npz,/home/jovyan/eeg-repro/high-gamma-data/data/generated/vae_repo_90_10_seed42/vae_reconstruction/S01_generator-seed2.npz,36.58277243003249,Fixed-size paired replacement; requested synthetic ratio=75%; real trials=65; synthetic trials=194; total trials=259; class counts and frozen label order preserved; replacement subsets nested across ratios; validation and test are real EEG,
success,vae_reconstruction_fixed_size_ratios_90_10_seed42,vae_replace_75pct_real,2,0,0,56,0.4137931034482759,0.44791666666666663,65,194,29,288,22,1000,real_vae_fixed_size_replacement,/home/jovyan/eeg-repro/high-gamma-data/data/processed/vae_repo_90_10_seed42/real_splits/S02_real_splits.npz,/home/jovyan/eeg-repro/high-gamma-data/data/generated/vae_repo_90_10_seed42/vae_reconstruction/S02_generator-seed0.npz,45.172028202563524,Fixed-size paired replacement; requested synthetic ratio=75%; real trials=65; synthetic trials=194; total trials=259; class counts and frozen label order preserved; replacement subsets nested across ratios; validation and test are real EEG,
success,vae_reconstruction_fixed_size_ratios_90_10_seed42,vae_replace_75pct_real,2,0,1,54,0.4482758620689655,0.5347222222222222,65,194,29,288,22,1000,real_vae_fixed_size_replacement,/home/jovyan/eeg-repro/high-gamma-data/data/processed/vae_repo_90_10_seed42/real_splits/S02_real_splits.npz,/home/jovyan/eeg-repro/high-gamma-data/data/generated/vae_repo_90_10_seed42/vae_reconstruction/S02_generator-seed0.npz,49.538237776607275,Fixed-size paired replacement; requested synthetic ratio=75%; real trials=65; synthetic trials=194; total trials=259; class counts and frozen label order preserved; replacement subsets nested across ratios; validation and test are real EEG,
success,vae_reconstruction_fixed_size_ratios_90_10_seed42,vae_replace_75pct_real,2,0,2,39,0.4482758620689655,0.5416666666666667,65,194,29,288,22,1000,real_vae_fixed_size_replacement,/home/jovyan/eeg-repro/high-gamma-data/data/processed/vae_repo_90_10_seed42/real_splits/S02_real_splits.npz,/home/jovyan/eeg-repro/high-gamma-data/data/generated/vae_repo_90_10_seed42/vae_reconstruction/S02_generator-seed0.npz,28.979668360203505,Fixed-size paired replacement; requested synthetic ratio=75%; real trials=65; synthetic trials=194; total trials=259; class counts and frozen label order preserved; replacement subsets nested across ratios; validation and test are real EEG,
success,vae_reconstruction_fixed_size_ratios_90_10_seed42,vae_replace_75pct_real,2,1,0,49,0.4137931034482759,0.41666666666666663,65,194,29,288,22,1000,real_vae_fixed_size_replacement,/home/jovyan/eeg-repro/high-gamma-data/data/processed/vae_repo_90_10_seed42/real_splits/S02_real_splits.npz,/home/jovyan/eeg-repro/high-gamma-data/data/generated/vae_repo_90_10_seed42/vae_reconstruction/S02_generator-seed1.npz,43.86416629701853,Fixed-size paired replacement; requested synthetic ratio=75%; real trials=65; synthetic trials=194; total trials=259; class counts and frozen label order preserved; replacement subsets nested across ratios; validation and test are real EEG,
success,vae_reconstruction_fixed_size_ratios_90_10_seed42,vae_replace_75pct_real,2,1,1,40,0.3793103448275862,0.4375,65,194,29,288,22,1000,real_vae_fixed_size_replacement,/home/jovyan/eeg-repro/high-gamma-data/data/processed/vae_repo_90_10_seed42/real_splits/S02_real_splits.npz,/home/jovyan/eeg-repro/high-gamma-data/data/generated/vae_repo_90_10_seed42/vae_reconstruction/S02_generator-seed1.npz,45.1602293998003,Fixed-size paired replacement; requested synthetic ratio=75%; real trials=65; synthetic trials=194; total trials=259; class counts and frozen label order preserved; replacement subsets nested across ratios; validation and test are real EEG,
success,vae_reconstruction_fixed_size_ratios_90_10_seed42,vae_replace_75pct_real,2,1,2,49,0.48275862068965514,0.5069444444444444,65,194,29,288,22,1000,real_vae_fixed_size_replacement,/home/jovyan/eeg-repro/high-gamma-data/data/processed/vae_repo_90_10_seed42/real_splits/S02_real_splits.npz,/home/jovyan/eeg-repro/high-gamma-data/data/generated/vae_repo_90_10_seed42/vae_reconstruction/S02_generator-seed1.npz,30.992728270590305,Fixed-size paired replacement; requested synthetic ratio=75%; real trials=65; synthetic trials=194; total trials=259; class counts and frozen label order preserved; replacement subsets nested across ratios; validation and test are real EEG,
success,vae_reconstruction_fixed_size_ratios_90_10_seed42,vae_replace_75pct_real,2,2,0,56,0.4482758620689655,0.45138888888888884,65,194,29,288,22,1000,real_vae_fixed_size_replacement,/home/jovyan/eeg-repro/high-gamma-data/data/processed/vae_repo_90_10_seed42/real_splits/S02_real_splits.npz,/home/jovyan/eeg-repro/high-gamma-data/data/generated/vae_repo_90_10_seed42/vae_reconstruction/S02_generator-seed2.npz,38.9970413595438,Fixed-size paired replacement; requested synthetic ratio=75%; real trials=65; synthetic trials=194; total trials=259; class counts and frozen label order preserved; replacement subsets nested across ratios; validation and test are real EEG,
success,vae_reconstruction_fixed_size_ratios_90_10_seed42,vae_replace_75pct_real,2,2,1,49,0.3793103448275862,0.4756944444444444,65,194,29,288,22,1000,real_vae_fixed_size_replacement,/home/jovyan/eeg-repro/high-gamma-data/data/processed/vae_repo_90_10_seed42/real_splits/S02_real_splits.npz,/home/jovyan/eeg-repro/high-gamma-data/data/generated/vae_repo_90_10_seed42/vae_reconstruction/S02_generator-seed2.npz,50.692003682255745,Fixed-size paired replacement; requested synthetic ratio=75%; real trials=65; synthetic trials=194; total trials=259; class counts and frozen label order preserved; replacement subsets nested across ratios; validation and test are real EEG,
success,vae_reconstruction_fixed_size_ratios_90_10_seed42,vae_replace_75pct_real,2,2,2,16,0.4482758620689655,0.6319444444444444,65,194,29,288,22,1000,real_vae_fixed_size_replacement,/home/jovyan/eeg-repro/high-gamma-data/data/processed/vae_repo_90_10_seed42/real_splits/S02_real_splits.npz,/home/jovyan/eeg-repro/high-gamma-data/data/generated/vae_repo_90_10_seed42/vae_reconstruction/S02_generator-seed2.npz,28.538421604782343,Fixed-size paired replacement; requested synthetic ratio=75%; real trials=65; synthetic trials=194; total trials=259; class counts and frozen label order preserved; replacement subsets nested across ratios; validation and test are real EEG,
success,vae_reconstruction_fixed_size_ratios_90_10_seed42,vae_replace_75pct_real,3,0,0,54,0.03448275862068961,0.11458333333333337,65,194,29,288,22,1000,real_vae_fixed_size_replacement,/home/jovyan/eeg-repro/high-gamma-data/data/processed/vae_repo_90_10_seed42/real_splits/S03_real_splits.npz,/home/jovyan/eeg-repro/high-gamma-data/data/generated/vae_repo_90_10_seed42/vae_reconstruction/S03_generator-seed0.npz,54.2815396040678,Fixed-size paired replacement; requested synthetic ratio=75%; real trials=65; synthetic trials=194; total trials=259; class counts and frozen label order preserved; replacement subsets nested across ratios; validation and test are real EEG,
success,vae_reconstruction_fixed_size_ratios_90_10_seed42,vae_replace_75pct_real,3,0,1,44,0.10344827586206895,0.10763888888888884,65,194,29,288,22,1000,real_vae_fixed_size_replacement,/home/jovyan/eeg-repro/high-gamma-data/data/processed/vae_repo_90_10_seed42/real_splits/S03_real_splits.npz,/home/jovyan/eeg-repro/high-gamma-data/data/generated/vae_repo_90_10_seed42/vae_reconstruction/S03_generator-seed0.npz,30.537831608206034,Fixed-size paired replacement; requested synthetic ratio=75%; real trials=65; synthetic trials=194; total trials=259; class counts and frozen label order preserved; replacement subsets nested across ratios; validation and test are real EEG,
success,vae_reconstruction_fixed_size_ratios_90_10_seed42,vae_replace_75pct_real,3,0,2,62,0.06896551724137934,0.12152777777777779,65,194,29,288,22,1000,real_vae_fixed_size_replacement,/home/jovyan/eeg-repro/high-gamma-data/data/processed/vae_repo_90_10_seed42/real_splits/S03_real_splits.npz,/home/jovyan/eeg-repro/high-gamma-data/data/generated/vae_repo_90_10_seed42/vae_reconstruction/S03_generator-seed0.npz,41.354508366435766,Fixed-size paired replacement; requested synthetic ratio=75%; real trials=65; synthetic trials=194; total trials=259; class counts and frozen label order preserved; replacement subsets nested across ratios; validation and test are real EEG,
success,vae_reconstruction_fixed_size_ratios_90_10_seed42,vae_replace_75pct_real,3,1,0,76,0.03448275862068961,0.12152777777777779,65,194,29,288,22,1000,real_vae_fixed_size_replacement,/home/jovyan/eeg-repro/high-gamma-data/data/processed/vae_repo_90_10_seed42/real_splits/S03_real_splits.npz,/home/jovyan/eeg-repro/high-gamma-data/data/generated/vae_repo_90_10_seed42/vae_reconstruction/S03_generator-seed1.npz,55.74437015876174,Fixed-size paired replacement; requested synthetic ratio=75%; real trials=65; synthetic trials=194; total trials=259; class counts and frozen label order preserved; replacement subsets nested across ratios; validation and test are real EEG,
success,vae_reconstruction_fixed_size_ratios_90_10_seed42,vae_replace_75pct_real,3,1,1,52,0.03448275862068961,0.14583333333333337,65,194,29,288,22,1000,real_vae_fixed_size_replacement,/home/jovyan/eeg-repro/high-gamma-data/data/processed/vae_repo_90_10_seed42/real_splits/S03_real_splits.npz,/home/jovyan/eeg-repro/high-gamma-data/data/generated/vae_repo_90_10_seed42/vae_reconstruction/S03_generator-seed1.npz,53.438255693763494,Fixed-size paired replacement; requested synthetic ratio=75%; real trials=65; synthetic trials=194; total trials=259; class counts and frozen label order preserved; replacement subsets nested across ratios; validation and test are real EEG,
success,vae_reconstruction_fixed_size_ratios_90_10_seed42,vae_replace_75pct_real,3,1,2,47,0.06896551724137934,0.1284722222222222,65,194,29,288,22,1000,real_vae_fixed_size_replacement,/home/jovyan/eeg-repro/high-gamma-data/data/processed/vae_repo_90_10_seed42/real_splits/S03_real_splits.npz,/home/jovyan/eeg-repro/high-gamma-data/data/generated/vae_repo_90_10_seed42/vae_reconstruction/S03_generator-seed1.npz,36.30069153010845,Fixed-size paired replacement; requested synthetic ratio=75%; real trials=65; synthetic trials=194; total trials=259; class counts and frozen label order preserved; replacement subsets nested across ratios; validation and test are real EEG,
success,vae_reconstruction_fixed_size_ratios_90_10_seed42,vae_replace_75pct_real,3,2,0,53,0.06896551724137934,0.12152777777777779,65,194,29,288,22,1000,real_vae_fixed_size_replacement,/home/jovyan/eeg-repro/high-gamma-data/data/processed/vae_repo_90_10_seed42/real_splits/S03_real_splits.npz,/home/jovyan/eeg-repro/high-gamma-data/data/generated/vae_repo_90_10_seed42/vae_reconstruction/S03_generator-seed2.npz,38.24310976266861,Fixed-size paired replacement; requested synthetic ratio=75%; real trials=65; synthetic trials=194; total trials=259; class counts and frozen label order preserved; replacement subsets nested across ratios; validation and test are real EEG,
success,vae_reconstruction_fixed_size_ratios_90_10_seed42,vae_replace_75pct_real,3,2,1,78,0.06896551724137934,0.12152777777777779,65,194,29,288,22,1000,real_vae_fixed_size_replacement,/home/jovyan/eeg-repro/high-gamma-data/data/processed/vae_repo_90_10_seed42/real_splits/S03_real_splits.npz,/home/jovyan/eeg-repro/high-gamma-data/data/generated/vae_repo_90_10_seed42/vae_reconstruction/S03_generator-seed2.npz,50.08723547682166,Fixed-size paired replacement; requested synthetic ratio=75%; real trials=65; synthetic trials=194; total trials=259; class counts and frozen label order preserved; replacement subsets nested across ratios; validation and test are real EEG,
success,vae_reconstruction_fixed_size_ratios_90_10_seed42,vae_replace_75pct_real,3,2,2,62,0.06896551724137934,0.11805555555555558,65,194,29,288,22,1000,real_vae_fixed_size_replacement,/home/jovyan/eeg-repro/high-gamma-data/data/processed/vae_repo_90_10_seed42/real_splits/S03_real_splits.npz,/home/jovyan/eeg-repro/high-gamma-data/data/generated/vae_repo_90_10_seed42/vae_reconstruction/S03_generator-seed2.npz,39.904281225055456,Fixed-size paired replacement; requested synthetic ratio=75%; real trials=65; synthetic trials=194; total trials=259; class counts and frozen label order preserved; replacement subsets nested across ratios; validation and test are real EEG,
success,vae_reconstruction_fixed_size_ratios_90_10_seed42,vae_replace_75pct_real,4,0,0,44,0.3448275862068966,0.34375,64,195,29,288,22,1000,real_vae_fixed_size_replacement,/home/jovyan/eeg-repro/high-gamma-data/data/processed/vae_repo_90_10_seed42/real_splits/S04_real_splits.npz,/home/jovyan/eeg-repro/high-gamma-data/data/generated/vae_repo_90_10_seed42/vae_reconstruction/S04_generator-seed0.npz,29.35330716520548,Fixed-size paired replacement; requested synthetic ratio=75%; real trials=64; synthetic trials=195; total trials=259; class counts and frozen label order preserved; replacement subsets nested across ratios; validation and test are real EEG,
success,vae_reconstruction_fixed_size_ratios_90_10_seed42,vae_replace_75pct_real,4,0,1,60,0.27586206896551724,0.29166666666666663,64,195,29,288,22,1000,real_vae_fixed_size_replacement,/home/jovyan/eeg-repro/high-gamma-data/data/processed/vae_repo_90_10_seed42/real_splits/S04_real_splits.npz,/home/jovyan/eeg-repro/high-gamma-data/data/generated/vae_repo_90_10_seed42/vae_reconstruction/S04_generator-seed0.npz,46.31021440774202,Fixed-size paired replacement; requested synthetic ratio=75%; real trials=64; synthetic trials=195; total trials=259; class counts and frozen label order preserved; replacement subsets nested across ratios; validation and test are real EEG,
success,vae_reconstruction_fixed_size_ratios_90_10_seed42,vae_replace_75pct_real,4,0,2,58,0.1724137931034483,0.32638888888888884,64,195,29,288,22,1000,real_vae_fixed_size_replacement,/home/jovyan/eeg-repro/high-gamma-data/data/processed/vae_repo_90_10_seed42/real_splits/S04_real_splits.npz,/home/jovyan/eeg-repro/high-gamma-data/data/generated/vae_repo_90_10_seed42/vae_reconstruction/S04_generator-seed0.npz,57.02748618647456,Fixed-size paired replacement; requested synthetic ratio=75%; real trials=64; synthetic trials=195; total trials=259; class counts and frozen label order preserved; replacement subsets nested across ratios; validation and test are real EEG,
success,vae_reconstruction_fixed_size_ratios_90_10_seed42,vae_replace_75pct_real,4,1,0,68,0.31034482758620685,0.3055555555555556,64,195,29,288,22,1000,real_vae_fixed_size_replacement,/home/jovyan/eeg-repro/high-gamma-data/data/processed/vae_repo_90_10_seed42/real_splits/S04_real_splits.npz,/home/jovyan/eeg-repro/high-gamma-data/data/generated/vae_repo_90_10_seed42/vae_reconstruction/S04_generator-seed1.npz,46.85044652968645,Fixed-size paired replacement; requested synthetic ratio=75%; real trials=64; synthetic trials=195; total trials=259; class counts and frozen label order preserved; replacement subsets nested across ratios; validation and test are real EEG,
success,vae_reconstruction_fixed_size_ratios_90_10_seed42,vae_replace_75pct_real,4,1,1,64,0.24137931034482762,0.32291666666666663,64,195,29,288,22,1000,real_vae_fixed_size_replacement,/home/jovyan/eeg-repro/high-gamma-data/data/processed/vae_repo_90_10_seed42/real_splits/S04_real_splits.npz,/home/jovyan/eeg-repro/high-gamma-data/data/generated/vae_repo_90_10_seed42/vae_reconstruction/S04_generator-seed1.npz,61.599221397191286,Fixed-size paired replacement; requested synthetic ratio=75%; real trials=64; synthetic trials=195; total trials=259; class counts and frozen label order preserved; replacement subsets nested across ratios; validation and test are real EEG,
success,vae_reconstruction_fixed_size_ratios_90_10_seed42,vae_replace_75pct_real,4,1,2,98,0.2068965517241379,0.32291666666666663,64,195,29,288,22,1000,real_vae_fixed_size_replacement,/home/jovyan/eeg-repro/high-gamma-data/data/processed/vae_repo_90_10_seed42/real_splits/S04_real_splits.npz,/home/jovyan/eeg-repro/high-gamma-data/data/generated/vae_repo_90_10_seed42/vae_reconstruction/S04_generator-seed1.npz,77.86204607412219,Fixed-size paired replacement; requested synthetic ratio=75%; real trials=64; synthetic trials=195; total trials=259; class counts and frozen label order preserved; replacement subsets nested across ratios; validation and test are real EEG,
success,vae_reconstruction_fixed_size_ratios_90_10_seed42,vae_replace_75pct_real,4,2,0,14,0.31034482758620685,0.4375,64,195,29,288,22,1000,real_vae_fixed_size_replacement,/home/jovyan/eeg-repro/high-gamma-data/data/processed/vae_repo_90_10_seed42/real_splits/S04_real_splits.npz,/home/jovyan/eeg-repro/high-gamma-data/data/generated/vae_repo_90_10_seed42/vae_reconstruction/S04_generator-seed2.npz,29.165071662515402,Fixed-size paired replacement; requested synthetic ratio=75%; real trials=64; synthetic trials=195; total trials=259; class counts and frozen label order preserved; replacement subsets nested across ratios; validation and test are real EEG,
success,vae_reconstruction_fixed_size_ratios_90_10_seed42,vae_replace_75pct_real,4,2,1,48,0.24137931034482762,0.3506944444444444,64,195,29,288,22,1000,real_vae_fixed_size_replacement,/home/jovyan/eeg-repro/high-gamma-data/data/processed/vae_repo_90_10_seed42/real_splits/S04_real_splits.npz,/home/jovyan/eeg-repro/high-gamma-data/data/generated/vae_repo_90_10_seed42/vae_reconstruction/S04_generator-seed2.npz,50.91670883074403,Fixed-size paired replacement; requested synthetic ratio=75%; real trials=64; synthetic trials=195; total trials=259; class counts and frozen label order preserved; replacement subsets nested across ratios; validation and test are real EEG,
success,vae_reconstruction_fixed_size_ratios_90_10_seed42,vae_replace_75pct_real,4,2,2,95,0.2068965517241379,0.3159722222222222,64,195,29,288,22,1000,real_vae_fixed_size_replacement,/home/jovyan/eeg-repro/high-gamma-data/data/processed/vae_repo_90_10_seed42/real_splits/S04_real_splits.npz,/home/jovyan/eeg-repro/high-gamma-data/data/generated/vae_repo_90_10_seed42/vae_reconstruction/S04_generator-seed2.npz,75.11069587990642,Fixed-size paired replacement; requested synthetic ratio=75%; real trials=64; synthetic trials=195; total trials=259; class counts and frozen label order preserved; replacement subsets nested across ratios; validation and test are real EEG,
success,vae_reconstruction_fixed_size_ratios_90_10_seed42,vae_replace_75pct_real,5,0,0,86,0.1724137931034483,0.5381944444444444,65,194,29,288,22,1000,real_vae_fixed_size_replacement,/home/jovyan/eeg-repro/high-gamma-data/data/processed/vae_repo_90_10_seed42/real_splits/S05_real_splits.npz,/home/jovyan/eeg-repro/high-gamma-data/data/generated/vae_repo_90_10_seed42/vae_reconstruction/S05_generator-seed0.npz,65.60971588641405,Fixed-size paired replacement; requested synthetic ratio=75%; real trials=65; synthetic trials=194; total trials=259; class counts and frozen label order preserved; replacement subsets nested across ratios; validation and test are real EEG,
success,vae_reconstruction_fixed_size_ratios_90_10_seed42,vae_replace_75pct_real,5,0,1,97,0.1724137931034483,0.6493055555555556,65,194,29,288,22,1000,real_vae_fixed_size_replacement,/home/jovyan/eeg-repro/high-gamma-data/data/processed/vae_repo_90_10_seed42/real_splits/S05_real_splits.npz,/home/jovyan/eeg-repro/high-gamma-data/data/generated/vae_repo_90_10_seed42/vae_reconstruction/S05_generator-seed0.npz,63.675016820430756,Fixed-size paired replacement; requested synthetic ratio=75%; real trials=65; synthetic trials=194; total trials=259; class counts and frozen label order preserved; replacement subsets nested across ratios; validation and test are real EEG,
success,vae_reconstruction_fixed_size_ratios_90_10_seed42,vae_replace_75pct_real,5,0,2,75,0.13793103448275867,0.75,65,194,29,288,22,1000,real_vae_fixed_size_replacement,/home/jovyan/eeg-repro/high-gamma-data/data/processed/vae_repo_90_10_seed42/real_splits/S05_real_splits.npz,/home/jovyan/eeg-repro/high-gamma-data/data/generated/vae_repo_90_10_seed42/vae_reconstruction/S05_generator-seed0.npz,66.86432385072112,Fixed-size paired replacement; requested synthetic ratio=75%; real trials=65; synthetic trials=194; total trials=259; class counts and frozen label order preserved; replacement subsets nested across ratios; validation and test are real EEG,
success,vae_reconstruction_fixed_size_ratios_90_10_seed42,vae_replace_75pct_real,5,1,0,79,0.10344827586206895,0.5625,65,194,29,288,22,1000,real_vae_fixed_size_replacement,/home/jovyan/eeg-repro/high-gamma-data/data/processed/vae_repo_90_10_seed42/real_splits/S05_real_splits.npz,/home/jovyan/eeg-repro/high-gamma-data/data/generated/vae_repo_90_10_seed42/vae_reconstruction/S05_generator-seed1.npz,65.77093372493982,Fixed-size paired replacement; requested synthetic ratio=75%; real trials=65; synthetic trials=194; total trials=259; class counts and frozen label order preserved; replacement subsets nested across ratios; validation and test are real EEG,
success,vae_reconstruction_fixed_size_ratios_90_10_seed42,vae_replace_75pct_real,5,1,1,98,0.13793103448275867,0.7048611111111112,65,194,29,288,22,1000,real_vae_fixed_size_replacement,/home/jovyan/eeg-repro/high-gamma-data/data/processed/vae_repo_90_10_seed42/real_splits/S05_real_splits.npz,/home/jovyan/eeg-repro/high-gamma-data/data/generated/vae_repo_90_10_seed42/vae_reconstruction/S05_generator-seed1.npz,63.04195396602154,Fixed-size paired replacement; requested synthetic ratio=75%; real trials=65; synthetic trials=194; total trials=259; class counts and frozen label order preserved; replacement subsets nested across ratios; validation and test are real EEG,
success,vae_reconstruction_fixed_size_ratios_90_10_seed42,vae_replace_75pct_real,5,1,2,56,0.13793103448275867,0.6180555555555556,65,194,29,288,22,1000,real_vae_fixed_size_replacement,/home/jovyan/eeg-repro/high-gamma-data/data/processed/vae_repo_90_10_seed42/real_splits/S05_real_splits.npz,/home/jovyan/eeg-repro/high-gamma-data/data/generated/vae_repo_90_10_seed42/vae_reconstruction/S05_generator-seed1.npz,55.10469175875187,Fixed-size paired replacement; requested synthetic ratio=75%; real trials=65; synthetic trials=194; total trials=259; class counts and frozen label order preserved; replacement subsets nested across ratios; validation and test are real EEG,
success,vae_reconstruction_fixed_size_ratios_90_10_seed42,vae_replace_75pct_real,5,2,0,93,0.13793103448275867,0.5451388888888888,65,194,29,288,22,1000,real_vae_fixed_size_replacement,/home/jovyan/eeg-repro/high-gamma-data/data/processed/vae_repo_90_10_seed42/real_splits/S05_real_splits.npz,/home/jovyan/eeg-repro/high-gamma-data/data/generated/vae_repo_90_10_seed42/vae_reconstruction/S05_generator-seed2.npz,60.080483835190535,Fixed-size paired replacement; requested synthetic ratio=75%; real trials=65; synthetic trials=194; total trials=259; class counts and frozen label order preserved; replacement subsets nested across ratios; validation and test are real EEG,
success,vae_reconstruction_fixed_size_ratios_90_10_seed42,vae_replace_75pct_real,5,2,1,92,0.1724137931034483,0.6145833333333333,65,194,29,288,22,1000,real_vae_fixed_size_replacement,/home/jovyan/eeg-repro/high-gamma-data/data/processed/vae_repo_90_10_seed42/real_splits/S05_real_splits.npz,/home/jovyan/eeg-repro/high-gamma-data/data/generated/vae_repo_90_10_seed42/vae_reconstruction/S05_generator-seed2.npz,59.94998199865222,Fixed-size paired replacement; requested synthetic ratio=75%; real trials=65; synthetic trials=194; total trials=259; class counts and frozen label order preserved; replacement subsets nested across ratios; validation and test are real EEG,
success,vae_reconstruction_fixed_size_ratios_90_10_seed42,vae_replace_75pct_real,5,2,2,69,0.1724137931034483,0.6666666666666667,65,194,29,288,22,1000,real_vae_fixed_size_replacement,/home/jovyan/eeg-repro/high-gamma-data/data/processed/vae_repo_90_10_seed42/real_splits/S05_real_splits.npz,/home/jovyan/eeg-repro/high-gamma-data/data/generated/vae_repo_90_10_seed42/vae_reconstruction/S05_generator-seed2.npz,50.599212754517794,Fixed-size paired replacement; requested synthetic ratio=75%; real trials=65; synthetic trials=194; total trials=259; class counts and frozen label order preserved; replacement subsets nested across ratios; validation and test are real EEG,
success,vae_reconstruction_fixed_size_ratios_90_10_seed42,vae_replace_75pct_real,6,0,0,69,0.3793103448275862,0.42708333333333337,64,195,29,288,22,1000,real_vae_fixed_size_replacement,/home/jovyan/eeg-repro/high-gamma-data/data/processed/vae_repo_90_10_seed42/real_splits/S06_real_splits.npz,/home/jovyan/eeg-repro/high-gamma-data/data/generated/vae_repo_90_10_seed42/vae_reconstruction/S06_generator-seed0.npz,62.98954567685723,Fixed-size paired replacement; requested synthetic ratio=75%; real trials=64; synthetic trials=195; total trials=259; class counts and frozen label order preserved; replacement subsets nested across ratios; validation and test are real EEG,
success,vae_reconstruction_fixed_size_ratios_90_10_seed42,vae_replace_75pct_real,6,0,1,70,0.3793103448275862,0.45833333333333337,64,195,29,288,22,1000,real_vae_fixed_size_replacement,/home/jovyan/eeg-repro/high-gamma-data/data/processed/vae_repo_90_10_seed42/real_splits/S06_real_splits.npz,/home/jovyan/eeg-repro/high-gamma-data/data/generated/vae_repo_90_10_seed42/vae_reconstruction/S06_generator-seed0.npz,55.55589212849736,Fixed-size paired replacement; requested synthetic ratio=75%; real trials=64; synthetic trials=195; total trials=259; class counts and frozen label order preserved; replacement subsets nested across ratios; validation and test are real EEG,
success,vae_reconstruction_fixed_size_ratios_90_10_seed42,vae_replace_75pct_real,6,0,2,58,0.4482758620689655,0.42708333333333337,64,195,29,288,22,1000,real_vae_fixed_size_replacement,/home/jovyan/eeg-repro/high-gamma-data/data/processed/vae_repo_90_10_seed42/real_splits/S06_real_splits.npz,/home/jovyan/eeg-repro/high-gamma-data/data/generated/vae_repo_90_10_seed42/vae_reconstruction/S06_generator-seed0.npz,39.189902659505606,Fixed-size paired replacement; requested synthetic ratio=75%; real trials=64; synthetic trials=195; total trials=259; class counts and frozen label order preserved; replacement subsets nested across ratios; validation and test are real EEG,
success,vae_reconstruction_fixed_size_ratios_90_10_seed42,vae_replace_75pct_real,6,1,0,50,0.4137931034482759,0.44791666666666663,64,195,29,288,22,1000,real_vae_fixed_size_replacement,/home/jovyan/eeg-repro/high-gamma-data/data/processed/vae_repo_90_10_seed42/real_splits/S06_real_splits.npz,/home/jovyan/eeg-repro/high-gamma-data/data/generated/vae_repo_90_10_seed42/vae_reconstruction/S06_generator-seed1.npz,40.96898157522082,Fixed-size paired replacement; requested synthetic ratio=75%; real trials=64; synthetic trials=195; total trials=259; class counts and frozen label order preserved; replacement subsets nested across ratios; validation and test are real EEG,
success,vae_reconstruction_fixed_size_ratios_90_10_seed42,vae_replace_75pct_real,6,1,1,57,0.3793103448275862,0.45486111111111116,64,195,29,288,22,1000,real_vae_fixed_size_replacement,/home/jovyan/eeg-repro/high-gamma-data/data/processed/vae_repo_90_10_seed42/real_splits/S06_real_splits.npz,/home/jovyan/eeg-repro/high-gamma-data/data/generated/vae_repo_90_10_seed42/vae_reconstruction/S06_generator-seed1.npz,55.828912168741226,Fixed-size paired replacement; requested synthetic ratio=75%; real trials=64; synthetic trials=195; total trials=259; class counts and frozen label order preserved; replacement subsets nested across ratios; validation and test are real EEG,
success,vae_reconstruction_fixed_size_ratios_90_10_seed42,vae_replace_75pct_real,6,1,2,78,0.4137931034482759,0.42013888888888884,64,195,29,288,22,1000,real_vae_fixed_size_replacement,/home/jovyan/eeg-repro/high-gamma-data/data/processed/vae_repo_90_10_seed42/real_splits/S06_real_splits.npz,/home/jovyan/eeg-repro/high-gamma-data/data/generated/vae_repo_90_10_seed42/vae_reconstruction/S06_generator-seed1.npz,48.950195856392384,Fixed-size paired replacement; requested synthetic ratio=75%; real trials=64; synthetic trials=195; total trials=259; class counts and frozen label order preserved; replacement subsets nested across ratios; validation and test are real EEG,
success,vae_reconstruction_fixed_size_ratios_90_10_seed42,vae_replace_75pct_real,6,2,0,47,0.4482758620689655,0.4305555555555556,64,195,29,288,22,1000,real_vae_fixed_size_replacement,/home/jovyan/eeg-repro/high-gamma-data/data/processed/vae_repo_90_10_seed42/real_splits/S06_real_splits.npz,/home/jovyan/eeg-repro/high-gamma-data/data/generated/vae_repo_90_10_seed42/vae_reconstruction/S06_generator-seed2.npz,31.404452070593834,Fixed-size paired replacement; requested synthetic ratio=75%; real trials=64; synthetic trials=195; total trials=259; class counts and frozen label order preserved; replacement subsets nested across ratios; validation and test are real EEG,
success,vae_reconstruction_fixed_size_ratios_90_10_seed42,vae_replace_75pct_real,6,2,1,60,0.4137931034482759,0.4756944444444444,64,195,29,288,22,1000,real_vae_fixed_size_replacement,/home/jovyan/eeg-repro/high-gamma-data/data/processed/vae_repo_90_10_seed42/real_splits/S06_real_splits.npz,/home/jovyan/eeg-repro/high-gamma-data/data/generated/vae_repo_90_10_seed42/vae_reconstruction/S06_generator-seed2.npz,48.83445347845554,Fixed-size paired replacement; requested synthetic ratio=75%; real trials=64; synthetic trials=195; total trials=259; class counts and frozen label order preserved; replacement subsets nested across ratios; validation and test are real EEG,
success,vae_reconstruction_fixed_size_ratios_90_10_seed42,vae_replace_75pct_real,6,2,2,84,0.3793103448275862,0.4027777777777778,64,195,29,288,22,1000,real_vae_fixed_size_replacement,/home/jovyan/eeg-repro/high-gamma-data/data/processed/vae_repo_90_10_seed42/real_splits/S06_real_splits.npz,/home/jovyan/eeg-repro/high-gamma-data/data/generated/vae_repo_90_10_seed42/vae_reconstruction/S06_generator-seed2.npz,59.10908047482371,Fixed-size paired replacement; requested synthetic ratio=75%; real trials=64; synthetic trials=195; total trials=259; class counts and frozen label order preserved; replacement subsets nested across ratios; validation and test are real EEG,
success,vae_reconstruction_fixed_size_ratios_90_10_seed42,vae_replace_75pct_real,7,0,0,72,0.03448275862068961,0.10763888888888884,65,194,29,288,22,1000,real_vae_fixed_size_replacement,/home/jovyan/eeg-repro/high-gamma-data/data/processed/vae_repo_90_10_seed42/real_splits/S07_real_splits.npz,/home/jovyan/eeg-repro/high-gamma-data/data/generated/vae_repo_90_10_seed42/vae_reconstruction/S07_generator-seed0.npz,47.88219943270087,Fixed-size paired replacement; requested synthetic ratio=75%; real trials=65; synthetic trials=194; total trials=259; class counts and frozen label order preserved; replacement subsets nested across ratios; validation and test are real EEG,
success,vae_reconstruction_fixed_size_ratios_90_10_seed42,vae_replace_75pct_real,7,0,1,81,0.03448275862068961,0.11111111111111116,65,194,29,288,22,1000,real_vae_fixed_size_replacement,/home/jovyan/eeg-repro/high-gamma-data/data/processed/vae_repo_90_10_seed42/real_splits/S07_real_splits.npz,/home/jovyan/eeg-repro/high-gamma-data/data/generated/vae_repo_90_10_seed42/vae_reconstruction/S07_generator-seed0.npz,52.20117351040244,Fixed-size paired replacement; requested synthetic ratio=75%; real trials=65; synthetic trials=194; total trials=259; class counts and frozen label order preserved; replacement subsets nested across ratios; validation and test are real EEG,
success,vae_reconstruction_fixed_size_ratios_90_10_seed42,vae_replace_75pct_real,7,0,2,45,0.0,0.17013888888888884,65,194,29,288,22,1000,real_vae_fixed_size_replacement,/home/jovyan/eeg-repro/high-gamma-data/data/processed/vae_repo_90_10_seed42/real_splits/S07_real_splits.npz,/home/jovyan/eeg-repro/high-gamma-data/data/generated/vae_repo_90_10_seed42/vae_reconstruction/S07_generator-seed0.npz,48.62816430255771,Fixed-size paired replacement; requested synthetic ratio=75%; real trials=65; synthetic trials=194; total trials=259; class counts and frozen label order preserved; replacement subsets nested across ratios; validation and test are real EEG,
success,vae_reconstruction_fixed_size_ratios_90_10_seed42,vae_replace_75pct_real,7,1,0,79,0.03448275862068961,0.12152777777777779,65,194,29,288,22,1000,real_vae_fixed_size_replacement,/home/jovyan/eeg-repro/high-gamma-data/data/processed/vae_repo_90_10_seed42/real_splits/S07_real_splits.npz,/home/jovyan/eeg-repro/high-gamma-data/data/generated/vae_repo_90_10_seed42/vae_reconstruction/S07_generator-seed1.npz,50.74995480850339,Fixed-size paired replacement; requested synthetic ratio=75%; real trials=65; synthetic trials=194; total trials=259; class counts and frozen label order preserved; replacement subsets nested across ratios; validation and test are real EEG,
success,vae_reconstruction_fixed_size_ratios_90_10_seed42,vae_replace_75pct_real,7,1,1,95,0.03448275862068961,0.1527777777777778,65,194,29,288,22,1000,real_vae_fixed_size_replacement,/home/jovyan/eeg-repro/high-gamma-data/data/processed/vae_repo_90_10_seed42/real_splits/S07_real_splits.npz,/home/jovyan/eeg-repro/high-gamma-data/data/generated/vae_repo_90_10_seed42/vae_reconstruction/S07_generator-seed1.npz,61.83951026946306,Fixed-size paired replacement; requested synthetic ratio=75%; real trials=65; synthetic trials=194; total trials=259; class counts and frozen label order preserved; replacement subsets nested across ratios; validation and test are real EEG,
success,vae_reconstruction_fixed_size_ratios_90_10_seed42,vae_replace_75pct_real,7,1,2,56,0.0,0.2152777777777778,65,194,29,288,22,1000,real_vae_fixed_size_replacement,/home/jovyan/eeg-repro/high-gamma-data/data/processed/vae_repo_90_10_seed42/real_splits/S07_real_splits.npz,/home/jovyan/eeg-repro/high-gamma-data/data/generated/vae_repo_90_10_seed42/vae_reconstruction/S07_generator-seed1.npz,55.56540349498391,Fixed-size paired replacement; requested synthetic ratio=75%; real trials=65; synthetic trials=194; total trials=259; class counts and frozen label order preserved; replacement subsets nested across ratios; validation and test are real EEG,
success,vae_reconstruction_fixed_size_ratios_90_10_seed42,vae_replace_75pct_real,7,2,0,71,0.03448275862068961,0.10416666666666663,65,194,29,288,22,1000,real_vae_fixed_size_replacement,/home/jovyan/eeg-repro/high-gamma-data/data/processed/vae_repo_90_10_seed42/real_splits/S07_real_splits.npz,/home/jovyan/eeg-repro/high-gamma-data/data/generated/vae_repo_90_10_seed42/vae_reconstruction/S07_generator-seed2.npz,45.55219656974077,Fixed-size paired replacement; requested synthetic ratio=75%; real trials=65; synthetic trials=194; total trials=259; class counts and frozen label order preserved; replacement subsets nested across ratios; validation and test are real EEG,
success,vae_reconstruction_fixed_size_ratios_90_10_seed42,vae_replace_75pct_real,7,2,1,86,0.03448275862068961,0.16319444444444442,65,194,29,288,22,1000,real_vae_fixed_size_replacement,/home/jovyan/eeg-repro/high-gamma-data/data/processed/vae_repo_90_10_seed42/real_splits/S07_real_splits.npz,/home/jovyan/eeg-repro/high-gamma-data/data/generated/vae_repo_90_10_seed42/vae_reconstruction/S07_generator-seed2.npz,55.454617608338594,Fixed-size paired replacement; requested synthetic ratio=75%; real trials=65; synthetic trials=194; total trials=259; class counts and frozen label order preserved; replacement subsets nested across ratios; validation and test are real EEG,
success,vae_reconstruction_fixed_size_ratios_90_10_seed42,vae_replace_75pct_real,7,2,2,82,0.03448275862068961,0.1527777777777778,65,194,29,288,22,1000,real_vae_fixed_size_replacement,/home/jovyan/eeg-repro/high-gamma-data/data/processed/vae_repo_90_10_seed42/real_splits/S07_real_splits.npz,/home/jovyan/eeg-repro/high-gamma-data/data/generated/vae_repo_90_10_seed42/vae_reconstruction/S07_generator-seed2.npz,52.960285022854805,Fixed-size paired replacement; requested synthetic ratio=75%; real trials=65; synthetic trials=194; total trials=259; class counts and frozen label order preserved; replacement subsets nested across ratios; validation and test are real EEG,
success,vae_reconstruction_fixed_size_ratios_90_10_seed42,vae_replace_75pct_real,8,0,0,65,0.13793103448275867,0.1875,65,194,29,288,22,1000,real_vae_fixed_size_replacement,/home/jovyan/eeg-repro/high-gamma-data/data/processed/vae_repo_90_10_seed42/real_splits/S08_real_splits.npz,/home/jovyan/eeg-repro/high-gamma-data/data/generated/vae_repo_90_10_seed42/vae_reconstruction/S08_generator-seed0.npz,50.49859347939491,Fixed-size paired replacement; requested synthetic ratio=75%; real trials=65; synthetic trials=194; total trials=259; class counts and frozen label order preserved; replacement subsets nested across ratios; validation and test are real EEG,
success,vae_reconstruction_fixed_size_ratios_90_10_seed42,vae_replace_75pct_real,8,0,1,54,0.1724137931034483,0.21875,65,194,29,288,22,1000,real_vae_fixed_size_replacement,/home/jovyan/eeg-repro/high-gamma-data/data/processed/vae_repo_90_10_seed42/real_splits/S08_real_splits.npz,/home/jovyan/eeg-repro/high-gamma-data/data/generated/vae_repo_90_10_seed42/vae_reconstruction/S08_generator-seed0.npz,41.55165961757302,Fixed-size paired replacement; requested synthetic ratio=75%; real trials=65; synthetic trials=194; total trials=259; class counts and frozen label order preserved; replacement subsets nested across ratios; validation and test are real EEG,
success,vae_reconstruction_fixed_size_ratios_90_10_seed42,vae_replace_75pct_real,8,0,2,45,0.2068965517241379,0.20138888888888884,65,194,29,288,22,1000,real_vae_fixed_size_replacement,/home/jovyan/eeg-repro/high-gamma-data/data/processed/vae_repo_90_10_seed42/real_splits/S08_real_splits.npz,/home/jovyan/eeg-repro/high-gamma-data/data/generated/vae_repo_90_10_seed42/vae_reconstruction/S08_generator-seed0.npz,30.6697120629251,Fixed-size paired replacement; requested synthetic ratio=75%; real trials=65; synthetic trials=194; total trials=259; class counts and frozen label order preserved; replacement subsets nested across ratios; validation and test are real EEG,
success,vae_reconstruction_fixed_size_ratios_90_10_seed42,vae_replace_75pct_real,8,1,0,44,0.1724137931034483,0.1909722222222222,65,194,29,288,22,1000,real_vae_fixed_size_replacement,/home/jovyan/eeg-repro/high-gamma-data/data/processed/vae_repo_90_10_seed42/real_splits/S08_real_splits.npz,/home/jovyan/eeg-repro/high-gamma-data/data/generated/vae_repo_90_10_seed42/vae_reconstruction/S08_generator-seed1.npz,45.72214575111866,Fixed-size paired replacement; requested synthetic ratio=75%; real trials=65; synthetic trials=194; total trials=259; class counts and frozen label order preserved; replacement subsets nested across ratios; validation and test are real EEG,
success,vae_reconstruction_fixed_size_ratios_90_10_seed42,vae_replace_75pct_real,8,1,1,41,0.1724137931034483,0.23263888888888884,65,194,29,288,22,1000,real_vae_fixed_size_replacement,/home/jovyan/eeg-repro/high-gamma-data/data/processed/vae_repo_90_10_seed42/real_splits/S08_real_splits.npz,/home/jovyan/eeg-repro/high-gamma-data/data/generated/vae_repo_90_10_seed42/vae_reconstruction/S08_generator-seed1.npz,31.320312149822712,Fixed-size paired replacement; requested synthetic ratio=75%; real trials=65; synthetic trials=194; total trials=259; class counts and frozen label order preserved; replacement subsets nested across ratios; validation and test are real EEG,
success,vae_reconstruction_fixed_size_ratios_90_10_seed42,vae_replace_75pct_real,8,1,2,19,0.2068965517241379,0.21875,65,194,29,288,22,1000,real_vae_fixed_size_replacement,/home/jovyan/eeg-repro/high-gamma-data/data/processed/vae_repo_90_10_seed42/real_splits/S08_real_splits.npz,/home/jovyan/eeg-repro/high-gamma-data/data/generated/vae_repo_90_10_seed42/vae_reconstruction/S08_generator-seed1.npz,29.90323242172599,Fixed-size paired replacement; requested synthetic ratio=75%; real trials=65; synthetic trials=194; total trials=259; class counts and frozen label order preserved; replacement subsets nested across ratios; validation and test are real EEG,
success,vae_reconstruction_fixed_size_ratios_90_10_seed42,vae_replace_75pct_real,8,2,0,60,0.13793103448275867,0.23958333333333337,65,194,29,288,22,1000,real_vae_fixed_size_replacement,/home/jovyan/eeg-repro/high-gamma-data/data/processed/vae_repo_90_10_seed42/real_splits/S08_real_splits.npz,/home/jovyan/eeg-repro/high-gamma-data/data/generated/vae_repo_90_10_seed42/vae_reconstruction/S08_generator-seed2.npz,55.53493932634592,Fixed-size paired replacement; requested synthetic ratio=75%; real trials=65; synthetic trials=194; total trials=259; class counts and frozen label order preserved; replacement subsets nested across ratios; validation and test are real EEG,
success,vae_reconstruction_fixed_size_ratios_90_10_seed42,vae_replace_75pct_real,8,2,1,41,0.1724137931034483,0.2465277777777778,65,194,29,288,22,1000,real_vae_fixed_size_replacement,/home/jovyan/eeg-repro/high-gamma-data/data/processed/vae_repo_90_10_seed42/real_splits/S08_real_splits.npz,/home/jovyan/eeg-repro/high-gamma-data/data/generated/vae_repo_90_10_seed42/vae_reconstruction/S08_generator-seed2.npz,31.75606169551611,Fixed-size paired replacement; requested synthetic ratio=75%; real trials=65; synthetic trials=194; total trials=259; class counts and frozen label order preserved; replacement subsets nested across ratios; validation and test are real EEG,
success,vae_reconstruction_fixed_size_ratios_90_10_seed42,vae_replace_75pct_real,8,2,2,17,0.1724137931034483,0.2569444444444444,65,194,29,288,22,1000,real_vae_fixed_size_replacement,/home/jovyan/eeg-repro/high-gamma-data/data/processed/vae_repo_90_10_seed42/real_splits/S08_real_splits.npz,/home/jovyan/eeg-repro/high-gamma-data/data/generated/vae_repo_90_10_seed42/vae_reconstruction/S08_generator-seed2.npz,30.697858419269323,Fixed-size paired replacement; requested synthetic ratio=75%; real trials=65; synthetic trials=194; total trials=259; class counts and frozen label order preserved; replacement subsets nested across ratios; validation and test are real EEG,
success,vae_reconstruction_fixed_size_ratios_90_10_seed42,vae_replace_75pct_real,9,0,0,74,0.03448275862068961,0.24305555555555558,64,195,29,288,22,1000,real_vae_fixed_size_replacement,/home/jovyan/eeg-repro/high-gamma-data/data/processed/vae_repo_90_10_seed42/real_splits/S09_real_splits.npz,/home/jovyan/eeg-repro/high-gamma-data/data/generated/vae_repo_90_10_seed42/vae_reconstruction/S09_generator-seed0.npz,48.63199874013662,Fixed-size paired replacement; requested synthetic ratio=75%; real trials=64; synthetic trials=195; total trials=259; class counts and frozen label order preserved; replacement subsets nested across ratios; validation and test are real EEG,
success,vae_reconstruction_fixed_size_ratios_90_10_seed42,vae_replace_75pct_real,9,0,1,72,0.06896551724137934,0.23263888888888884,64,195,29,288,22,1000,real_vae_fixed_size_replacement,/home/jovyan/eeg-repro/high-gamma-data/data/processed/vae_repo_90_10_seed42/real_splits/S09_real_splits.npz,/home/jovyan/eeg-repro/high-gamma-data/data/generated/vae_repo_90_10_seed42/vae_reconstruction/S09_generator-seed0.npz,47.72250383347273,Fixed-size paired replacement; requested synthetic ratio=75%; real trials=64; synthetic trials=195; total trials=259; class counts and frozen label order preserved; replacement subsets nested across ratios; validation and test are real EEG,
success,vae_reconstruction_fixed_size_ratios_90_10_seed42,vae_replace_75pct_real,9,0,2,40,0.10344827586206895,0.2465277777777778,64,195,29,288,22,1000,real_vae_fixed_size_replacement,/home/jovyan/eeg-repro/high-gamma-data/data/processed/vae_repo_90_10_seed42/real_splits/S09_real_splits.npz,/home/jovyan/eeg-repro/high-gamma-data/data/generated/vae_repo_90_10_seed42/vae_reconstruction/S09_generator-seed0.npz,32.78460270911455,Fixed-size paired replacement; requested synthetic ratio=75%; real trials=64; synthetic trials=195; total trials=259; class counts and frozen label order preserved; replacement subsets nested across ratios; validation and test are real EEG,
success,vae_reconstruction_fixed_size_ratios_90_10_seed42,vae_replace_75pct_real,9,1,0,73,0.03448275862068961,0.23611111111111116,64,195,29,288,22,1000,real_vae_fixed_size_replacement,/home/jovyan/eeg-repro/high-gamma-data/data/processed/vae_repo_90_10_seed42/real_splits/S09_real_splits.npz,/home/jovyan/eeg-repro/high-gamma-data/data/generated/vae_repo_90_10_seed42/vae_reconstruction/S09_generator-seed1.npz,50.50729062408209,Fixed-size paired replacement; requested synthetic ratio=75%; real trials=64; synthetic trials=195; total trials=259; class counts and frozen label order preserved; replacement subsets nested across ratios; validation and test are real EEG,
success,vae_reconstruction_fixed_size_ratios_90_10_seed42,vae_replace_75pct_real,9,1,1,81,0.03448275862068961,0.2534722222222222,64,195,29,288,22,1000,real_vae_fixed_size_replacement,/home/jovyan/eeg-repro/high-gamma-data/data/processed/vae_repo_90_10_seed42/real_splits/S09_real_splits.npz,/home/jovyan/eeg-repro/high-gamma-data/data/generated/vae_repo_90_10_seed42/vae_reconstruction/S09_generator-seed1.npz,64.93374341353774,Fixed-size paired replacement; requested synthetic ratio=75%; real trials=64; synthetic trials=195; total trials=259; class counts and frozen label order preserved; replacement subsets nested across ratios; validation and test are real EEG,
success,vae_reconstruction_fixed_size_ratios_90_10_seed42,vae_replace_75pct_real,9,1,2,55,0.10344827586206895,0.22569444444444442,64,195,29,288,22,1000,real_vae_fixed_size_replacement,/home/jovyan/eeg-repro/high-gamma-data/data/processed/vae_repo_90_10_seed42/real_splits/S09_real_splits.npz,/home/jovyan/eeg-repro/high-gamma-data/data/generated/vae_repo_90_10_seed42/vae_reconstruction/S09_generator-seed1.npz,38.909707710146904,Fixed-size paired replacement; requested synthetic ratio=75%; real trials=64; synthetic trials=195; total trials=259; class counts and frozen label order preserved; replacement subsets nested across ratios; validation and test are real EEG,
success,vae_reconstruction_fixed_size_ratios_90_10_seed42,vae_replace_75pct_real,9,2,0,82,0.03448275862068961,0.2465277777777778,64,195,29,288,22,1000,real_vae_fixed_size_replacement,/home/jovyan/eeg-repro/high-gamma-data/data/processed/vae_repo_90_10_seed42/real_splits/S09_real_splits.npz,/home/jovyan/eeg-repro/high-gamma-data/data/generated/vae_repo_90_10_seed42/vae_reconstruction/S09_generator-seed2.npz,64.31075269728899,Fixed-size paired replacement; requested synthetic ratio=75%; real trials=64; synthetic trials=195; total trials=259; class counts and frozen label order preserved; replacement subsets nested across ratios; validation and test are real EEG,
success,vae_reconstruction_fixed_size_ratios_90_10_seed42,vae_replace_75pct_real,9,2,1,69,0.06896551724137934,0.23958333333333337,64,195,29,288,22,1000,real_vae_fixed_size_replacement,/home/jovyan/eeg-repro/high-gamma-data/data/processed/vae_repo_90_10_seed42/real_splits/S09_real_splits.npz,/home/jovyan/eeg-repro/high-gamma-data/data/generated/vae_repo_90_10_seed42/vae_reconstruction/S09_generator-seed2.npz,47.69705096259713,Fixed-size paired replacement; requested synthetic ratio=75%; real trials=64; synthetic trials=195; total trials=259; class counts and frozen label order preserved; replacement subsets nested across ratios; validation and test are real EEG,
success,vae_reconstruction_fixed_size_ratios_90_10_seed42,vae_replace_75pct_real,9,2,2,80,0.06896551724137934,0.22916666666666663,64,195,29,288,22,1000,real_vae_fixed_size_replacement,/home/jovyan/eeg-repro/high-gamma-data/data/processed/vae_repo_90_10_seed42/real_splits/S09_real_splits.npz,/home/jovyan/eeg-repro/high-gamma-data/data/generated/vae_repo_90_10_seed42/vae_reconstruction/S09_generator-seed2.npz,51.878540351986885,Fixed-size paired replacement; requested synthetic ratio=75%; real trials=64; synthetic trials=195; total trials=259; class counts and frozen label order preserved; replacement subsets nested across ratios; validation and test are real EEG,
